FOLIO_I,sexo,sexo_txt,edad,peso_kg,talla_cm,imc,cintura_cm,cintura_talla,fuente_antropometria,tas_mmhg,sueno_categoria,actividad_min_semana,valor_hemoglobina_glucosilada,resultado_glucosa,resultado_glucosa_promedio,valor_insulina,valor_colesterol_total,valor_colesterol_hdl,valor_colesterol_ldl,valor_trigliceridos,valor_acido_urico,valor_creatina,valor_albumina,concentracion_hemoglobina,valor_ferritina,valor_folato,valor_homocisteina,valor_proteinac_reactiva,valor_transferrina,valor_vitamina_bdoce,valor_vitamina_d,riesgo_hipertension,diabetes_hba1c,disglucemia_hba1c,apto_modelo_diabetes
2022_01001004,2,mujer,41,74.55,147.3,34.36,,,modulo_1,107.0,4.0,120.0,,,,,,,,,,,,,,,,,,,,1,,,False
2022_01001009,2,mujer,65,96.75,152.2,41.77,113.7,0.747,modulo_2,104.0,2.0,240.0,6.2,111.0,131.0,9.4,252.0,73.0,130.0,131.0,4.4,0.62,3.8,14.1,,,,,,,,0,0.0,1.0,True
2022_01001012,2,mujer,68,68.7,144.8,32.77,103.7,0.716,modulo_2,105.0,1.0,480.0,,,,,,,,,,,,,,,,,,,,0,,,False
2022_01001013,1,hombre,35,81.5,173.4,27.11,98.5,0.568,modulo_1,117.0,5.0,275.0,5.3,106.0,105.0,7.4,203.0,49.0,107.0,297.0,6.5,0.91,4.1,15.7,,,,,,,,1,0.0,0.0,True
2022_01001015,2,mujer,65,97.15,161.3,37.34,118.9,0.737,modulo_2,123.0,2.0,255.0,7.0,109.0,154.0,16.9,145.0,41.0,76.0,136.0,4.2,0.71,4.2,12.7,,,,,,,,0,1.0,1.0,True
2022_01001017,2,mujer,70,96.0,150.0,42.67,,,modulo_2,149.0,3.0,775.0,,,,,,,,,,,,,,,,,,,,0,,,False
2022_01001024,2,mujer,30,104.35,160.5,40.51,118.4,0.738,modulo_1,119.0,2.0,300.0,5.9,98.0,123.0,18.1,139.0,42.0,84.0,121.0,4.6,0.65,3.8,13.8,44.0,10.6,6.94,2.38,1.1,370.0,16.5,1,0.0,1.0,True
2022_01001034,2,mujer,29,61.05,154.0,25.74,90.5,0.588,modulo_1,113.0,3.0,600.0,,,,,,,,,,,,,,,,,,,,1,,,False
2022_01001036,1,hombre,58,63.65,155.2,26.42,91.4,0.589,modulo_1,102.0,4.0,740.0,,,,,,,,,,,,,,,,,,,,1,,,False
2022_01001041,2,mujer,62,102.45,134.2,56.89,134.2,1.0,modulo_2,111.0,2.0,150.0,7.4,204.0,166.0,10.0,236.0,44.0,133.0,275.0,4.4,0.66,3.8,14.5,,,,,,,,1,1.0,1.0,True
2022_01001057,2,mujer,48,103.75,156.7,42.25,122.4,0.781,modulo_1,128.0,2.0,960.0,5.6,101.0,114.0,14.9,168.0,29.0,118.0,117.0,8.1,0.69,4.0,15.5,57.3,14.1,9.76,0.21,0.8,129.0,14.3,1,0.0,0.0,True
2022_01001072,2,mujer,35,86.45,168.9,30.3,,,modulo_1,110.0,4.0,260.0,,,,,,,,,,,,16.6,14.7,17.3,5.42,1.41,1.1,164.0,19.2,1,,,False
2022_01001077,2,mujer,32,60.05,160.0,23.46,79.1,0.494,modulo_1,83.0,4.0,290.0,,,,,,,,,,,,,,,,,,,,0,,,False
2022_01001079,2,mujer,43,71.85,157.4,29.0,91.4,0.581,modulo_1,126.0,4.0,105.0,5.2,92.0,103.0,11.0,161.0,45.0,91.0,146.0,3.4,0.6,4.0,12.5,19.4,13.8,6.87,0.28,1.2,298.0,12.0,1,0.0,0.0,True
2022_01001081,2,mujer,60,64.7,153.4,27.49,92.4,0.602,modulo_2,119.0,4.0,70.0,5.0,91.0,97.0,5.0,229.0,48.0,142.0,134.0,4.1,0.49,3.4,13.6,,,,,,,,1,0.0,0.0,True
2022_01001083,2,mujer,49,79.45,157.0,32.23,97.0,0.618,modulo_1,110.0,1.0,470.0,,,,,,,,,,,,,,,,,,,,1,,,False
2022_01001085,2,mujer,28,50.05,151.0,21.95,77.5,0.513,modulo_1,108.0,4.0,480.0,4.4,89.0,80.0,6.1,169.0,67.0,169.0,50.0,3.9,0.54,4.5,13.6,12.0,19.5,7.39,0.13,1.2,249.0,20.7,0,0.0,0.0,True
2022_01001089,2,mujer,27,50.65,160.1,19.76,75.8,0.473,modulo_1,99.0,4.0,300.0,,,,,,,,,,,,,,,,,,,,0,,,False
2022_01001093,1,hombre,62,83.35,172.3,28.08,90.0,0.522,modulo_1,90.0,2.0,770.0,,,,,,,,,,,,,,,,,,,,0,,,False
2022_01001106,2,mujer,64,63.85,147.3,29.43,98.0,0.665,modulo_2,118.0,3.0,240.0,5.4,77.0,108.0,4.7,249.0,82.0,140.0,106.0,5.6,0.57,4.4,13.0,,,,,,,,0,0.0,0.0,True
2022_01001109,2,mujer,55,69.2,163.8,25.79,80.2,0.49,modulo_1,139.0,4.0,210.0,4.9,75.0,94.0,7.1,128.0,40.0,76.0,59.0,2.9,0.72,3.6,12.9,,,,,,,,1,0.0,0.0,True
2022_01001116,2,mujer,59,65.55,159.0,25.93,89.0,0.56,modulo_1,121.0,2.0,390.0,,,,,,,,,,,,,,,,,,,,1,,,False
2022_01001117,1,hombre,60,83.55,182.5,25.09,95.1,0.521,modulo_2,140.0,3.0,380.0,5.4,92.0,108.0,9.5,340.0,51.0,237.0,190.0,6.6,0.94,4.5,15.9,,,,,,,,0,0.0,0.0,True
2022_01001120,2,mujer,61,79.8,156.8,32.46,113.4,0.723,modulo_2,116.0,4.0,240.0,,,,,,,,,,,,,,,,,,,,0,,,False
2022_01001136,1,hombre,26,63.65,183.8,18.84,77.6,0.422,modulo_1,114.0,3.0,660.0,4.6,80.0,85.0,2.2,129.0,39.0,73.0,67.0,7.1,0.87,4.0,17.1,,,,,,,,0,0.0,0.0,True
2022_01001148,1,hombre,46,60.7,160.7,23.5,88.1,0.548,modulo_1,119.0,3.0,920.0,4.4,76.0,80.0,27.2,132.0,38.0,65.0,325.0,5.7,0.85,4.8,14.5,,,,,,,,0,0.0,0.0,True
2022_01001150,2,mujer,32,64.15,149.5,28.7,98.5,0.659,modulo_1,106.0,3.0,195.0,,,,,,,,,,,,14.3,26.0,9.9,12.85,0.32,1.1,255.0,28.3,1,,,False
2022_01001151,2,mujer,52,77.6,151.0,34.03,,,modulo_1,119.0,4.0,500.0,,,,,,,,,,,,,,,,,,,,1,,,False
2022_01001154,2,mujer,23,49.85,150.0,22.16,,,modulo_1,115.0,1.0,740.0,,,,,,,,,,,,,,,,,,,,0,,,False
2022_01001155,2,mujer,49,76.2,168.8,26.74,95.4,0.565,modulo_1,122.0,3.0,780.0,5.4,97.0,108.0,32.0,162.0,47.0,86.0,129.0,4.2,0.82,4.0,14.1,17.5,21.9,9.34,0.16,0.9,109.0,21.0,1,0.0,0.0,True
2022_01001184,2,mujer,57,67.95,161.9,25.92,86.6,0.535,modulo_1,95.0,3.0,565.0,,,,,,,,,,,,,,,,,,,,0,,,False
2022_01001186,1,hombre,42,65.4,165.6,23.85,,,modulo_1,115.0,4.0,570.0,,,,,,,,,,,,,,,,,,,,0,,,False
2022_01001188,2,mujer,66,75.45,152.6,32.4,102.6,0.672,modulo_2,109.0,2.0,270.0,5.5,112.0,111.0,14.0,234.0,48.0,164.0,138.0,5.9,0.64,4.3,15.0,,,,,,,,1,0.0,0.0,True
2022_01001192,2,mujer,63,64.7,145.2,30.69,98.7,0.68,modulo_2,142.0,4.0,420.0,5.3,89.0,105.0,9.3,196.0,48.0,120.0,131.0,6.2,0.85,4.1,12.9,,,,,,,,0,0.0,0.0,True
2022_01001194,2,mujer,43,74.55,156.5,30.44,81.5,0.521,modulo_1,106.0,4.0,460.0,,,,,,,,,,,,15.3,25.6,14.6,8.71,0.26,0.8,471.0,15.1,1,,,False
2022_01001203,2,mujer,39,71.8,153.0,30.67,105.0,0.686,modulo_1,105.0,2.0,410.0,,,,,,,,,,,,,,,,,,,,1,,,False
2022_01001204,1,hombre,28,83.9,171.0,28.69,96.0,0.561,modulo_1,117.0,2.0,930.0,,,,,,,,,,,,,,,,,,,,1,,,False
2022_01001205,2,mujer,60,75.55,150.5,33.36,107.0,0.711,modulo_2,138.0,3.0,310.0,,,,,,,,,,,,,,,,,,,,0,,,False
2022_01001207,2,mujer,61,47.85,139.5,24.59,,,modulo_2,101.0,5.0,720.0,4.8,119.0,91.0,7.9,223.0,89.0,88.0,107.0,4.6,0.83,4.0,12.3,,,,,,,,0,0.0,0.0,True
2022_01001209,2,mujer,18,69.75,160.4,27.11,,,modulo_1,115.0,4.0,660.0,,,,,,,,,,,,16.0,13.5,11.6,7.76,0.05,1.4,171.0,24.2,1,,,False
2022_01001216,2,mujer,58,83.25,156.8,33.86,114.7,0.732,modulo_1,111.0,4.0,70.0,,,,,,,,,,,,,,,,,,,,1,,,False
2022_01001217,2,mujer,62,59.6,152.8,25.53,89.1,0.583,modulo_2,120.0,4.0,255.0,,,,,,,,,,,,,,,,,,,,0,,,False
2022_01001218,2,mujer,34,77.9,162.6,29.46,99.6,0.613,modulo_1,99.0,2.0,215.0,5.3,95.0,105.0,9.8,149.0,49.0,88.0,94.0,7.2,1.01,4.3,6.0,70.4,17.4,9.26,10.78,1.1,545.0,40.2,0,0.0,0.0,True
2022_01001224,2,mujer,28,59.1,148.6,26.76,86.4,0.581,modulo_1,105.0,4.0,780.0,4.4,82.0,80.0,11.2,114.0,42.0,62.0,63.0,5.3,0.59,4.4,14.4,16.5,10.7,6.12,1.36,1.4,268.0,18.2,1,0.0,0.0,True
2022_01001225,2,mujer,35,65.8,164.7,24.26,88.2,0.536,modulo_1,125.0,4.0,435.0,,,,,,,,,,,,15.5,307.0,37.6,8.04,0.07,0.9,189.0,18.7,0,,,False
2022_01001226,2,mujer,43,102.85,162.2,39.09,123.0,0.758,modulo_1,130.0,5.0,315.0,,,,,,,,,,,,15.3,25.8,14.3,8.69,1.09,1.7,159.0,21.9,1,,,False
2022_01001228,1,hombre,20,64.3,182.2,19.37,75.7,0.415,modulo_1,111.0,5.0,630.0,,,,,,,,,,,,,,,,,,,,0,,,False
2022_01002001,2,mujer,46,70.3,154.1,29.6,92.3,0.599,modulo_1,94.0,4.0,361.0,5.0,84.0,97.0,10.2,174.0,49.0,91.0,153.0,4.1,0.54,4.0,14.2,16.1,7.8,10.16,0.39,1.6,280.0,22.4,0,0.0,0.0,True
2022_01002002,2,mujer,18,46.25,153.6,19.6,,,modulo_1,115.0,3.0,795.0,,,,,,,,,,,,,,,,,,,,0,,,False
2022_01002006,2,mujer,48,78.9,160.8,30.51,105.3,0.655,modulo_1,112.0,4.0,120.0,,,,,,,,,,,,18.4,20.4,16.2,8.6,1.6,2.0,148.0,28.9,1,,,False
2022_01002011,2,mujer,19,43.15,158.0,17.28,,,modulo_1,115.0,5.0,310.0,,,,,,,,,,,,14.7,26.5,19.3,6.5,0.03,1.2,194.0,23.3,0,,,False
2022_01002012,2,mujer,29,70.3,150.5,31.04,94.5,0.628,modulo_1,90.0,3.0,595.0,4.8,68.0,91.0,24.2,175.0,46.0,103.0,221.0,4.2,0.76,4.5,15.2,13.6,15.6,12.69,0.1,1.1,123.0,25.7,0,0.0,0.0,True
2022_01002019,1,hombre,61,83.65,159.0,33.09,114.3,0.719,modulo_2,124.0,3.0,390.0,5.7,110.0,117.0,9.3,165.0,53.0,87.0,64.0,4.8,0.86,4.5,13.5,,,,,,,,0,0.0,1.0,True
2022_01002021,2,mujer,47,57.2,155.9,23.53,84.9,0.545,modulo_1,191.0,4.0,240.0,,,,,,,,,,,,13.4,3.1,16.9,5.44,0.57,2.3,5969.0,31.3,0,,,False
2022_01002024,1,hombre,33,81.0,167.2,28.97,91.5,0.547,modulo_1,127.0,4.0,750.0,5.1,110.0,100.0,9.3,165.0,53.0,87.0,64.0,4.8,0.86,4.5,16.4,,,,,,,,1,0.0,0.0,True
2022_01002025,2,mujer,51,65.4,157.8,26.26,92.8,0.588,modulo_1,143.0,2.0,660.0,,,,,,,,,,,,,,,,,,,,1,,,False
2022_01002026,2,mujer,49,91.15,156.3,37.31,118.5,0.758,modulo_1,147.0,4.0,862.0,,,,,,,,,,,,,,,,,,,,1,,,False
2022_01002027,1,hombre,51,66.7,171.5,22.68,92.2,0.538,modulo_1,121.0,2.0,700.0,,,,,,,,,,,,,,,,,,,,0,,,False
2022_01002028,1,hombre,16,62.25,174.6,20.42,,,modulo_1,115.0,4.0,780.0,,,,,,,,,,,,,,,,,,,,0,,,False
2022_01005015,2,mujer,26,59.7,159.6,23.44,74.5,0.467,modulo_1,98.0,2.0,675.0,,,,,,,,,,,,13.9,45.9,13.4,6.18,0.12,0.9,198.0,18.6,0,,,False
2022_01005017,1,hombre,21,90.25,176.4,29.0,94.8,0.537,modulo_1,111.0,4.0,360.0,,,,,,,,,,,,,,,,,,,,1,,,False
2022_01005019,2,mujer,22,88.2,162.2,33.52,,,modulo_1,93.0,3.0,600.0,,,,,,,,,,,,,,,,,,,,0,,,False
2022_01005029,2,mujer,38,64.7,162.7,24.44,86.5,0.532,modulo_1,125.0,4.0,310.0,,,,,,,,,,,,,,,,,,,,0,,,False
2022_01006001,1,hombre,52,72.4,172.4,24.36,77.4,0.449,modulo_1,120.0,4.0,1260.0,,,,,,,,,,,,,,,,,,,,0,,,False
2022_01006002,1,hombre,39,115.45,171.5,39.25,125.9,0.734,modulo_1,147.0,2.0,1200.0,6.6,127.0,143.0,27.9,134.0,23.0,75.0,319.0,4.8,0.57,3.2,16.8,,,,,,,,1,1.0,1.0,True
2022_01006006,2,mujer,60,62.25,152.3,26.84,98.6,0.647,modulo_2,134.0,3.0,240.0,,,,,,,,,,,,,,,,,,,,0,,,False
2022_01006010,2,mujer,21,51.85,159.1,20.48,73.8,0.464,modulo_1,112.0,2.0,540.0,5.1,81.0,100.0,4.6,120.0,44.0,66.0,101.0,4.2,0.59,3.5,14.4,23.9,12.2,5.79,0.11,1.3,772.0,18.4,0,0.0,0.0,True
2022_01006011,1,hombre,16,48.95,158.9,19.39,,,modulo_1,115.0,2.0,360.0,,,,,,,,,,,,,,,,,,,,0,,,False
2022_01006013,1,hombre,34,72.3,169.8,25.08,95.1,0.56,modulo_1,126.0,5.0,1320.0,4.5,87.0,82.0,7.5,225.0,46.0,157.0,125.0,6.4,0.8,4.6,18.1,,,,,,,,1,0.0,0.0,True
2022_01006016,2,mujer,29,67.35,162.5,25.51,,,modulo_1,99.0,2.0,570.0,,,,,,,,,,,,,,,,,,,,0,,,False
2022_01006018,2,mujer,39,68.3,146.1,32.0,87.1,0.596,modulo_1,128.0,4.0,315.0,6.5,132.0,140.0,4.7,143.0,40.0,81.0,141.0,4.5,0.52,4.0,12.8,14.3,10.3,7.83,1.68,0.9,187.0,29.5,1,1.0,1.0,True
2022_01006020,2,mujer,26,65.45,158.0,26.22,84.5,0.535,modulo_1,127.0,3.0,440.0,4.3,85.0,77.0,5.4,143.0,49.0,75.0,66.0,4.3,0.56,4.0,13.4,15.3,14.9,3.71,0.26,1.1,328.0,22.3,1,0.0,0.0,True
2022_01006024,2,mujer,44,70.2,159.5,27.59,88.0,0.552,modulo_1,140.0,4.0,480.0,,,,,,,,,,,,,,,,,,,,1,,,False
2022_01009001,1,hombre,66,103.25,151.1,45.22,127.6,0.844,modulo_1,114.0,3.0,640.0,,,,,,,,,,,,,,,,,,,,1,,,False
2022_01009004,1,hombre,54,71.1,156.3,29.1,103.3,0.661,modulo_1,121.0,4.0,540.0,,,,,,,,,,,,,,,,,,,,1,,,False
2022_01009005,2,mujer,34,78.55,154.6,32.86,107.1,0.693,modulo_1,95.0,4.0,255.0,5.9,103.0,123.0,8.2,237.0,49.0,169.0,125.0,6.4,0.8,4.0,13.5,23.8,13.0,10.4,0.59,1.5,122.0,30.3,1,0.0,1.0,True
2022_01009006,2,mujer,55,89.25,149.0,40.2,123.0,0.826,modulo_1,106.0,2.0,250.0,8.1,139.0,186.0,30.5,132.0,38.0,78.0,128.0,6.1,0.66,4.2,13.9,,,,,,,,1,1.0,1.0,True
2022_01009011,2,mujer,35,70.1,158.2,28.01,87.3,0.552,modulo_1,107.0,2.0,330.0,4.9,95.0,94.0,33.9,121.0,32.0,55.0,233.0,4.6,0.7,3.9,15.9,66.6,6.4,27.54,0.46,1.5,94.0,18.2,1,0.0,0.0,True
2022_01009013,2,mujer,50,108.15,150.1,48.0,128.6,0.857,modulo_1,142.0,3.0,440.0,6.7,147.0,146.0,19.0,176.0,44.0,100.0,235.0,4.5,0.73,4.1,15.7,,,,,,,,1,1.0,1.0,True
2022_01009015,1,hombre,54,92.45,166.6,33.31,112.3,0.674,modulo_1,139.0,4.0,910.0,,,,,,,,,,,,,,,,,,,,1,,,False
2022_01009019,1,hombre,73,111.15,169.8,38.55,130.5,0.769,modulo_2,151.0,4.0,450.0,,,,,,,,,,,,,,,,,,,,0,,,False
2022_01009024,1,hombre,67,72.6,172.2,24.48,94.4,0.548,modulo_2,132.0,4.0,720.0,5.1,88.0,100.0,2.4,201.0,42.0,108.0,336.0,4.5,0.9,4.7,16.6,,,,,,,,1,0.0,0.0,True
2022_01009029,1,hombre,61,122.75,177.9,38.79,129.4,0.727,modulo_2,153.0,4.0,540.0,5.5,95.0,111.0,51.6,178.0,36.0,100.0,204.0,5.6,0.85,4.3,17.2,,,,,,,,0,0.0,0.0,True
2022_01009030,2,mujer,42,76.75,161.9,29.28,94.8,0.586,modulo_1,111.0,3.0,680.0,5.1,62.0,100.0,35.0,73.0,22.0,55.0,113.0,1.8,0.23,1.5,14.4,77.2,10.4,6.47,0.48,1.3,284.0,25.6,1,0.0,0.0,True
2022_02001002,1,hombre,28,59.45,165.4,21.73,75.4,0.456,modulo_1,,5.0,1080.0,,,,,,,,,,,,,,,,,,,,0,,,False
2022_02001003,1,hombre,68,82.3,166.6,29.65,102.8,0.617,modulo_2,115.0,4.0,375.0,,,,,,,,,,,,,,,,,,,,0,,,False
2022_02001010,2,mujer,53,77.15,155.4,31.95,,,modulo_1,136.0,1.0,205.0,,,,,,,,,,,,,,,,,,,,1,,,False
2022_02001025,2,mujer,59,86.5,161.3,33.25,108.9,0.675,modulo_1,151.0,4.0,300.0,,,,,,,,,,,,,,,,,,,,1,,,False
2022_02001026,2,mujer,50,90.55,155.1,37.64,106.7,0.688,modulo_1,130.0,4.0,480.0,,,,,,,,,,,,,,,,,,,,1,,,False
2022_02001028,2,mujer,46,92.7,150.2,41.09,118.8,0.791,modulo_1,143.0,3.0,240.0,5.0,90.0,97.0,9.9,144.0,43.0,108.0,83.0,3.5,0.59,3.4,14.6,65.1,9.6,7.06,2.86,0.4,922.0,21.2,1,0.0,0.0,True
2022_02001029,1,hombre,32,96.6,168.7,33.94,107.7,0.638,modulo_1,119.0,4.0,360.0,,,,,,,,,,,,,,,,,,,,1,,,False
2022_02001031,2,mujer,27,59.15,154.9,24.65,77.4,0.5,modulo_1,109.0,3.0,720.0,5.2,93.0,103.0,5.5,93.0,46.0,56.0,49.0,3.4,0.51,2.9,12.9,18.5,12.5,6.62,0.06,0.9,164.0,16.1,1,0.0,0.0,True
2022_02001033,2,mujer,52,71.7,161.3,27.56,102.3,0.634,modulo_1,167.0,4.0,450.0,,,,,,,,,,,,,,,,,,,,1,,,False
2022_02001034,2,mujer,41,52.65,160.4,20.46,,,modulo_1,115.0,2.0,210.0,,,,,,,,,,,,,,,,,,,,0,,,False
2022_02001035,2,mujer,23,56.6,162.5,21.43,75.9,0.467,modulo_1,97.0,5.0,490.0,,,,,,,,,,,,,,,,,,,,0,,,False
2022_02001039,2,mujer,38,87.3,160.5,33.89,109.5,0.682,modulo_1,107.0,4.0,120.0,,,,,,,,,,,,,,,,,,,,1,,,False
2022_02001042,2,mujer,44,115.0,155.1,47.81,119.9,0.773,modulo_1,121.0,3.0,1080.0,,,,,,,,,,,,,,,,,,,,1,,,False
2022_02001046,2,mujer,49,81.25,154.2,34.17,86.4,0.56,modulo_1,122.0,3.0,840.0,,,,,,,,,,,,,,,,,,,,1,,,False
2022_02001049,1,hombre,49,81.8,157.2,33.1,94.7,0.602,modulo_1,134.0,4.0,1320.0,,,,,,,,,,,,,,,,,,,,1,,,False
2022_02001051,2,mujer,40,52.25,151.8,22.67,73.9,0.487,modulo_1,116.0,4.0,480.0,,,,,,,,,,,,,,,,,,,,0,,,False
2022_02001059,1,hombre,56,88.5,171.3,30.16,109.6,0.64,modulo_1,135.0,2.0,320.0,5.4,104.0,108.0,9.9,224.0,44.0,150.0,129.0,6.0,0.89,3.9,15.5,,,,,,,,1,0.0,0.0,True
2022_02001061,2,mujer,37,69.75,160.9,26.94,98.6,0.613,modulo_1,125.0,4.0,280.0,,,,,,,,,,,,,,,,,,,,1,,,False
2022_02001064,1,hombre,55,96.3,176.8,30.81,108.7,0.615,modulo_1,128.0,1.0,460.0,5.1,94.0,100.0,13.6,159.0,51.0,100.0,101.0,4.4,0.71,3.9,14.3,,,,,,,,1,0.0,0.0,True
2022_02002003,2,mujer,52,70.25,161.2,27.03,97.5,0.605,modulo_1,99.0,5.0,260.0,5.1,101.0,100.0,20.6,224.0,56.0,151.0,170.0,5.1,0.89,3.6,13.4,,,,,,,,0,0.0,0.0,True
2022_02002008,2,mujer,63,55.7,168.4,19.64,79.4,0.471,modulo_2,100.0,4.0,220.0,,,,,,,,,,,,,,,,,,,,0,,,False
2022_02002009,2,mujer,45,74.05,146.9,34.31,93.2,0.634,modulo_1,101.0,3.0,280.0,,,,,,,,,,,,,,,,,,,,1,,,False
2022_02002029,1,hombre,31,57.3,162.4,21.73,73.4,0.452,modulo_1,,3.0,300.0,,,,,,,,,,,,,,,,,,,,0,,,False
2022_02002033,2,mujer,55,82.8,159.7,32.47,109.7,0.687,modulo_1,117.0,4.0,360.0,,,,,,,,,,,,,,,,,,,,1,,,False
2022_02002038,1,hombre,55,101.7,176.2,32.76,112.3,0.637,modulo_1,140.0,4.0,960.0,,,,,,,,,,,,,,,,,,,,1,,,False
2022_02002039,1,hombre,33,60.6,143.2,29.55,93.1,0.65,modulo_1,140.0,2.0,300.0,,,,,,,,,,,,,,,,,,,,1,,,False
2022_02002041,1,hombre,52,108.2,169.0,37.88,120.4,0.712,modulo_1,135.0,2.0,1028.0,,,,,,,,,,,,,,,,,,,,1,,,False
2022_02002042,1,hombre,34,100.1,180.9,30.59,101.8,0.563,modulo_1,135.0,4.0,840.0,,,,,,,,,,,,,,,,,,,,1,,,False
2022_02002044,1,hombre,51,76.3,162.3,28.97,,,modulo_1,96.0,2.0,40.0,,,,,,,,,,,,,,,,,,,,1,,,False
2022_02002048,1,hombre,45,100.0,172.2,33.72,,,modulo_1,115.0,4.0,330.0,,,,,,,,,,,,,,,,,,,,1,,,False
2022_02002049,1,hombre,48,123.52,174.5,40.56,128.4,0.736,modulo_1,106.0,4.0,240.0,,,,,,,,,,,,,,,,,,,,1,,,False
2022_02002052,2,mujer,35,98.7,159.4,38.85,125.2,0.785,modulo_1,105.0,2.0,120.0,,,,,,,,,,,,,,,,,,,,1,,,False
2022_02002055,2,mujer,53,55.9,151.4,24.39,,,modulo_1,121.0,3.0,540.0,,,,,,,,,,,,,,,,,,,,0,,,False
2022_02002056,2,mujer,59,71.85,157.2,29.08,101.6,0.646,modulo_1,124.0,4.0,310.0,,,,,,,,,,,,,,,,,,,,1,,,False
2022_02002058,1,hombre,49,88.75,175.5,28.81,103.2,0.588,modulo_1,148.0,4.0,405.0,6.9,170.0,151.0,5.0,172.0,35.0,101.0,376.0,3.8,0.55,3.9,16.1,,,,,,,,1,1.0,1.0,True
2022_02002060,1,hombre,44,78.58,162.7,29.68,97.1,0.597,modulo_1,97.0,1.0,260.0,,,,,,,,,,,,,,,,,,,,0,,,False
2022_02002063,1,hombre,57,107.45,173.9,35.53,115.8,0.666,modulo_1,132.0,4.0,480.0,,,,,,,,,,,,,,,,,,,,1,,,False
2022_02002064,2,mujer,34,54.8,146.7,25.46,87.9,0.599,modulo_1,101.0,4.0,345.0,,,,,,,,,,,,,,,,,,,,1,,,False
2022_02002066,2,mujer,39,97.4,163.4,36.48,98.5,0.603,modulo_1,100.0,3.0,615.0,5.1,87.0,100.0,13.8,109.0,34.0,65.0,90.0,2.6,0.52,2.9,12.7,7.3,7.0,6.5,0.52,1.0,693.0,14.4,0,0.0,0.0,True
2022_02002069,2,mujer,28,76.6,160.2,29.85,97.1,0.606,modulo_1,121.0,2.0,610.0,5.0,96.0,97.0,22.9,98.0,36.0,50.0,96.0,4.8,0.8,2.8,12.1,15.4,6.8,7.6,0.9,1.2,404.0,15.4,1,0.0,0.0,True
2022_02002072,1,hombre,44,79.1,162.3,30.03,109.2,0.673,modulo_1,101.0,4.0,300.0,,,,,,,,,,,,,,,,,,,,1,,,False
2022_02002074,2,mujer,56,65.2,160.8,25.22,92.1,0.573,modulo_1,131.0,5.0,240.0,,,,,,,,,,,,,,,,,,,,1,,,False
2022_02002077,2,mujer,88,57.15,152.8,24.48,78.2,0.512,modulo_1,115.0,2.0,310.0,,,,,,,,,,,,,,,,,,,,0,,,False
2022_02002079,2,mujer,43,82.3,175.2,26.81,97.3,0.555,modulo_1,109.0,3.0,230.0,,,,,,,,,,,,,,,,,,,,1,,,False
2022_02002080,1,hombre,48,91.8,172.8,30.74,106.8,0.618,modulo_1,176.0,1.0,75.0,,,,,,,,,,,,,,,,,,,,1,,,False
2022_02002082,2,mujer,29,72.05,150.8,31.68,,,modulo_1,113.0,4.0,840.0,,,,,,,,,,,,,,,,,,,,1,,,False
2022_02002084,2,mujer,32,86.6,156.6,35.31,108.6,0.693,modulo_1,137.0,2.0,280.0,5.1,86.0,100.0,15.1,172.0,35.0,118.0,77.0,3.7,0.39,3.6,13.4,23.8,17.6,5.9,0.46,1.6,172.0,22.6,1,0.0,0.0,True
2022_02002088,1,hombre,44,93.75,169.1,32.79,108.7,0.643,modulo_1,131.0,4.0,840.0,5.4,104.0,108.0,21.4,264.0,36.0,109.0,379.0,5.9,0.97,3.9,16.6,,,,,,,,1,0.0,0.0,True
2022_02002092,1,hombre,58,89.2,170.9,30.54,103.4,0.605,modulo_1,,4.0,420.0,,,,,,,,,,,,,,,,,,,,1,,,False
2022_02002093,2,mujer,67,89.8,155.2,37.28,111.3,0.717,modulo_2,180.0,4.0,270.0,,,,,,,,,,,,,,,,,,,,0,,,False
2022_02002097,1,hombre,65,103.2,176.2,33.24,119.1,0.676,modulo_2,136.0,2.0,420.0,6.1,126.0,128.0,63.0,115.0,25.0,77.0,147.0,6.2,0.84,2.4,14.5,,,,,,,,0,0.0,1.0,True
2022_02002105,1,hombre,35,134.85,184.1,39.79,127.8,0.694,modulo_1,137.0,2.0,330.0,5.4,99.0,108.0,88.1,84.0,26.0,49.0,157.0,3.5,1.01,2.4,15.6,,,,,,,,1,0.0,0.0,True
2022_02002106,1,hombre,42,75.6,167.6,26.91,95.7,0.571,modulo_1,122.0,3.0,500.0,,,,,,,,,,,,,,,,,,,,1,,,False
2022_02002119,1,hombre,35,78.8,171.5,26.79,97.8,0.57,modulo_1,109.0,3.0,140.0,,,,,,,,,,,,,,,,,,,,1,,,False
2022_02002122,1,hombre,36,85.95,176.8,27.5,102.4,0.579,modulo_1,117.0,2.0,420.0,,,,,,,,,,,,,,,,,,,,1,,,False
2022_02002123,2,mujer,30,75.45,153.8,31.9,89.1,0.579,modulo_1,129.0,2.0,180.0,,,,,,,,,,,,,,,,,,,,1,,,False
2022_02002131,1,hombre,38,92.15,174.1,30.4,99.4,0.571,modulo_1,136.0,4.0,480.0,4.3,85.0,77.0,2.9,175.0,68.0,88.0,64.0,6.4,0.91,3.8,15.4,,,,,,,,1,0.0,0.0,True
2022_02002135,1,hombre,47,89.3,168.1,31.6,107.7,0.641,modulo_1,132.0,4.0,1200.0,,,,,,,,,,,,,,,,,,,,1,,,False
2022_02002138,1,hombre,23,79.75,168.2,28.19,101.2,0.602,modulo_1,114.0,1.0,128.0,4.9,93.0,94.0,8.2,83.0,31.0,48.0,54.0,4.5,0.73,3.0,13.8,,,,,,,,1,0.0,0.0,True
2022_02002141,2,mujer,24,82.15,167.3,29.35,,,modulo_1,117.0,4.0,180.0,,,,,,,,,,,,,,,,,,,,1,,,False
2022_02002145,1,hombre,59,63.75,161.3,24.5,99.6,0.617,modulo_1,119.0,4.0,420.0,,,,,,,,,,,,14.9,,,,,,,,0,,,False
2022_02002147,2,mujer,64,87.05,155.2,36.14,122.2,0.787,modulo_2,132.0,3.0,160.0,5.6,93.0,114.0,10.5,162.0,42.0,95.0,162.0,4.0,0.6,3.2,12.4,,,,,,,,1,0.0,0.0,True
2022_02002148,1,hombre,23,84.5,171.2,28.83,94.8,0.554,modulo_1,149.0,4.0,315.0,,,,,,,,,,,,,,,,,,,,1,,,False
2022_02002149,1,hombre,47,62.6,160.1,24.42,90.6,0.566,modulo_1,193.0,4.0,540.0,5.1,83.0,100.0,4.3,148.0,56.0,50.0,452.0,4.9,0.73,3.4,17.3,,,,,,,,0,0.0,0.0,True
2022_02002155,2,mujer,36,64.95,155.8,26.76,,,modulo_1,108.0,4.0,60.0,5.1,93.0,100.0,7.9,133.0,52.0,72.0,72.0,3.6,0.46,3.7,11.3,59.7,16.8,3.6,0.77,0.8,479.0,30.5,1,0.0,0.0,True
2022_02002156,2,mujer,26,77.9,150.5,34.39,105.3,0.7,modulo_1,117.0,5.0,660.0,,,,,,,,,,,,,,,,,,,,1,,,False
2022_02002157,2,mujer,52,104.1,159.1,41.13,120.9,0.76,modulo_1,147.0,4.0,1170.0,,,,,,,,,,,,,,,,,,,,1,,,False
2022_02002158,1,hombre,36,95.45,166.2,34.56,96.7,0.582,modulo_1,123.0,3.0,1200.0,5.2,97.0,103.0,8.7,130.0,25.0,69.0,382.0,5.9,0.75,2.9,14.3,,,,,,,,1,0.0,0.0,True
2022_02002160,1,hombre,49,87.25,172.6,29.29,106.1,0.615,modulo_1,152.0,2.0,600.0,,,,,,,,,,,,,,,,,,,,1,,,False
2022_02002163,1,hombre,49,88.95,170.4,30.63,110.9,0.651,modulo_1,131.0,1.0,810.0,,,,,,,,,,,,,,,,,,,,1,,,False
2022_02002164,1,hombre,64,92.6,155.9,38.1,120.0,0.77,modulo_2,152.0,4.0,880.0,5.7,110.0,117.0,16.9,114.0,42.0,54.0,130.0,2.9,0.61,3.8,16.5,,,,,,,,0,0.0,1.0,True
2022_02003003,1,hombre,67,70.75,166.1,25.64,91.5,0.551,modulo_2,125.0,2.0,1200.0,,,,,,,,,,,,,,,,,,,,0,,,False
2022_02003004,1,hombre,32,168.8,191.1,46.22,147.2,0.77,modulo_1,143.0,2.0,1020.0,,,,,,,,,,,,,,,,,,,,1,,,False
2022_02003008,2,mujer,69,59.3,149.2,26.64,,,modulo_2,138.0,2.0,360.0,,,,,,,,,,,,,,,,,,,,0,,,False
2022_02003010,1,hombre,60,116.4,171.5,39.58,130.8,0.763,modulo_2,129.0,3.0,540.0,,,,,,,,,,,,,,,,,,,,0,,,False
2022_02003012,1,hombre,66,78.0,176.9,24.93,,,modulo_2,137.0,2.0,600.0,,,,,,,,,,,,,,,,,,,,0,,,False
2022_02003015,1,hombre,26,72.25,179.0,22.55,86.7,0.484,modulo_1,113.0,4.0,540.0,,,,,,,,,,,,,,,,,,,,0,,,False
2022_02003019,2,mujer,63,75.0,152.0,32.46,109.2,0.718,modulo_2,121.0,2.0,660.0,,,,,,,,,,,,,,,,,,,,0,,,False
2022_02003027,2,mujer,17,49.0,149.8,21.84,,,modulo_1,115.0,5.0,740.0,,,,,,,,,,,,12.4,30.4,16.5,2.9,0.27,0.7,571.0,23.3,0,,,False
2022_02003031,1,hombre,51,84.4,168.4,29.76,108.5,0.644,modulo_1,122.0,2.0,360.0,,,,,,,,,,,,,,,,,,,,1,,,False
2022_02003035,1,hombre,22,55.35,153.9,23.37,88.9,0.578,modulo_1,109.0,5.0,720.0,,,,,,,,,,,,,,,,,,,,0,,,False
2022_02003039,2,mujer,39,59.85,152.6,25.7,88.1,0.577,modulo_1,117.0,1.0,60.0,,,,,,,,,,,,,,,,,,,,1,,,False
2022_02003042,1,hombre,47,52.75,156.8,21.46,79.2,0.505,modulo_1,88.0,2.0,360.0,,,,,,,,,,,,,,,,,,,,0,,,False
2022_02003044,1,hombre,54,92.5,168.3,32.66,98.3,0.584,modulo_1,135.0,2.0,240.0,,,,,,,,,,,,,,,,,,,,1,,,False
2022_02003045,1,hombre,21,64.45,180.9,19.69,79.2,0.438,modulo_1,123.0,4.0,240.0,5.2,80.0,103.0,2.8,149.0,46.0,89.0,107.0,4.1,0.69,3.5,15.3,,,,,,,,0,0.0,0.0,True
2022_02003046,2,mujer,41,84.25,154.2,35.43,96.8,0.628,modulo_1,134.0,2.0,300.0,,,,,,,,,,,,,,,,,,,,1,,,False
2022_02003048,1,hombre,54,62.95,146.5,29.33,97.3,0.664,modulo_1,120.0,4.0,250.0,,,,,,,,,,,,,,,,,,,,1,,,False
2022_02003052,1,hombre,55,86.25,176.5,27.69,99.1,0.561,modulo_1,121.0,3.0,600.0,,,,,,,,,,,,,,,,,,,,1,,,False
2022_02004007,1,hombre,57,82.1,174.4,26.99,92.7,0.532,modulo_1,128.0,2.0,270.0,,,,,,,,,,,,,,,,,,,,1,,,False
2022_02004008,2,mujer,54,62.85,155.5,25.99,87.5,0.563,modulo_1,123.0,1.0,330.0,9.2,208.0,217.0,3.5,187.0,42.0,114.0,150.0,4.2,0.5,3.8,13.1,,,,,,,,1,1.0,1.0,True
2022_02004012,2,mujer,59,56.35,154.1,23.73,80.7,0.524,modulo_1,109.0,2.0,80.0,5.4,80.0,108.0,5.6,164.0,48.0,93.0,83.0,3.1,0.55,3.2,12.3,,,,,,,,1,0.0,0.0,True
2022_02004015,2,mujer,30,77.9,162.3,29.57,101.4,0.625,modulo_1,137.0,4.0,543.0,,,,,,,,,,,,,,,,,,,,1,,,False
2022_02004019,1,hombre,45,126.35,167.7,44.93,134.3,0.801,modulo_1,127.0,1.0,782.0,5.1,83.0,100.0,13.7,135.0,27.0,79.0,234.0,5.2,0.86,3.3,16.6,,,,,,,,1,0.0,0.0,True
2022_02004020,1,hombre,61,119.05,169.4,41.49,128.0,0.756,modulo_2,198.0,4.0,660.0,,,,,,,,,,,,,,,,,,,,0,,,False
2022_02004022,1,hombre,30,94.5,176.2,30.44,99.8,0.566,modulo_1,131.0,4.0,720.0,5.0,87.0,97.0,9.6,110.0,41.0,47.0,167.0,5.2,0.86,4.3,15.3,,,,,,,,1,0.0,0.0,True
2022_02004025,1,hombre,24,102.75,173.2,34.25,99.7,0.576,modulo_1,117.0,4.0,480.0,,,,,,,,,,,,,,,,,,,,1,,,False
2022_02004026,1,hombre,25,81.8,175.1,26.68,,,modulo_1,115.0,4.0,420.0,,,,,,,,,,,,,,,,,,,,1,,,False
2022_02004027,2,mujer,66,64.05,151.6,27.87,,,modulo_2,119.0,1.0,870.0,,,,,,,,,,,,,,,,,,,,0,,,False
2022_02004029,1,hombre,68,85.7,171.4,29.17,104.8,0.611,modulo_2,137.0,2.0,300.0,,,,,,,,,,,,,,,,,,,,0,,,False
2022_02004030,1,hombre,64,80.85,162.6,30.58,108.2,0.665,modulo_2,155.0,2.0,300.0,5.7,88.0,117.0,6.0,206.0,38.0,149.0,190.0,6.2,0.89,3.8,13.9,,,,,,,,1,0.0,1.0,True
2022_02004031,1,hombre,31,58.35,172.2,19.68,76.8,0.446,modulo_1,119.0,1.0,470.0,5.1,83.0,100.0,3.7,159.0,59.0,92.0,59.0,4.8,0.83,4.3,14.4,,,,,,,,0,0.0,0.0,True
2022_02004042,2,mujer,67,62.15,149.1,27.96,96.9,0.65,modulo_2,112.0,1.0,250.0,5.5,96.0,111.0,4.8,238.0,62.0,140.0,177.0,3.7,0.57,4.0,13.1,,,,,,,,0,0.0,0.0,True
2022_02004053,1,hombre,23,70.2,180.0,21.67,77.4,0.43,modulo_1,136.0,1.0,975.0,,,,,,,,,,,,,,,,,,,,0,,,False
2022_02004060,1,hombre,53,90.35,164.8,33.27,104.6,0.635,modulo_1,137.0,4.0,720.0,,,,,,,,,,,,,,,,,,,,1,,,False
2022_02004067,2,mujer,47,62.55,156.0,25.7,80.3,0.515,modulo_1,141.0,2.0,540.0,,,,,,,,,,,,8.9,2.3,10.1,7.5,0.07,4.7,167.0,28.6,1,,,False
2022_02004076,2,mujer,26,52.35,161.3,20.12,79.3,0.492,modulo_1,116.0,2.0,70.0,,,,,,,,,,,,,,,,,,,,1,,,False
2022_02004085,2,mujer,45,98.55,158.7,39.13,110.2,0.694,modulo_1,116.0,2.0,374.0,,,,,,,,,,,,,,,,,,,,1,,,False
2022_02004090,1,hombre,58,72.83,166.6,26.24,,,modulo_1,151.0,2.0,800.0,,,,,,,,,,,,,,,,,,,,1,,,False
2022_02004098,1,hombre,31,112.25,173.4,37.33,112.6,0.649,modulo_1,140.0,4.0,840.0,,,,,,,,,,,,,,,,,,,,1,,,False
2022_02004099,2,mujer,27,70.25,157.3,28.39,98.5,0.626,modulo_1,109.0,3.0,720.0,,,,,,,,,,,,,,,,,,,,1,,,False
2022_02004100,2,mujer,60,64.7,154.0,27.28,,,modulo_2,112.0,5.0,190.0,,,,,,,,,,,,,,,,,,,,0,,,False
2022_02004102,1,hombre,54,103.1,186.2,29.74,107.5,0.577,modulo_1,115.0,1.0,555.0,,,,,,,,,,,,,,,,,,,,1,,,False
2022_02004104,2,mujer,25,98.95,159.4,38.94,120.2,0.754,modulo_1,101.0,4.0,300.0,,,,,,,,,,,,14.5,,,,,,,,1,,,False
2022_03001001,1,hombre,48,78.4,169.8,27.19,90.8,0.535,modulo_1,148.0,2.0,120.0,,,,,,,,,,,,,,,,,,,,1,,,False
2022_03001002,2,mujer,44,73.5,155.9,30.24,98.1,0.629,modulo_1,98.0,2.0,60.0,,,,,,,,,,,,,,,,,,,,1,,,False
2022_03001005,1,hombre,56,67.55,178.9,21.11,,,modulo_1,134.0,1.0,120.0,5.3,80.0,105.0,2.4,167.0,50.0,99.0,138.0,4.5,0.59,3.2,14.4,,,,,,,,1,0.0,0.0,True
2022_03001010,2,mujer,92,53.25,152.9,22.78,,,modulo_2,170.0,3.0,480.0,5.2,82.0,103.0,2.6,118.0,39.0,61.0,86.0,4.7,0.58,3.2,14.0,,,,,,,,0,0.0,0.0,True
2022_03001017,1,hombre,51,79.75,165.9,28.98,102.5,0.618,modulo_1,124.0,4.0,840.0,,,,,,,,,,,,,,,,,,,,1,,,False
2022_03001019,2,mujer,65,68.8,154.6,28.79,92.6,0.599,modulo_2,169.0,3.0,390.0,5.0,72.0,97.0,6.1,114.0,48.0,66.0,90.0,5.6,0.69,3.2,14.6,,,,,,,,0,0.0,0.0,True
2022_03001022,1,hombre,45,72.1,151.7,31.33,101.2,0.667,modulo_1,114.0,2.0,460.0,5.4,76.0,108.0,2.9,52.0,15.0,41.0,31.0,5.2,0.42,1.5,15.3,,,,,,,,1,0.0,0.0,True
2022_03001035,1,hombre,32,72.85,160.5,28.28,96.6,0.602,modulo_1,105.0,4.0,540.0,,,,,,,,,,,,,,,,,,,,1,,,False
2022_03001041,1,hombre,49,94.55,177.5,30.01,106.9,0.602,modulo_1,141.0,5.0,510.0,,,,,,,,,,,,,,,,,,,,1,,,False
2022_03001042,1,hombre,32,105.85,176.2,34.09,114.9,0.652,modulo_1,130.0,4.0,540.0,,,,,,,,,,,,,,,,,,,,1,,,False
2022_03003001,1,hombre,28,70.65,180.5,21.68,82.3,0.456,modulo_1,116.0,4.0,380.0,,,,,,,,,,,,,,,,,,,,0,,,False
2022_03003004,2,mujer,49,75.25,162.9,28.36,104.4,0.641,modulo_1,121.0,4.0,540.0,5.2,81.0,103.0,8.9,151.0,38.0,92.0,106.0,3.0,0.47,3.3,14.4,,,,,,,,1,0.0,0.0,True
2022_03003005,1,hombre,21,76.3,173.3,25.41,86.2,0.497,modulo_1,144.0,4.0,220.0,5.2,92.0,103.0,13.3,136.0,40.0,88.0,109.0,4.5,0.7,4.0,15.3,,,,,,,,1,0.0,0.0,True
2022_03003006,1,hombre,55,51.75,164.0,19.24,,,modulo_1,115.0,2.0,720.0,,,,,,,,,,,,,,,,,,,,0,,,False
2022_03003007,2,mujer,48,109.8,171.1,37.51,102.8,0.601,modulo_1,143.0,4.0,540.0,5.0,92.0,97.0,4.2,107.0,33.0,61.0,114.0,3.9,0.65,2.4,12.0,9.6,17.2,6.21,1.15,1.4,201.0,30.3,1,0.0,0.0,True
2022_03003010,1,hombre,58,100.25,172.4,33.73,,,modulo_1,115.0,2.0,780.0,,,,,,,,,,,,,,,,,,,,1,,,False
2022_03003016,2,mujer,69,87.25,154.5,36.55,117.4,0.76,modulo_2,126.0,4.0,170.0,,,,,,,,,,,,,,,,,,,,1,,,False
2022_03003017,2,mujer,59,84.15,155.6,34.76,,,modulo_1,136.0,3.0,480.0,,,,,,,,,,,,,,,,,,,,1,,,False
2022_03003019,1,hombre,44,89.0,176.6,28.54,101.5,0.575,modulo_1,,3.0,240.0,,,,,,,,,,,,15.3,,,,,,,,1,,,False
2022_03003024,1,hombre,51,78.65,175.9,25.42,95.2,0.541,modulo_1,153.0,4.0,865.0,,,,,,,,,,,,,,,,,,,,1,,,False
2022_03003027,2,mujer,20,64.7,154.0,27.28,,,modulo_2,121.0,5.0,300.0,,,,,,,,,,,,,,,,,,,,1,,,False
2022_03003028,1,hombre,56,78.65,174.0,25.98,102.1,0.587,modulo_1,142.0,2.0,490.0,,,,,,,,,,,,,,,,,,,,1,,,False
2022_03003029,2,mujer,24,74.35,163.6,27.78,89.3,0.546,modulo_1,102.0,4.0,140.0,4.8,93.0,91.0,58.8,172.0,46.0,92.0,352.0,3.1,0.6,2.9,14.1,14.5,22.9,6.7,0.06,1.4,122.0,28.8,1,0.0,0.0,True
2022_03003032,1,hombre,65,98.35,173.2,32.79,108.8,0.628,modulo_2,98.0,4.0,270.0,,,,,,,,,,,,,,,,,,,,0,,,False
2022_03003036,2,mujer,26,70.35,170.4,24.23,,,modulo_1,104.0,2.0,570.0,,,,,,,,,,,,,,,,,,,,0,,,False
2022_03003039,1,hombre,46,52.85,149.4,23.68,82.3,0.551,modulo_1,153.0,4.0,1050.0,,,,,,,,,,,,,,,,,,,,0,,,False
2022_03003040,2,mujer,57,75.25,164.6,27.77,93.6,0.569,modulo_1,125.0,4.0,480.0,,,,,,,,,,,,,,,,,,,,1,,,False
2022_03003042,2,mujer,51,89.85,155.3,37.25,111.2,0.716,modulo_1,134.0,3.0,540.0,,,,,,,,,,,,,,,,,,,,1,,,False
2022_03003044,2,mujer,68,61.3,160.2,23.89,81.2,0.507,modulo_2,98.0,5.0,180.0,,,,,,,,,,,,,,,,,,,,0,,,False
2022_03003045,2,mujer,63,72.1,148.8,32.56,82.3,0.553,modulo_2,112.0,4.0,190.0,,,,,,,,,,,,,,,,,,,,0,,,False
2022_03003048,2,mujer,42,69.95,163.4,26.2,90.8,0.556,modulo_1,104.0,4.0,140.0,,,,,,,,,,,,,,,,,,,,1,,,False
2022_03003049,2,mujer,51,79.15,159.8,31.0,85.6,0.536,modulo_1,122.0,4.0,195.0,,,,,,,,,,,,,,,,,,,,1,,,False
2022_03003050,2,mujer,55,78.9,146.5,36.76,110.1,0.752,modulo_1,129.0,5.0,250.0,,,,,,,,,,,,,,,,,,,,1,,,False
2022_03003057,1,hombre,46,69.0,161.5,26.45,90.4,0.56,modulo_1,111.0,5.0,271.0,,,,,,,,,,,,,,,,,,,,1,,,False
2022_03003068,2,mujer,63,90.2,165.9,32.77,103.9,0.626,modulo_2,138.0,3.0,180.0,,,,,,,,,,,,,,,,,,,,0,,,False
2022_03003070,2,mujer,38,76.85,159.1,30.36,95.2,0.598,modulo_1,106.0,2.0,315.0,5.4,89.0,108.0,2.9,92.0,48.0,40.0,81.0,5.5,0.55,2.7,12.9,37.6,12.7,6.0,0.34,0.6,176.0,16.3,1,0.0,0.0,True
2022_03003075,2,mujer,34,92.0,173.7,30.49,,,modulo_1,116.0,3.0,480.0,,,,,,,,,,,,15.0,55.6,13.2,7.52,0.08,1.1,302.0,17.9,1,,,False
2022_03003076,1,hombre,59,77.0,168.9,26.99,107.2,0.635,modulo_1,154.0,1.0,240.0,,,,,,,,,,,,,,,,,,,,1,,,False
2022_03003078,1,hombre,56,110.35,174.9,36.07,126.2,0.722,modulo_1,119.0,5.0,540.0,4.9,92.0,94.0,6.3,216.0,36.0,146.0,237.0,6.1,0.75,3.8,15.9,,,,,,,,1,0.0,0.0,True
2022_03003081,1,hombre,19,93.5,171.2,31.9,,,modulo_1,115.0,3.0,630.0,,,,,,,,,,,,,,,,,,,,1,,,False
2022_03003082,2,mujer,68,93.2,153.9,39.35,128.3,0.834,modulo_2,139.0,1.0,420.0,,,,,,,,,,,,,,,,,,,,0,,,False
2022_03003083,1,hombre,21,63.6,168.9,22.29,78.2,0.463,modulo_1,121.0,4.0,960.0,,,,,,,,,,,,,,,,,,,,0,,,False
2022_03003086,2,mujer,25,82.25,150.2,36.46,112.8,0.751,modulo_1,119.0,2.0,480.0,,,,,,,,,,,,,,,,,,,,1,,,False
2022_03003089,1,hombre,27,72.9,172.2,24.58,96.8,0.562,modulo_1,112.0,3.0,420.0,4.7,82.0,88.0,5.2,124.0,29.0,86.0,126.0,4.2,0.91,3.4,16.6,,,,,,,,0,0.0,0.0,True
2022_03003090,2,mujer,52,77.7,153.6,32.93,101.2,0.659,modulo_1,100.0,1.0,160.0,,,,,,,,,,,,,,,,,,,,1,,,False
2022_03003091,1,hombre,58,88.45,171.3,30.14,92.7,0.541,modulo_1,142.0,3.0,360.0,,,,,,,,,,,,,,,,,,,,1,,,False
2022_03003092,1,hombre,45,92.15,168.3,32.53,98.3,0.584,modulo_1,138.0,1.0,540.0,,,,,,,,,,,,,,,,,,,,1,,,False
2022_03003094,2,mujer,25,78.25,159.3,30.84,81.1,0.509,modulo_1,110.0,1.0,570.0,,,,,,,,,,,,,,,,,,,,1,,,False
2022_03003096,1,hombre,43,94.45,173.5,31.38,111.3,0.641,modulo_1,123.0,3.0,500.0,6.2,103.0,131.0,20.1,185.0,34.0,112.0,264.0,5.1,0.77,3.6,17.8,,,,,,,,1,0.0,1.0,True
2022_03003098,2,mujer,66,65.2,148.3,29.65,,,modulo_2,96.0,4.0,200.0,,,,,,,,,,,,,,,,,,,,0,,,False
2022_03003101,2,mujer,50,86.35,159.4,33.98,,,modulo_1,112.0,4.0,30.0,6.5,209.0,140.0,155.3,190.0,48.0,119.0,201.0,4.4,0.55,3.6,12.8,,,,,,,,1,1.0,1.0,True
2022_03003104,1,hombre,32,81.6,175.4,26.52,87.3,0.498,modulo_1,132.0,1.0,480.0,,,,,,,,,,,,,,,,,,,,1,,,False
2022_03003105,2,mujer,32,102.15,148.8,46.14,129.5,0.87,modulo_1,116.0,4.0,180.0,,,,,,,,,,,,,,,,,,,,1,,,False
2022_03003106,1,hombre,33,78.3,159.2,30.89,,,modulo_1,110.0,3.0,615.0,,,,,,,,,,,,,,,,,,,,1,,,False
2022_03003108,1,hombre,25,76.85,162.3,29.17,,,modulo_1,99.0,2.0,630.0,,,,,,,,,,,,,,,,,,,,0,,,False
2022_03003110,1,hombre,46,56.45,172.6,18.95,81.3,0.471,modulo_1,116.0,2.0,900.0,5.3,81.0,105.0,2.3,117.0,42.0,67.0,102.0,4.6,0.58,2.8,15.8,,,,,,,,0,0.0,0.0,True
2022_03003115,2,mujer,46,37.75,152.6,16.21,63.2,0.414,modulo_1,93.0,5.0,930.0,,,,,,,,,,,,14.6,15.7,38.1,6.74,0.11,1.1,222.0,28.3,0,,,False
2022_03003117,2,mujer,22,100.25,163.1,37.69,116.4,0.714,modulo_1,100.0,3.0,780.0,,,,,,,,,,,,,,,,,,,,0,,,False
2022_03003120,2,mujer,28,59.2,158.5,23.56,85.5,0.539,modulo_1,111.0,2.0,800.0,,,,,,,,,,,,,,,,,,,,0,,,False
2022_03003121,2,mujer,26,50.8,150.1,22.55,79.1,0.527,modulo_1,110.0,4.0,180.0,,,,,,,,,,,,,,,,,,,,0,,,False
2022_03003122,2,mujer,56,69.55,154.8,29.02,98.2,0.634,modulo_1,155.0,4.0,660.0,,,,,,,,,,,,,,,,,,,,1,,,False
2022_03003123,2,mujer,36,88.3,154.3,37.09,108.2,0.701,modulo_1,123.0,4.0,390.0,,,,,,,,,,,,,,,,,,,,1,,,False
2022_03003124,2,mujer,48,72.55,150.1,32.2,99.1,0.66,modulo_1,130.0,4.0,540.0,,,,,,,,,,,,,,,,,,,,1,,,False
2022_03003130,2,mujer,45,70.2,152.1,30.34,88.3,0.581,modulo_1,112.0,1.0,495.0,5.1,72.0,100.0,47.3,140.0,61.0,69.0,81.0,3.3,0.63,3.7,12.9,12.4,22.4,4.6,0.31,0.9,400.0,17.4,1,0.0,0.0,True
2022_03003131,2,mujer,31,58.8,153.3,25.02,78.2,0.51,modulo_1,136.0,2.0,250.0,,,,,,,,,,,,,,,,,,,,1,,,False
2022_03003132,2,mujer,45,92.8,156.3,37.99,101.6,0.65,modulo_1,125.0,2.0,180.0,,,,,,,,,,,,,,,,,,,,1,,,False
2022_03003135,2,mujer,29,71.8,154.6,30.04,90.2,0.583,modulo_1,117.0,1.0,600.0,,,,,,,,,,,,12.9,10.4,16.1,6.11,0.02,1.2,295.0,29.8,1,,,False
2022_03003136,1,hombre,64,65.6,168.9,23.0,87.7,0.519,modulo_2,131.0,5.0,300.0,,,,,,,,,,,,,,,,,,,,0,,,False
2022_03003139,2,mujer,24,68.9,159.9,26.95,87.6,0.548,modulo_1,111.0,4.0,840.0,,,,,,,,,,,,,,,,,,,,1,,,False
2022_03003143,2,mujer,34,123.0,151.4,53.66,134.3,0.887,modulo_1,98.0,4.0,600.0,,,,,,,,,,,,,,,,,,,,0,,,False
2022_03003147,2,mujer,39,123.15,161.1,47.45,130.1,0.808,modulo_1,132.0,2.0,640.0,,,,,,,,,,,,,,,,,,,,1,,,False
2022_03003150,1,hombre,42,65.4,152.1,28.27,101.3,0.666,modulo_1,152.0,3.0,630.0,,,,,,,,,,,,,,,,,,,,1,,,False
2022_03003151,2,mujer,9,35.55,146.1,16.65,,,modulo_1,115.0,4.0,420.0,,,,,,,,,,,,12.2,8.8,20.3,7.57,0.04,1.6,284.0,28.8,0,,,False
2022_03003153,1,hombre,37,124.45,164.1,46.21,141.5,0.862,modulo_1,148.0,5.0,540.0,,,,,,,,,,,,,,,,,,,,1,,,False
2022_03003154,1,hombre,57,70.7,157.7,28.43,94.2,0.597,modulo_1,131.0,4.0,840.0,,,,,,,,,,,,,,,,,,,,1,,,False
2022_03003155,1,hombre,46,79.6,161.3,30.59,91.3,0.566,modulo_1,142.0,4.0,540.0,,,,,,,,,,,,,,,,,,,,1,,,False
2022_03008002,2,mujer,53,90.6,158.2,36.2,115.2,0.728,modulo_1,128.0,2.0,510.0,5.5,80.0,111.0,35.0,123.0,30.0,84.0,258.0,3.0,0.55,2.7,14.1,,,,,,,,1,0.0,0.0,True
2022_03008008,2,mujer,54,60.7,154.1,25.56,88.6,0.575,modulo_1,126.0,3.0,630.0,,,,,,,,,,,,,,,,,,,,1,,,False
2022_03008010,1,hombre,32,68.2,166.2,24.69,84.2,0.507,modulo_1,,4.0,660.0,,,,,,,,,,,,,,,,,,,,0,,,False
2022_03008011,1,hombre,46,90.9,153.0,38.83,114.4,0.748,modulo_1,123.0,2.0,420.0,,,,,,,,,,,,,,,,,,,,1,,,False
2022_03008014,1,hombre,29,81.2,170.3,28.0,92.1,0.541,modulo_1,118.0,1.0,180.0,,,,,,,,,,,,,,,,,,,,1,,,False
2022_03008018,1,hombre,51,73.55,174.6,24.13,94.3,0.54,modulo_1,153.0,4.0,735.0,,,,,,,,,,,,,,,,,,,,0,,,False
2022_03008020,1,hombre,25,61.3,166.2,22.19,80.1,0.482,modulo_1,112.0,4.0,180.0,,,,,,,,,,,,,,,,,,,,0,,,False
2022_03008023,1,hombre,53,72.65,160.2,28.31,102.1,0.637,modulo_1,136.0,2.0,510.0,6.9,120.0,151.0,8.9,206.0,48.0,148.0,197.0,4.5,0.61,3.5,16.8,,,,,,,,1,1.0,1.0,True
2022_03008024,2,mujer,48,56.7,142.6,27.88,85.4,0.599,modulo_1,115.0,2.0,310.0,,,,,,,,,,,,,,,,,,,,1,,,False
2022_03008025,2,mujer,34,46.2,,,75.8,,modulo_1,119.0,1.0,40.0,,,,,,,,,,,,,,,,,,,,1,,,False
2022_03008031,2,mujer,26,85.0,150.1,37.73,,,modulo_1,117.0,3.0,170.0,5.5,120.0,111.0,38.3,96.0,30.0,70.0,88.0,3.1,0.32,2.8,15.3,73.2,19.2,3.3,0.9,0.9,337.0,22.9,1,0.0,0.0,True
2022_03008036,1,hombre,47,78.2,162.3,29.69,,,modulo_1,135.0,2.0,300.0,,,,,,,,,,,,,,,,,,,,1,,,False
2022_03008038,1,hombre,25,107.9,175.5,35.03,117.2,0.668,modulo_1,150.0,1.0,1260.0,,,,,,,,,,,,,,,,,,,,1,,,False
2022_03008041,2,mujer,46,69.15,163.9,25.74,,,modulo_1,108.0,1.0,70.0,,,,,,,,,,,,,,,,,,,,1,,,False
2022_03008043,1,hombre,40,75.1,156.2,30.78,103.7,0.664,modulo_1,115.0,1.0,605.0,,,,,,,,,,,,,,,,,,,,1,,,False
2022_03008047,1,hombre,77,56.5,150.9,24.81,92.4,0.612,modulo_2,170.0,4.0,600.0,5.4,77.0,108.0,2.1,143.0,33.0,98.0,117.0,4.3,0.69,2.9,15.2,,,,,,,,0,0.0,0.0,True
2022_03008054,1,hombre,55,81.75,177.2,26.04,91.7,0.517,modulo_1,,1.0,510.0,,,,,,,,,,,,,,,,,,,,1,,,False
2022_03008056,2,mujer,52,50.35,145.9,23.65,81.2,0.557,modulo_1,100.0,4.0,240.0,8.6,166.0,200.0,1.1,136.0,47.0,94.0,80.0,3.8,0.44,3.3,12.7,,,,,,,,0,1.0,1.0,True
2022_03008057,2,mujer,23,44.4,150.8,19.52,66.6,0.442,modulo_1,115.0,3.0,420.0,,,,,,,,,,,,,,,,,,,,0,,,False
2022_03008060,2,mujer,50,54.6,157.5,22.01,82.4,0.523,modulo_1,179.0,2.0,690.0,,,,,,,,,,,,,,,,,,,,0,,,False
2022_03008062,1,hombre,38,112.65,177.4,35.8,119.1,0.671,modulo_1,126.0,4.0,1020.0,,,,,,,,,,,,,,,,,,,,1,,,False
2022_03008065,1,hombre,58,125.5,173.0,41.93,106.4,0.615,modulo_1,124.0,4.0,540.0,,,,,,,,,,,,,,,,,,,,1,,,False
2022_03008069,2,mujer,45,59.85,157.7,24.07,,,modulo_1,115.0,2.0,440.0,,,,,,,,,,,,,,,,,,,,0,,,False
2022_03008071,2,mujer,43,60.82,173.3,20.25,,,modulo_1,115.0,2.0,440.0,,,,,,,,,,,,,,,,,,,,0,,,False
2022_03008081,1,hombre,36,88.7,178.5,27.84,96.7,0.542,modulo_1,110.0,3.0,120.0,,,,,,,,,,,,,,,,,,,,1,,,False
2022_03008087,1,hombre,25,88.8,170.3,30.62,81.1,0.476,modulo_1,100.0,2.0,480.0,,,,,,,,,,,,,,,,,,,,0,,,False
2022_03008088,1,hombre,45,71.65,147.2,33.07,102.3,0.695,modulo_1,122.0,2.0,840.0,9.4,219.0,223.0,11.9,94.0,36.0,54.0,117.0,2.6,0.47,2.3,14.9,,,,,,,,1,1.0,1.0,True
2022_03008090,1,hombre,62,71.45,170.1,24.69,100.1,0.588,modulo_2,123.0,5.0,720.0,6.2,130.0,131.0,7.2,164.0,38.0,83.0,268.0,4.2,0.82,3.8,17.1,,,,,,,,0,0.0,1.0,True
2022_03008092,1,hombre,56,89.3,170.1,30.86,100.3,0.59,modulo_1,145.0,4.0,260.0,,,,,,,,,,,,,,,,,,,,1,,,False
2022_03008093,1,hombre,45,54.2,162.8,20.45,80.5,0.494,modulo_1,134.0,2.0,480.0,5.4,82.0,108.0,1.1,114.0,55.0,58.0,80.0,4.0,0.65,3.0,14.8,,,,,,,,0,0.0,0.0,True
2022_03008095,1,hombre,41,80.6,169.3,28.12,93.4,0.552,modulo_1,139.0,1.0,660.0,,,,,,,,,,,,,,,,,,,,1,,,False
2022_03008096,1,hombre,49,60.6,161.1,23.35,,,modulo_1,115.0,3.0,450.0,,,,,,,,,,,,,,,,,,,,0,,,False
2022_03008097,2,mujer,48,52.6,155.2,21.84,85.2,0.549,modulo_1,97.0,1.0,110.0,,,,,,,,,,,,,,,,,,,,1,,,False
2022_03008102,1,hombre,49,65.55,159.2,25.86,89.9,0.565,modulo_1,130.0,5.0,180.0,5.1,84.0,100.0,3.5,116.0,36.0,91.0,62.0,6.2,0.79,3.0,16.9,,,,,,,,1,0.0,0.0,True
2022_03008106,1,hombre,42,77.4,157.4,31.24,96.3,0.612,modulo_1,140.0,4.0,780.0,5.5,107.0,111.0,11.4,146.0,39.0,98.0,104.0,5.6,0.59,4.0,17.4,,,,,,,,1,0.0,0.0,True
2022_03008108,1,hombre,18,60.4,158.9,23.92,,,modulo_1,115.0,3.0,540.0,,,,,,,,,,,,,,,,,,,,0,,,False
2022_03008109,1,hombre,46,69.6,156.6,28.38,,,modulo_1,115.0,5.0,320.0,,,,,,,,,,,,,,,,,,,,1,,,False
2022_03008115,1,hombre,51,69.45,169.8,24.09,83.9,0.494,modulo_1,96.0,2.0,600.0,,,,,,,,,,,,,,,,,,,,0,,,False
2022_03008117,1,hombre,35,44.9,,,,,modulo_1,115.0,2.0,200.0,,,,,,,,,,,,,,,,,,,,0,,,False
2022_03008120,2,mujer,36,51.25,143.5,24.89,92.3,0.643,modulo_1,102.0,5.0,215.0,,,,,,,,,,,,,,,,,,,,0,,,False
2022_04001002,1,hombre,43,84.75,168.1,29.99,106.7,0.635,modulo_1,140.0,4.0,290.0,5.0,83.0,97.0,9.8,145.0,32.0,86.0,198.0,5.5,0.65,3.7,15.1,,,,,,,,1,0.0,0.0,True
2022_04001005,2,mujer,46,61.05,146.5,28.45,90.2,0.616,modulo_1,111.0,4.0,330.0,,,,,,,,,,,,,,,,,,,,1,,,False
2022_04001006,2,mujer,66,57.1,145.4,27.01,92.8,0.638,modulo_2,137.0,4.0,240.0,11.9,185.0,295.0,10.5,196.0,43.0,120.0,169.0,3.4,0.56,3.7,11.3,,,,,,,,0,1.0,1.0,True
2022_04001011,1,hombre,20,60.55,158.3,24.16,,,modulo_1,115.0,3.0,210.0,,,,,,,,,,,,,,,,,,,,0,,,False
2022_04001012,2,mujer,64,50.95,141.8,25.34,89.5,0.631,modulo_2,118.0,2.0,160.0,5.6,86.0,114.0,3.5,160.0,40.0,98.0,102.0,4.3,0.68,3.9,13.8,,,,,,,,1,0.0,0.0,True
2022_04001016,1,hombre,48,73.85,167.6,26.29,94.3,0.563,modulo_1,132.0,1.0,780.0,5.5,88.0,111.0,9.2,199.0,39.0,100.0,507.0,4.8,0.81,4.2,14.9,,,,,,,,1,0.0,0.0,True
2022_04001019,2,mujer,37,70.15,145.9,32.95,105.2,0.721,modulo_1,127.0,4.0,520.0,,,,,,,,,,,,,,,,,,,,1,,,False
2022_04001021,2,mujer,75,97.8,141.9,48.57,126.2,0.889,modulo_2,135.0,5.0,300.0,,,,,,,,,,,,,,,,,,,,0,,,False
2022_04001026,1,hombre,50,101.15,161.5,38.78,124.6,0.772,modulo_1,129.0,4.0,780.0,,,,,,,,,,,,,,,,,,,,1,,,False
2022_04001027,2,mujer,49,116.75,149.5,52.24,137.0,0.916,modulo_1,100.0,1.0,750.0,,,,,,,,,,,,,,,,,,,,0,,,False
2022_04001029,1,hombre,25,89.95,161.5,34.49,103.3,0.64,modulo_1,111.0,2.0,445.0,5.2,80.0,103.0,6.9,199.0,43.0,96.0,443.0,6.7,0.96,4.6,14.2,,,,,,,,1,0.0,0.0,True
2022_04001032,2,mujer,33,89.3,155.5,36.93,113.8,0.732,modulo_1,110.0,3.0,360.0,,,,,,,,,,,,14.0,82.8,12.7,4.4,0.44,0.9,3172.0,34.0,1,,,False
2022_04001034,2,mujer,53,62.3,146.1,29.19,93.3,0.639,modulo_1,97.0,5.0,600.0,5.2,76.0,103.0,13.2,93.0,33.0,57.0,98.0,4.7,0.65,2.5,14.6,,,,,,,,0,0.0,0.0,True
2022_04001037,2,mujer,46,53.45,141.5,26.7,84.8,0.599,modulo_1,118.0,2.0,540.0,5.2,97.0,103.0,7.7,185.0,42.0,130.0,114.0,5.0,0.73,4.4,13.5,55.1,30.4,4.1,0.43,0.8,564.0,37.3,1,0.0,0.0,True
2022_04001039,1,hombre,20,86.55,160.4,33.64,103.2,0.643,modulo_1,123.0,2.0,480.0,5.2,56.0,103.0,11.8,54.0,17.0,34.0,115.0,5.2,0.63,1.7,15.6,,,,,,,,1,0.0,0.0,True
2022_04001043,1,hombre,39,71.25,154.8,29.73,101.5,0.656,modulo_1,117.0,2.0,720.0,,,,,,,,,,,,,,,,,,,,1,,,False
2022_04001044,1,hombre,21,65.4,160.5,25.39,83.1,0.518,modulo_1,112.0,4.0,420.0,,,,,,,,,,,,,,,,,,,,1,,,False
2022_04002001,2,mujer,41,63.6,153.2,27.1,88.5,0.578,modulo_1,104.0,4.0,310.0,5.2,85.0,103.0,20.5,150.0,31.0,77.0,249.0,4.9,0.61,4.0,11.9,297.1,28.9,3.9,0.26,1.1,384.0,30.6,1,0.0,0.0,True
2022_04002005,2,mujer,66,71.5,149.2,32.12,98.2,0.658,modulo_2,128.0,4.0,300.0,,,,,,,,,,,,,,,,,,,,0,,,False
2022_04002006,2,mujer,55,55.4,142.0,27.47,93.1,0.656,modulo_1,117.0,4.0,225.0,,,,,,,,,,,,,,,,,,,,1,,,False
2022_04002009,2,mujer,59,62.75,151.8,27.23,89.7,0.591,modulo_1,118.0,1.0,480.0,,,,,,,,,,,,,,,,,,,,1,,,False
2022_04002015,2,mujer,60,78.9,155.6,32.59,102.5,0.659,modulo_2,120.0,4.0,200.0,,,,,,,,,,,,,,,,,,,,0,,,False
2022_04002021,2,mujer,50,69.15,145.2,32.8,100.5,0.692,modulo_1,115.0,2.0,560.0,,,,,,,,,,,,,,,,,,,,1,,,False
2022_04002022,1,hombre,42,100.3,165.6,36.57,119.0,0.719,modulo_1,100.0,2.0,540.0,5.1,79.0,100.0,20.2,120.0,25.0,48.0,340.0,4.5,1.04,4.3,16.8,,,,,,,,0,0.0,0.0,True
2022_04002023,2,mujer,68,71.8,144.0,34.63,107.6,0.747,modulo_2,143.0,3.0,360.0,5.8,76.0,120.0,23.7,66.0,18.0,42.0,86.0,3.3,0.37,1.5,12.5,,,,,,,,0,0.0,1.0,True
2022_04002028,2,mujer,40,99.88,165.9,36.29,123.8,0.746,modulo_1,117.0,2.0,640.0,,,,,,,,,,,,,,,,,,,,1,,,False
2022_04002031,2,mujer,44,76.9,148.9,34.68,,,modulo_1,97.0,4.0,310.0,,,,,,,,,,,,,,,,,,,,0,,,False
2022_04002033,2,mujer,82,68.6,137.3,36.39,103.2,0.752,modulo_2,113.0,5.0,240.0,,,,,,,,,,,,,,,,,,,,0,,,False
2022_04002034,2,mujer,60,72.9,161.5,27.95,97.0,0.601,modulo_2,113.0,4.0,340.0,,,,,,,,,,,,,,,,,,,,0,,,False
2022_04002040,2,mujer,45,103.85,146.9,48.12,,,modulo_1,171.0,1.0,370.0,,,,,,,,,,,,,32.0,19.7,8.1,0.81,1.0,198.0,22.2,1,,,False
2022_04002043,2,mujer,68,78.5,143.2,38.28,106.2,0.742,modulo_2,124.0,1.0,745.0,,,,,,,,,,,,,,,,,,,,0,,,False
2022_04002046,2,mujer,59,58.65,138.7,30.49,92.8,0.669,modulo_1,125.0,3.0,300.0,,,,,,,,,,,,,,,,,,,,1,,,False
2022_04002048,1,hombre,55,80.35,168.9,28.17,99.5,0.589,modulo_1,128.0,2.0,315.0,,,,,,,,,,,,,,,,,,,,1,,,False
2022_04002049,2,mujer,56,86.7,149.6,38.74,127.3,0.851,modulo_1,149.0,4.0,180.0,,,,,,,,,,,,,,,,,,,,1,,,False
2022_04002059,2,mujer,62,66.7,151.0,29.25,100.4,0.665,modulo_2,167.0,1.0,300.0,,,,,,,,,,,,,,,,,,,,0,,,False
2022_04002060,1,hombre,58,72.85,156.0,29.94,102.7,0.658,modulo_1,151.0,3.0,390.0,5.6,87.0,114.0,5.3,141.0,51.0,65.0,133.0,6.0,3.5,3.3,11.5,,,,,,,,1,0.0,0.0,True
2022_04002064,2,mujer,47,68.35,148.0,31.2,91.2,0.616,modulo_1,101.0,3.0,510.0,,,,,,,,,,,,,,,,,,,,1,,,False
2022_04002067,2,mujer,65,63.15,140.9,31.81,93.9,0.666,modulo_2,150.0,4.0,280.0,6.7,99.0,146.0,12.3,206.0,41.0,138.0,166.0,4.0,0.71,4.1,13.5,,,,,,,,1,1.0,1.0,True
2022_04002068,1,hombre,45,74.0,158.0,29.64,100.4,0.635,modulo_1,119.0,4.0,480.0,,,,,,,,,,,,,,,,,,,,1,,,False
2022_04002071,2,mujer,39,68.45,155.3,28.38,90.5,0.583,modulo_1,147.0,3.0,130.0,,,,,,,,,,,,,,,,,,,,1,,,False
2022_04002072,2,mujer,59,90.45,160.0,35.33,114.5,0.716,modulo_1,123.0,3.0,520.0,,,,,,,,,,,,,,,,,,,,1,,,False
2022_04002078,2,mujer,73,76.5,139.9,39.09,111.9,0.8,modulo_2,187.0,5.0,780.0,,,,,,,,,,,,,,,,,,,,0,,,False
2022_04002079,1,hombre,51,79.7,165.0,29.27,99.7,0.604,modulo_1,113.0,3.0,600.0,5.8,99.0,120.0,8.7,186.0,39.0,108.0,201.0,4.0,0.89,4.3,14.7,,,,,,,,1,0.0,1.0,True
2022_04002082,2,mujer,49,72.15,155.1,29.99,84.2,0.543,modulo_1,168.0,3.0,560.0,,,,,,,,,,,,,,,,,,,,1,,,False
2022_04002086,1,hombre,60,77.75,169.1,27.19,96.4,0.57,modulo_2,107.0,2.0,300.0,,,,,,,,,,,,,,,,,,,,0,,,False
2022_04002099,1,hombre,44,91.6,168.5,32.26,106.4,0.631,modulo_1,138.0,1.0,380.0,,,,,,,,,,,,,,,,,,,,1,,,False
2022_04002105,2,mujer,53,68.4,146.9,31.7,103.7,0.706,modulo_1,107.0,1.0,240.0,5.2,144.0,103.0,13.0,159.0,46.0,90.0,161.0,3.9,0.63,3.5,14.8,,,,,,,,1,0.0,0.0,True
2022_04002106,1,hombre,56,80.8,157.5,32.57,102.8,0.653,modulo_1,115.0,1.0,180.0,5.4,,108.0,,,,,,,,,13.9,,,,,,,,1,0.0,0.0,True
2022_04002117,2,mujer,42,52.2,149.9,23.23,76.3,0.509,modulo_1,134.0,4.0,360.0,5.4,83.0,108.0,2.5,151.0,61.0,80.0,49.0,3.5,0.59,4.0,12.2,55.8,31.5,4.2,0.02,0.7,586.0,22.5,0,0.0,0.0,True
2022_04002122,1,hombre,42,107.6,161.2,41.41,121.1,0.751,modulo_1,118.0,2.0,660.0,5.5,88.0,111.0,14.5,89.0,28.0,50.0,120.0,5.8,0.7,3.3,14.8,,,,,,,,1,0.0,0.0,True
2022_04002125,2,mujer,62,64.3,144.1,30.97,98.8,0.686,modulo_2,156.0,2.0,420.0,,,,,,,,,,,,,,,,,,,,0,,,False
2022_04002126,2,mujer,33,84.35,152.2,36.41,108.0,0.71,modulo_1,97.0,4.0,570.0,4.9,77.0,94.0,10.7,147.0,30.0,81.0,172.0,3.3,0.62,3.3,14.4,103.4,23.4,6.3,0.9,0.8,180.0,31.7,0,0.0,0.0,True
2022_04002127,2,mujer,29,99.3,156.9,40.34,,,modulo_1,104.0,4.0,240.0,5.7,62.0,117.0,4.8,96.0,29.0,61.0,80.0,3.2,0.21,1.9,12.3,26.3,42.8,4.3,1.2,0.8,181.0,17.8,1,0.0,1.0,True
2022_04002129,2,mujer,40,76.55,149.9,34.07,102.6,0.684,modulo_1,92.0,4.0,330.0,5.3,70.0,105.0,4.0,105.0,38.0,53.0,80.0,3.1,0.5,2.6,12.1,10.9,30.7,5.7,0.44,1.5,304.0,25.5,0,0.0,0.0,True
2022_04002130,2,mujer,37,79.55,143.4,38.68,102.3,0.713,modulo_1,108.0,2.0,620.0,,,,,,,,,,,,,,,,,,,,1,,,False
2022_04002131,1,hombre,39,72.6,153.4,30.85,99.6,0.649,modulo_1,115.0,4.0,625.0,5.4,84.0,108.0,10.2,210.0,41.0,130.0,169.0,3.9,0.81,3.6,14.6,,,,,,,,1,0.0,0.0,True
2022_04002137,2,mujer,61,71.75,145.4,33.94,106.7,0.734,modulo_2,126.0,4.0,370.0,,,,,,,,,,,,,,,,,,,,0,,,False
2022_04002138,2,mujer,35,70.25,146.1,32.91,102.2,0.7,modulo_1,137.0,1.0,440.0,,,,,,,,,,,,,,,,,,,,1,,,False
2022_04002142,1,hombre,41,94.2,175.2,30.69,107.4,0.613,modulo_1,125.0,2.0,720.0,5.4,54.0,108.0,8.4,62.0,17.0,44.0,66.0,5.3,0.6,1.5,16.4,,,,,,,,1,0.0,0.0,True
2022_04002143,2,mujer,67,56.6,155.0,23.56,89.7,0.579,modulo_2,130.0,1.0,660.0,5.4,63.0,108.0,2.3,72.0,23.0,52.0,39.0,4.5,0.49,1.9,13.5,,,,,,,,0,0.0,0.0,True
2022_04002144,2,mujer,39,83.0,148.9,37.44,105.3,0.707,modulo_1,123.0,4.0,360.0,,,,,,,,,,,,,,,,,,,,1,,,False
2022_04002145,2,mujer,79,38.85,137.1,20.67,76.1,0.555,modulo_2,123.0,3.0,180.0,5.7,118.0,117.0,31.5,95.0,16.0,48.0,237.0,2.7,0.41,1.9,14.3,,,,,,,,0,0.0,1.0,True
2022_04002148,2,mujer,21,67.35,158.8,26.71,,,modulo_1,115.0,5.0,310.0,,,,,,,,,,,,,,,,,,,,1,,,False
2022_04002149,2,mujer,68,47.8,139.2,24.67,89.4,0.642,modulo_2,200.0,3.0,540.0,,,,,,,,,,,,,,,,,,,,0,,,False
2022_04002152,2,mujer,80,64.7,154.0,27.28,,,modulo_2,120.0,2.0,240.0,5.4,66.0,108.0,0.6,52.0,24.0,26.0,49.0,1.9,0.37,1.7,11.1,,,,,,,,0,0.0,0.0,True
2022_04002154,2,mujer,26,75.9,146.5,35.36,104.4,0.713,modulo_1,122.0,5.0,150.0,5.8,77.0,120.0,20.5,100.0,32.0,58.0,106.0,3.7,0.4,3.3,11.6,11.5,12.3,4.3,0.45,0.9,128.0,30.6,1,0.0,1.0,True
2022_04002155,2,mujer,47,83.25,149.2,37.4,,,modulo_1,169.0,5.0,750.0,,,,,,,,,,,,,,,,,,,,1,,,False
2022_04002160,2,mujer,69,64.7,154.0,27.28,,,modulo_2,124.0,3.0,300.0,,,,,,,,,,,,,,,,,,,,0,,,False
2022_04002164,1,hombre,48,73.3,164.5,27.09,93.1,0.566,modulo_1,106.0,4.0,625.0,,,,,,,,,,,,,,,,,,,,1,,,False
2022_04002166,2,mujer,62,58.25,146.9,26.99,92.4,0.629,modulo_2,127.0,4.0,150.0,,,,,,,,,,,,,,,,,,,,1,,,False
2022_04002167,2,mujer,37,58.3,144.1,28.08,84.2,0.584,modulo_1,115.0,3.0,470.0,,,,,,,,,,,,,,,,,,,,1,,,False
2022_04002168,2,mujer,43,98.05,149.1,44.11,125.9,0.844,modulo_1,99.0,4.0,240.0,,,,,,,,,,,,,,,,,,,,0,,,False
2022_04002171,2,mujer,49,78.8,147.3,36.32,107.2,0.728,modulo_1,107.0,1.0,660.0,,,,,,,,,,,,,,,,,,,,1,,,False
2022_04002173,2,mujer,49,118.2,154.1,49.78,128.3,0.833,modulo_1,117.0,3.0,390.0,,,,,,,,,,,,13.5,106.8,22.4,5.4,0.59,0.8,249.0,20.2,1,,,False
2022_04002174,1,hombre,52,129.8,165.5,47.39,137.4,0.83,modulo_1,124.0,4.0,180.0,6.0,85.0,126.0,4.8,67.0,26.0,40.0,68.0,5.7,0.5,1.7,12.9,,,,,,,,1,0.0,1.0,True
2022_04002177,2,mujer,55,83.15,149.2,37.35,118.5,0.794,modulo_1,123.0,4.0,480.0,,,,,,,,,,,,,,,,,,,,1,,,False
2022_04002179,1,hombre,47,127.5,171.2,43.5,132.8,0.776,modulo_1,112.0,2.0,600.0,7.2,89.0,160.0,19.1,89.0,25.0,58.0,92.0,3.3,0.65,2.6,16.6,,,,,,,,1,1.0,1.0,True
2022_04002180,2,mujer,63,66.4,142.7,32.61,106.1,0.744,modulo_2,115.0,5.0,430.0,,,,,,,,,,,,,,,,,,,,0,,,False
2022_04002181,1,hombre,55,83.51,153.8,35.3,109.8,0.714,modulo_1,172.0,2.0,670.0,,,,,,,,,,,,,,,,,,,,1,,,False
2022_04002183,1,hombre,48,66.3,156.6,27.04,90.9,0.58,modulo_1,111.0,2.0,1021.0,5.4,60.0,108.0,4.3,118.0,17.0,62.0,298.0,4.1,0.58,2.3,15.7,,,,,,,,1,0.0,0.0,True
2022_04002185,1,hombre,31,59.9,150.2,26.55,84.2,0.561,modulo_1,113.0,2.0,660.0,,,,,,,,,,,,,,,,,,,,1,,,False
2022_04002186,2,mujer,35,96.35,153.3,41.0,119.9,0.782,modulo_1,116.0,3.0,330.0,,,,,,,,,,,,,,,,,,,,1,,,False
2022_04002187,1,hombre,63,55.15,143.5,26.78,87.9,0.613,modulo_2,124.0,4.0,600.0,,,,,,,,,,,,,,,,,,,,0,,,False
2022_04002188,2,mujer,53,66.3,150.4,29.31,93.2,0.62,modulo_1,146.0,1.0,780.0,5.2,84.0,103.0,4.0,134.0,24.0,56.0,438.0,4.1,0.5,3.2,14.8,,,,,,,,1,0.0,0.0,True
2022_04002190,1,hombre,59,79.7,166.4,28.78,106.1,0.638,modulo_1,104.0,2.0,360.0,,,,,,,,,,,,,,,,,,,,1,,,False
2022_04002193,2,mujer,54,73.8,149.8,32.89,97.2,0.649,modulo_1,128.0,3.0,680.0,6.1,78.0,128.0,10.1,87.0,31.0,48.0,106.0,3.0,0.44,3.0,12.0,,,,,,,,1,0.0,1.0,True
2022_04002194,1,hombre,66,71.95,152.9,30.78,107.4,0.702,modulo_2,116.0,1.0,810.0,,,,,,,,,,,,,,,,,,,,0,,,False
2022_04003007,2,mujer,86,51.2,144.5,24.52,88.9,0.615,modulo_2,128.0,1.0,300.0,,,,,,,,,,,,,,,,,,,,0,,,False
2022_04003008,1,hombre,68,89.4,163.3,33.52,111.1,0.68,modulo_2,140.0,4.0,320.0,5.8,60.0,120.0,4.2,64.0,15.0,36.0,130.0,4.4,1.2,1.6,11.6,,,,,,,,0,0.0,1.0,True
2022_04003009,2,mujer,40,69.6,157.1,28.2,99.0,0.63,modulo_1,106.0,3.0,660.0,5.0,73.0,97.0,10.4,86.0,32.0,43.0,82.0,4.6,0.51,3.5,13.5,44.7,13.9,11.2,0.08,1.0,288.0,24.4,1,0.0,0.0,True
2022_04003012,1,hombre,26,95.6,168.4,33.71,105.5,0.626,modulo_1,92.0,4.0,270.0,,,,,,,,,,,,,,,,,,,,0,,,False
2022_04003015,2,mujer,61,77.25,150.9,33.93,123.6,0.819,modulo_2,147.0,4.0,320.0,6.5,171.0,140.0,14.2,97.0,22.0,53.0,194.0,4.3,0.88,2.4,10.8,,,,,,,,0,1.0,1.0,True
2022_04003016,1,hombre,51,86.4,164.3,32.01,112.5,0.685,modulo_1,123.0,1.0,540.0,,,,,,,,,,,,,,,,,,,,1,,,False
2022_04003021,2,mujer,38,53.55,148.4,24.32,,,modulo_1,90.0,5.0,640.0,,,,,,,,,,,,,,,,,,,,0,,,False
2022_04004001,2,mujer,31,57.8,152.9,24.72,,,modulo_1,93.0,5.0,720.0,,,,,,,,,,,,,,,,,,,,0,,,False
2022_04004004,2,mujer,55,94.3,148.2,42.94,119.8,0.808,modulo_1,122.0,3.0,210.0,,,,,,,,,,,,,,,,,,,,1,,,False
2022_04004009,2,mujer,66,58.05,147.9,26.54,90.3,0.611,modulo_2,140.0,5.0,270.0,5.6,78.0,114.0,5.0,177.0,51.0,93.0,111.0,5.7,0.68,3.8,12.9,,,,,,,,0,0.0,0.0,True
2022_04004017,2,mujer,35,71.35,151.3,31.17,92.4,0.611,modulo_1,100.0,4.0,240.0,5.1,94.0,100.0,22.7,149.0,36.0,83.0,216.0,3.2,0.61,3.9,14.2,10.4,14.8,5.1,0.13,1.0,408.0,21.7,0,0.0,0.0,True
2022_04004022,2,mujer,22,67.35,155.5,27.85,89.0,0.572,modulo_1,99.0,4.0,420.0,,,,,,,,,,,,,,,,,,,,0,,,False
2022_04004024,2,mujer,42,86.3,162.0,32.88,99.3,0.613,modulo_1,110.0,2.0,570.0,,,,,,,,,,,,,,,,,,,,1,,,False
2022_04004026,2,mujer,42,93.9,159.0,37.14,110.2,0.693,modulo_1,159.0,1.0,240.0,9.6,212.0,229.0,47.5,139.0,37.0,71.0,299.0,2.1,0.45,3.8,10.9,4.8,17.8,5.9,0.83,1.1,221.0,19.1,1,1.0,1.0,True
2022_04004027,1,hombre,47,68.4,164.3,25.34,93.5,0.569,modulo_1,134.0,3.0,660.0,,,,,,,,,,,,,,,,,,,,1,,,False
2022_04004028,2,mujer,55,42.35,148.5,19.2,70.3,0.473,modulo_1,135.0,3.0,310.0,5.1,83.0,100.0,6.9,172.0,66.0,88.0,93.0,2.4,0.5,3.5,12.8,,,,,,,,0,0.0,0.0,True
2022_04008002,2,mujer,58,67.7,138.8,35.14,111.5,0.803,modulo_1,111.0,3.0,90.0,,,,,,,,,,,,,,,,,,,,1,,,False
2022_04008005,2,mujer,52,76.85,145.8,36.15,99.4,0.682,modulo_1,96.0,4.0,780.0,,,,,,,,,,,,,,,,,,,,0,,,False
2022_04008008,2,mujer,34,68.35,145.9,32.11,93.8,0.643,modulo_1,110.0,3.0,180.0,,,,,,,,,,,,,,,,,,,,1,,,False
2022_04008009,2,mujer,55,69.1,148.4,31.38,101.9,0.687,modulo_1,158.0,3.0,300.0,5.5,97.0,111.0,12.0,169.0,51.0,96.0,103.0,4.7,0.56,3.8,12.5,,,,,,,,1,0.0,0.0,True
2022_04008010,2,mujer,51,86.75,140.2,44.13,118.8,0.847,modulo_1,154.0,2.0,270.0,,,,,,,,,,,,,,,,,,,,1,,,False
2022_04008013,2,mujer,32,88.5,152.2,38.2,103.7,0.681,modulo_1,106.0,4.0,320.0,5.2,97.0,103.0,54.6,153.0,35.0,97.0,201.0,4.2,0.54,3.9,13.7,77.8,24.2,4.7,0.36,0.8,384.0,37.8,1,0.0,0.0,True
2022_04008014,2,mujer,26,68.45,141.1,34.38,88.8,0.629,modulo_1,110.0,4.0,360.0,,,,,,,,,,,,,,,,,,,,1,,,False
2022_04008016,1,hombre,41,58.75,140.8,29.63,103.8,0.737,modulo_2,126.0,5.0,240.0,,,,,,,,,,,,,,,,,,,,0,,,False
2022_04008019,1,hombre,54,86.75,155.3,35.97,115.4,0.743,modulo_1,128.0,4.0,480.0,,,,,,,,,,,,,,,,,,,,1,,,False
2022_04008021,2,mujer,67,64.7,154.0,27.28,,,modulo_2,141.0,4.0,480.0,,,,,,,,,,,,,,,,,,,,0,,,False
2022_04008023,1,hombre,63,68.85,150.6,30.36,99.4,0.66,modulo_2,121.0,2.0,360.0,,,,,,,,,,,,,,,,,,,,0,,,False
2022_04008024,2,mujer,55,56.5,146.4,26.36,96.4,0.658,modulo_1,129.0,5.0,860.0,11.2,265.0,275.0,9.3,131.0,31.0,73.0,181.0,4.3,0.85,2.9,9.9,,,,,,,,1,1.0,1.0,True
2022_04008028,2,mujer,55,62.9,144.7,30.04,99.4,0.687,modulo_1,126.0,4.0,456.0,6.0,97.0,126.0,14.0,172.0,50.0,102.0,195.0,4.5,0.54,3.5,13.1,,,,,,,,1,0.0,1.0,True
2022_04008030,2,mujer,57,66.25,148.0,30.25,100.1,0.676,modulo_1,118.0,1.0,330.0,5.5,89.0,111.0,9.0,174.0,44.0,112.0,134.0,5.4,0.46,4.0,12.8,,,,,,,,1,0.0,0.0,True
2022_04008032,2,mujer,20,90.85,147.9,41.53,,,modulo_1,91.0,5.0,390.0,,,,,,,,,,,,,,,,,,,,0,,,False
2022_04008033,2,mujer,46,64.7,143.8,31.29,103.2,0.718,modulo_1,117.0,4.0,370.0,5.6,110.0,114.0,13.6,200.0,65.0,115.0,126.0,4.4,0.5,4.0,12.3,69.1,24.2,4.5,0.32,1.4,7520.0,21.6,1,0.0,0.0,True
2022_04008034,2,mujer,45,70.75,149.2,31.78,90.5,0.607,modulo_1,121.0,5.0,300.0,5.4,90.0,108.0,12.5,158.0,46.0,99.0,124.0,4.1,0.47,3.6,11.0,4.0,13.3,5.7,0.14,2.0,155.0,22.2,1,0.0,0.0,True
2022_04008038,2,mujer,51,88.05,152.4,37.91,111.8,0.734,modulo_1,119.0,5.0,480.0,11.2,226.0,275.0,3.3,185.0,66.0,94.0,126.0,2.8,0.64,3.7,14.0,,,,,,,,1,1.0,1.0,True
2022_04008041,2,mujer,68,60.95,148.0,27.83,100.3,0.678,modulo_2,135.0,3.0,540.0,,,,,,,,,,,,,,,,,,,,0,,,False
2022_05002001,1,hombre,43,106.8,174.5,35.07,114.4,0.656,modulo_1,94.0,2.0,92.0,,,,,,,,,,,,,,,,,,,,1,,,False
2022_05002003,1,hombre,52,72.95,168.0,25.85,98.0,0.583,modulo_1,102.0,1.0,270.0,,,,,,,,,,,,,,,,,,,,1,,,False
2022_05002004,2,mujer,42,77.15,155.5,31.91,112.0,0.72,modulo_1,94.0,4.0,120.0,5.4,84.0,108.0,10.1,204.0,36.0,112.0,245.0,4.8,0.55,4.0,14.8,52.0,16.8,9.22,0.38,1.0,120.0,30.7,1,0.0,0.0,True
2022_05002005,2,mujer,42,81.25,155.5,33.6,,,modulo_1,119.0,1.0,270.0,,,,,,,,,,,,,,,,,,,,1,,,False
2022_05002006,1,hombre,39,79.95,155.0,33.28,105.0,0.677,modulo_1,123.0,4.0,495.0,5.7,78.0,117.0,5.8,252.0,43.0,148.0,235.0,6.8,1.03,4.6,17.3,,,,,,,,1,0.0,1.0,True
2022_05002008,1,hombre,41,102.6,172.3,34.56,121.8,0.707,modulo_1,159.0,4.0,540.0,,,,,,,,,,,,,,,,,,,,1,,,False
2022_05002011,1,hombre,49,88.8,188.5,24.99,109.8,0.582,modulo_1,114.0,4.0,120.0,,,,,,,,,,,,,,,,,,,,1,,,False
2022_05002016,1,hombre,36,79.15,,,99.1,,modulo_1,120.0,4.0,495.0,,,,,,,,,,,,,,,,,,,,0,,,False
2022_05002018,2,mujer,49,50.2,138.9,26.02,85.3,0.614,modulo_1,113.0,4.0,135.0,5.3,80.0,105.0,6.6,169.0,49.0,88.0,143.0,3.9,0.59,4.1,14.3,50.2,15.7,7.41,0.16,1.3,337.0,26.3,1,0.0,0.0,True
2022_05002020,2,mujer,31,89.4,158.0,35.81,114.0,0.722,modulo_1,89.0,2.0,40.0,,,,,,,,,,,,,,,,,,,,1,,,False
2022_05002022,1,hombre,63,83.7,163.2,31.43,108.9,0.667,modulo_2,173.0,4.0,900.0,,,,,,,,,,,,,,,,,,,,0,,,False
2022_05002029,1,hombre,36,85.55,163.3,32.08,104.0,0.637,modulo_1,118.0,4.0,150.0,,,,,,,,,,,,,,,,,,,,1,,,False
2022_05002030,1,hombre,32,56.05,158.5,22.31,78.4,0.495,modulo_1,102.0,5.0,125.0,,,,,,,,,,,,,,,,,,,,1,,,False
2022_05002031,2,mujer,38,79.6,165.0,29.24,110.0,0.667,modulo_1,88.0,1.0,140.0,,,,,,,,,,,,,,,,,,,,1,,,False
2022_05002032,1,hombre,33,66.2,166.4,23.91,89.5,0.538,modulo_1,98.0,5.0,960.0,,,,,,,,,,,,,,,,,,,,0,,,False
2022_05017001,1,hombre,56,85.6,163.5,32.02,114.7,0.702,modulo_1,124.0,3.0,170.0,7.2,139.0,160.0,19.3,119.0,31.0,62.0,191.0,7.1,0.96,4.7,16.4,,,,,,,,1,1.0,1.0,True
2022_05017003,2,mujer,50,58.5,152.2,25.25,87.7,0.576,modulo_1,117.0,4.0,35.0,5.5,84.0,111.0,3.6,178.0,45.0,100.0,123.0,3.0,0.62,4.2,13.0,,,,,,,,1,0.0,0.0,True
2022_05017005,2,mujer,52,85.15,152.0,36.86,100.8,0.663,modulo_1,111.0,3.0,135.0,,,,,,,,,,,,,,,,,,,,1,,,False
2022_05017006,2,mujer,46,104.45,154.2,43.93,112.0,0.726,modulo_1,119.0,4.0,320.0,9.6,171.0,229.0,21.8,169.0,35.0,108.0,192.0,2.7,0.57,3.5,13.1,10.2,14.1,6.35,0.67,1.6,152.0,15.4,1,1.0,1.0,True
2022_05017007,1,hombre,60,72.25,160.2,28.15,103.6,0.647,modulo_2,118.0,2.0,480.0,,,,,,,,,,,,,,,,,,,,0,,,False
2022_05017009,2,mujer,38,77.9,159.4,30.66,102.6,0.644,modulo_1,116.0,1.0,660.0,5.8,170.0,120.0,28.6,77.0,29.0,38.0,75.0,6.1,0.73,3.9,13.9,32.8,21.7,5.49,0.93,1.2,425.0,21.6,1,0.0,1.0,True
2022_05017011,2,mujer,64,60.9,140.6,30.81,104.6,0.744,modulo_2,122.0,5.0,70.0,,,,,,,,,,,,,,,,,,,,1,,,False
2022_05017013,1,hombre,27,69.95,162.8,26.39,92.9,0.571,modulo_1,113.0,3.0,840.0,5.4,95.0,108.0,19.5,189.0,44.0,96.0,264.0,8.4,0.75,4.6,15.0,,,,,,,,1,0.0,0.0,True
2022_05017014,2,mujer,51,78.95,151.0,34.63,108.5,0.719,modulo_1,101.0,2.0,130.0,,,,,,,,,,,,,,,,,,,,1,,,False
2022_05017016,2,mujer,46,63.75,154.6,26.67,95.0,0.614,modulo_1,136.0,3.0,300.0,,,,,,,,,,,,,,,,,,,,1,,,False
2022_05017018,2,mujer,53,75.9,163.9,28.25,102.5,0.625,modulo_1,98.0,3.0,60.0,,,,,,,,,,,,,,,,,,,,1,,,False
2022_05017023,2,mujer,34,75.95,162.2,28.87,98.7,0.609,modulo_1,117.0,4.0,970.0,,,,,,,,,,,,,,,,,,,,1,,,False
2022_05017027,1,hombre,20,62.8,175.6,20.37,73.2,0.417,modulo_1,118.0,3.0,780.0,5.5,95.0,111.0,11.7,139.0,41.0,70.0,140.0,6.2,1.0,4.4,16.8,,,,,,,,0,0.0,0.0,True
2022_05017029,1,hombre,58,107.45,161.0,41.45,123.9,0.77,modulo_1,143.0,3.0,170.0,6.6,77.0,143.0,12.3,152.0,31.0,97.0,205.0,5.8,0.86,4.0,16.1,,,,,,,,1,1.0,1.0,True
2022_05017030,2,mujer,40,75.65,156.0,31.09,98.0,0.628,modulo_1,115.0,3.0,190.0,,,,,,,,,,,,15.4,140.0,14.0,6.77,0.85,1.4,273.0,30.8,1,,,False
2022_05017031,2,mujer,58,100.9,155.9,41.51,126.2,0.809,modulo_1,141.0,4.0,440.0,6.1,94.0,128.0,9.4,195.0,46.0,113.0,148.0,7.6,0.94,4.0,14.1,,,,,,,,1,0.0,1.0,True
2022_05024003,1,hombre,48,89.1,169.5,31.01,109.1,0.644,modulo_1,116.0,3.0,330.0,5.7,100.0,117.0,63.0,159.0,40.0,100.0,171.0,5.8,0.89,4.0,15.8,,,,,,,,1,0.0,1.0,True
2022_05024005,2,mujer,66,86.95,156.1,35.68,113.8,0.729,modulo_2,140.0,5.0,120.0,,,,,,,,,,,,,,,,,,,,1,,,False
2022_05024007,2,mujer,50,83.05,157.5,33.48,114.0,0.724,modulo_1,193.0,4.0,460.0,,,,,,,,,,,,,,,,,,,,1,,,False
2022_05024013,1,hombre,38,115.45,175.0,37.7,122.5,0.7,modulo_1,127.0,3.0,675.0,,,,,,,,,,,,,,,,,,,,1,,,False
2022_05024022,2,mujer,32,83.6,151.0,36.67,101.7,0.674,modulo_1,106.0,2.0,135.0,,,,,,,,,,,,,,,,,,,,1,,,False
2022_05024024,2,mujer,29,65.35,159.6,25.66,95.6,0.599,modulo_1,111.0,3.0,500.0,,,,,,,,,,,,,,,,,,,,1,,,False
2022_05026001,2,mujer,54,81.4,157.2,32.94,120.0,0.763,modulo_1,139.0,2.0,40.0,,,,,,,,,,,,,,,,,,,,1,,,False
2022_05026002,1,hombre,51,73.7,168.4,25.99,94.9,0.564,modulo_1,108.0,4.0,660.0,5.7,120.0,117.0,13.4,249.0,49.0,92.0,563.0,5.3,0.81,4.7,14.2,,,,,,,,1,0.0,1.0,True
2022_05026003,1,hombre,27,48.35,163.5,18.09,69.8,0.427,modulo_1,114.0,3.0,200.0,,,,,,,,,,,,,,,,,,,,0,,,False
2022_05026007,2,mujer,36,68.2,158.8,27.04,96.2,0.606,modulo_1,106.0,2.0,150.0,5.6,84.0,114.0,12.6,225.0,30.0,163.0,186.0,5.4,0.64,4.1,11.7,26.7,16.2,9.11,0.24,0.8,182.0,24.6,1,0.0,0.0,True
2022_05026009,1,hombre,58,59.9,167.8,21.27,82.0,0.489,modulo_1,94.0,2.0,720.0,,,,,,,,,,,,,,,,,,,,0,,,False
2022_05026011,1,hombre,50,75.0,162.6,28.37,88.0,0.541,modulo_1,133.0,5.0,810.0,,,,,,,,,,,,,,,,,,,,1,,,False
2022_05026012,2,mujer,20,83.45,153.8,35.28,106.2,0.691,modulo_1,114.0,4.0,411.0,,,,,,,,,,,,,,,,,,,,1,,,False
2022_05026013,2,mujer,47,70.35,157.1,28.5,89.4,0.569,modulo_1,113.0,3.0,690.0,,,,,,,,,,,,,,,,,,,,1,,,False
2022_05026014,2,mujer,57,78.65,153.1,33.55,113.7,0.743,modulo_1,121.0,5.0,480.0,9.3,75.0,220.0,40.4,233.0,43.0,144.0,174.0,6.4,0.66,3.6,13.4,,,,,,,,1,1.0,1.0,True
2022_05026015,2,mujer,35,74.65,156.8,30.36,95.0,0.606,modulo_1,121.0,1.0,190.0,9.9,258.0,237.0,8.9,194.0,48.0,122.0,174.0,4.4,0.49,4.2,14.0,46.4,24.8,4.83,0.32,1.0,248.0,28.2,1,1.0,1.0,True
2022_05027002,1,hombre,44,58.7,158.3,23.42,84.0,0.531,modulo_1,122.0,4.0,330.0,,,,,,,,,,,,,,,,,,,,0,,,False
2022_05027005,2,mujer,49,57.9,148.6,26.22,82.2,0.553,modulo_1,109.0,3.0,420.0,,,,,,,,,,,,,,,,,,,,1,,,False
2022_05027007,1,hombre,25,59.3,151.8,25.73,90.0,0.593,modulo_1,143.0,4.0,330.0,,,,,,,,,,,,,,,,,,,,1,,,False
2022_05027008,2,mujer,21,73.0,156.8,29.69,90.9,0.58,modulo_1,100.0,2.0,10.0,,,,,,,,,,,,,,,,,,,,1,,,False
2022_05027010,2,mujer,53,64.35,147.7,29.5,106.9,0.724,modulo_1,115.0,1.0,190.0,9.0,177.0,212.0,7.7,172.0,54.0,102.0,78.0,4.5,0.65,3.7,14.0,,,,,,,,1,1.0,1.0,True
2022_05027012,2,mujer,22,51.9,168.8,18.21,70.2,0.416,modulo_1,92.0,5.0,300.0,,,,,,,,,,,,,,,,,,,,0,,,False
2022_05027013,2,mujer,58,58.9,158.0,23.59,88.2,0.558,modulo_1,112.0,5.0,80.0,,,,,,,,,,,,,,,,,,,,1,,,False
2022_05027015,2,mujer,29,55.1,155.5,22.79,77.8,0.5,modulo_1,104.0,4.0,420.0,,,,,,,,,,,,,,,,,,,,0,,,False
2022_05027017,2,mujer,35,66.6,152.3,28.71,93.3,0.613,modulo_1,89.0,2.0,400.0,,,,,,,,,,,,,,,,,,,,0,,,False
2022_05027018,2,mujer,51,86.45,153.0,36.93,112.0,0.732,modulo_1,102.0,4.0,90.0,,,,,,,,,,,,,,,,,,,,1,,,False
2022_05027021,1,hombre,48,85.05,165.7,30.98,109.2,0.659,modulo_1,110.0,1.0,870.0,5.6,98.0,114.0,2.8,210.0,58.0,132.0,101.0,5.5,0.98,4.7,16.3,,,,,,,,1,0.0,0.0,True
2022_05027022,1,hombre,26,65.3,158.4,26.03,85.5,0.54,modulo_1,126.0,2.0,200.0,5.4,77.0,108.0,5.1,156.0,39.0,99.0,202.0,4.2,0.72,4.0,16.0,,,,,,,,1,0.0,0.0,True
2022_05027026,1,hombre,36,71.6,157.9,28.72,91.8,0.581,modulo_1,121.0,1.0,120.0,,,,,,,,,,,,,,,,,,,,1,,,False
2022_05027027,2,mujer,60,71.8,152.5,30.87,105.5,0.692,modulo_2,132.0,4.0,420.0,,,,,,,,,,,,,,,,,,,,0,,,False
2022_05027032,2,mujer,18,77.8,152.3,33.54,,,modulo_1,115.0,5.0,270.0,,,,,,,,,,,,,109.8,24.1,6.97,0.24,1.7,235.0,21.2,1,,,False
2022_05027035,1,hombre,39,107.15,156.5,43.75,126.3,0.807,modulo_1,113.0,5.0,360.0,,,,,,,,,,,,,,,,,,,,1,,,False
2022_05030003,2,mujer,27,84.65,167.6,30.14,91.5,0.546,modulo_1,133.0,2.0,785.0,,,,,,,,,,,,,,,,,,,,1,,,False
2022_05030004,2,mujer,25,55.45,156.6,22.61,78.0,0.498,modulo_1,98.0,3.0,685.0,,,,,,,,,,,,,,,,,,,,0,,,False
2022_05030007,1,hombre,36,77.45,165.8,28.17,99.4,0.6,modulo_1,132.0,1.0,885.0,,,,,,,,,,,,,,,,,,,,1,,,False
2022_05030012,2,mujer,24,81.05,151.0,35.55,106.5,0.705,modulo_1,104.0,3.0,510.0,5.5,99.0,111.0,14.2,182.0,50.0,103.0,230.0,4.0,0.77,4.2,13.6,73.4,12.3,6.85,0.44,1.3,205.0,20.4,1,0.0,0.0,True
2022_05030013,2,mujer,49,66.6,153.4,28.3,97.2,0.634,modulo_1,118.0,5.0,700.0,,,,,,,,,,,,,,,,,,,,1,,,False
2022_05030017,2,mujer,55,72.05,153.1,30.74,99.3,0.649,modulo_1,188.0,4.0,210.0,5.2,106.0,103.0,7.7,151.0,42.0,80.0,120.0,6.8,1.16,4.2,12.6,,,,,,,,1,0.0,0.0,True
2022_05030027,1,hombre,30,81.45,172.3,27.44,99.2,0.576,modulo_1,116.0,2.0,900.0,4.6,92.0,85.0,9.4,171.0,38.0,100.0,240.0,8.4,0.91,4.7,15.2,,,,,,,,1,0.0,0.0,True
2022_05030031,2,mujer,28,83.65,169.9,28.98,92.0,0.541,modulo_1,120.0,4.0,460.0,,,,,,,,,,,,,,,,,,,,1,,,False
2022_05030033,1,hombre,26,49.75,159.7,19.51,74.8,0.468,modulo_1,132.0,4.0,400.0,,,,,,,,,,,,,,,,,,,,0,,,False
2022_05030037,1,hombre,46,71.15,170.9,24.36,94.4,0.552,modulo_1,189.0,2.0,720.0,,,,,,,,,,,,,,,,,,,,0,,,False
2022_05030041,1,hombre,66,87.65,163.2,32.91,111.5,0.683,modulo_2,108.0,2.0,380.0,,,,,,,,,,,,,,,,,,,,0,,,False
2022_05030042,2,mujer,66,94.3,151.2,41.25,124.0,0.82,modulo_2,193.0,4.0,30.0,,,,,,,,,,,,,,,,,,,,1,,,False
2022_05030043,1,hombre,49,59.15,156.7,24.09,87.3,0.557,modulo_1,130.0,1.0,615.0,,,,,,,,,,,,,,,,,,,,0,,,False
2022_05030045,2,mujer,31,70.7,166.5,25.5,79.3,0.476,modulo_1,118.0,3.0,780.0,,,,,,,,,,,,,,,,,,,,1,,,False
2022_05030048,1,hombre,51,100.3,169.0,35.12,118.0,0.698,modulo_1,133.0,3.0,390.0,5.9,116.0,123.0,8.0,140.0,40.0,78.0,119.0,5.6,0.85,4.1,14.6,,,,,,,,1,0.0,1.0,True
2022_05030051,2,mujer,20,80.85,156.0,33.22,94.2,0.604,modulo_1,101.0,5.0,570.0,,,,,,,,,,,,,,,,,,,,1,,,False
2022_05030053,1,hombre,52,79.45,172.0,26.86,103.3,0.601,modulo_1,135.0,3.0,100.0,,,,,,,,,,,,,,,,,,,,1,,,False
2022_05030057,2,mujer,51,74.9,150.8,32.94,106.5,0.706,modulo_1,116.0,2.0,240.0,9.4,170.0,223.0,28.6,77.0,29.0,38.0,75.0,6.1,0.73,3.9,14.5,,,,,,,,1,1.0,1.0,True
2022_05030059,1,hombre,53,69.3,166.2,25.09,103.2,0.621,modulo_1,120.0,2.0,85.0,9.6,274.0,229.0,13.5,217.0,57.0,137.0,93.0,5.8,0.73,4.5,15.2,,,,,,,,1,1.0,1.0,True
2022_05030060,1,hombre,53,103.7,172.3,34.93,128.0,0.743,modulo_1,136.0,2.0,325.0,,,,,,,,,,,,,,,,,,,,1,,,False
2022_05030061,2,mujer,58,58.4,155.8,24.06,90.5,0.581,modulo_1,120.0,4.0,20.0,11.5,254.0,283.0,3.1,182.0,47.0,104.0,153.0,2.8,0.51,3.9,15.4,,,,,,,,1,1.0,1.0,True
2022_05030062,2,mujer,52,74.25,152.8,31.8,110.5,0.723,modulo_1,126.0,2.0,240.0,,,,,,,,,,,,,,,,,,,,1,,,False
2022_05030066,2,mujer,32,81.05,165.5,29.59,,,modulo_1,119.0,4.0,20.0,,,,,,,,,,,,,,,,,,,,1,,,False
2022_05030069,2,mujer,51,91.25,151.1,39.97,116.4,0.77,modulo_1,119.0,2.0,180.0,,,,,,,,,,,,,,,,,,,,1,,,False
2022_05030076,1,hombre,44,102.55,158.2,40.98,124.3,0.786,modulo_1,110.0,5.0,390.0,,,,,,,,,,,,,,,,,,,,1,,,False
2022_05030077,1,hombre,73,65.35,167.5,23.29,99.0,0.591,modulo_2,186.0,3.0,280.0,,,,,,,,,,,,,,,,,,,,0,,,False
2022_05030079,2,mujer,47,88.8,159.0,35.13,111.0,0.698,modulo_1,115.0,4.0,50.0,5.1,78.0,100.0,19.2,173.0,51.0,102.0,86.0,3.9,0.53,4.3,12.8,24.0,25.8,4.56,0.35,1.1,7520.0,15.6,1,0.0,0.0,True
2022_05030080,1,hombre,36,71.85,164.4,26.58,90.7,0.552,modulo_1,114.0,4.0,360.0,3.9,88.0,65.0,6.0,159.0,22.0,43.0,773.0,4.1,0.8,4.7,15.6,,,,,,,,1,0.0,0.0,True
2022_05030084,2,mujer,35,126.35,160.0,49.36,144.3,0.902,modulo_1,117.0,3.0,480.0,,,,,,,,,,,,,,,,,,,,1,,,False
2022_05030086,2,mujer,39,57.5,146.0,26.98,86.2,0.59,modulo_1,130.0,4.0,60.0,,,,,,,,,,,,,,,,,,,,1,,,False
2022_05030087,2,mujer,59,67.85,146.0,31.83,94.1,0.645,modulo_1,200.0,4.0,380.0,,,,,,,,,,,,,,,,,,,,1,,,False
2022_05030091,2,mujer,29,79.4,162.3,30.14,106.5,0.656,modulo_1,120.0,2.0,210.0,5.2,91.0,103.0,10.7,160.0,48.0,87.0,200.0,6.7,0.73,4.8,16.2,121.5,23.3,7.74,0.07,0.8,229.0,18.8,1,0.0,0.0,True
2022_05035001,2,mujer,65,58.35,154.5,24.44,87.0,0.563,modulo_2,122.0,4.0,380.0,5.6,96.0,114.0,9.6,246.0,63.0,153.0,71.0,4.5,0.88,4.5,15.7,,,,,,,,0,0.0,0.0,True
2022_05035003,1,hombre,51,79.25,160.4,30.8,90.3,0.563,modulo_1,104.0,3.0,600.0,,,,,,,,,,,,,,,,,,,,1,,,False
2022_05035005,2,mujer,52,83.35,163.4,31.22,94.6,0.579,modulo_1,98.0,4.0,320.0,,,,,,,,,,,,,,,,,,,,0,,,False
2022_05035006,2,mujer,45,63.35,155.0,26.37,82.5,0.532,modulo_1,116.0,1.0,240.0,5.2,92.0,103.0,13.2,130.0,46.0,71.0,66.0,2.3,0.64,3.7,13.0,16.9,12.3,4.78,0.22,0.8,322.0,29.1,1,0.0,0.0,True
2022_05035009,2,mujer,22,67.6,150.0,30.04,,,modulo_1,100.0,5.0,260.0,,,,,,,,,,,,,,,,,,,,0,,,False
2022_05035011,2,mujer,63,65.1,152.0,28.18,102.2,0.672,modulo_2,137.0,3.0,440.0,5.7,85.0,117.0,7.1,199.0,47.0,121.0,130.0,4.1,0.7,4.0,13.8,,,,,,,,0,0.0,1.0,True
2022_05035014,2,mujer,50,71.05,148.0,32.44,104.7,0.707,modulo_1,174.0,5.0,10.0,,,,,,,,,,,,,,,,,,,,1,,,False
2022_05035018,2,mujer,62,70.4,162.2,26.76,87.2,0.538,modulo_2,97.0,4.0,780.0,,,,,,,,,,,,,,,,,,,,0,,,False
2022_05035020,2,mujer,26,57.65,160.9,22.27,,,modulo_1,112.0,2.0,210.0,,,,,,,,,,,,,,,,,,,,0,,,False
2022_05035024,2,mujer,48,81.45,154.4,34.17,104.3,0.676,modulo_1,141.0,3.0,255.0,,,,,,,,,,,,10.2,15.5,10.4,15.71,0.14,1.2,1597.0,15.3,1,,,False
2022_05035025,2,mujer,56,75.15,155.5,31.08,105.6,0.679,modulo_1,97.0,3.0,200.0,5.2,104.0,103.0,23.7,146.0,30.0,87.0,179.0,5.6,1.02,3.3,14.2,,,,,,,,0,0.0,0.0,True
2022_05035034,2,mujer,55,65.8,148.8,29.72,96.1,0.646,modulo_1,138.0,2.0,720.0,8.9,182.0,209.0,22.0,178.0,35.0,99.0,213.0,5.1,0.47,3.6,13.0,,,,,,,,1,1.0,1.0,True
2022_05035035,1,hombre,48,61.05,166.3,22.08,85.5,0.514,modulo_1,154.0,5.0,20.0,5.6,120.0,114.0,13.4,249.0,49.0,92.0,563.0,5.4,0.81,4.7,17.3,,,,,,,,1,0.0,0.0,True
2022_05035039,2,mujer,61,53.5,155.1,22.24,86.7,0.559,modulo_2,136.0,5.0,135.0,10.9,272.0,266.0,3.1,256.0,43.0,153.0,271.0,4.0,0.75,4.0,14.9,,,,,,,,1,1.0,1.0,True
2022_05035040,2,mujer,60,83.05,156.9,33.74,107.5,0.685,modulo_2,133.0,2.0,180.0,6.0,122.0,126.0,42.8,231.0,54.0,147.0,206.0,5.2,0.76,3.9,12.8,,,,,,,,0,0.0,1.0,True
2022_05035041,2,mujer,68,69.9,152.3,30.14,95.7,0.628,modulo_2,104.0,2.0,390.0,,,,,,,,,,,,,,,,,,,,0,,,False
2022_05035042,2,mujer,58,86.5,162.0,32.96,113.5,0.701,modulo_1,119.0,1.0,320.0,,,,,,,,,,,,,,,,,,,,1,,,False
2022_05035046,2,mujer,52,87.0,165.0,31.96,107.4,0.651,modulo_1,126.0,5.0,300.0,,,,,,,,,,,,,,,,,,,,1,,,False
2022_05035048,2,mujer,60,91.25,157.7,36.69,103.0,0.653,modulo_2,121.0,5.0,250.0,6.0,99.0,126.0,15.4,183.0,50.0,110.0,123.0,3.6,0.71,3.7,13.3,,,,,,,,0,0.0,1.0,True
2022_05035049,2,mujer,58,64.4,156.6,26.26,88.1,0.563,modulo_1,100.0,4.0,150.0,,,,,,,,,,,,,,,,,,,,1,,,False
2022_05035051,2,mujer,30,54.55,153.0,23.3,77.8,0.508,modulo_1,99.0,3.0,660.0,,,,,,,,,,,,,,,,,,,,0,,,False
2022_05035052,2,mujer,53,67.4,154.5,28.24,92.4,0.598,modulo_1,89.0,3.0,240.0,,,,,,,,,,,,,,,,,,,,0,,,False
2022_05035053,1,hombre,49,97.95,178.0,30.91,111.5,0.626,modulo_1,128.0,2.0,210.0,5.7,122.0,117.0,18.7,230.0,49.0,144.0,194.0,9.0,1.03,4.3,17.3,,,,,,,,1,0.0,1.0,True
2022_05035056,1,hombre,50,130.4,175.8,42.19,145.6,0.828,modulo_1,104.0,4.0,600.0,,,,,,,,,,,,,,,,,,,,1,,,False
2022_05035064,1,hombre,61,53.3,159.8,20.87,77.4,0.484,modulo_2,94.0,1.0,645.0,,,,,,,,,,,,,,,,,,,,0,,,False
2022_05035067,1,hombre,62,84.45,167.7,30.03,109.1,0.651,modulo_2,126.0,1.0,505.0,5.2,89.0,103.0,2.6,133.0,133.0,66.0,98.0,5.3,0.65,3.8,15.0,,,,,,,,0,0.0,0.0,True
2022_05035068,2,mujer,50,129.8,160.1,50.64,138.6,0.866,modulo_1,113.0,2.0,500.0,,,,,,,,,,,,,,,,,,,,1,,,False
2022_05035069,1,hombre,50,85.9,161.4,32.98,113.2,0.701,modulo_1,123.0,3.0,480.0,5.6,103.0,114.0,12.0,211.0,47.0,127.0,245.0,7.7,0.79,4.4,16.2,,,,,,,,1,0.0,0.0,True
2022_05035070,1,hombre,67,58.55,158.0,23.45,87.5,0.554,modulo_2,113.0,4.0,570.0,,,,,,,,,,,,,,,,,,,,0,,,False
2022_05038003,2,mujer,28,85.35,167.6,30.38,,,modulo_1,92.0,3.0,30.0,,,,,,,,,,,,13.7,35.7,20.0,6.76,1.22,1.7,193.0,24.5,1,,,False
2022_05038005,1,hombre,49,75.65,158.8,30.0,98.9,0.623,modulo_1,114.0,1.0,360.0,,,,,,,,,,,,,,,,,,,,1,,,False
2022_05038009,2,mujer,36,62.75,158.0,25.14,86.7,0.549,modulo_1,97.0,1.0,960.0,5.4,113.0,108.0,3.6,148.0,40.0,91.0,61.0,4.0,0.72,4.2,12.4,25.7,16.0,9.19,0.24,1.0,201.0,36.2,0,0.0,0.0,True
2022_05038013,2,mujer,46,79.15,161.1,30.5,104.5,0.649,modulo_1,147.0,5.0,60.0,,,,,,,,,,,,,,,,,,,,1,,,False
2022_05038017,2,mujer,32,44.1,156.1,18.1,72.9,0.467,modulo_1,108.0,3.0,420.0,5.6,87.0,114.0,6.6,121.0,63.0,42.0,42.0,4.7,0.62,3.9,7.5,0.9,10.7,7.31,0.02,5.2,158.0,39.3,0,0.0,0.0,True
2022_05038018,2,mujer,39,118.1,159.5,46.42,126.4,0.792,modulo_1,153.0,3.0,480.0,6.0,113.0,126.0,35.8,211.0,50.0,136.0,125.0,4.0,0.76,3.8,10.9,4.1,6.2,6.83,0.38,2.5,130.0,20.3,1,0.0,1.0,True
2022_05038019,1,hombre,37,55.5,175.6,18.0,,,modulo_1,115.0,5.0,370.0,,,,,,,,,,,,,,,,,,,,0,,,False
2022_05038025,1,hombre,60,88.6,162.7,33.47,118.5,0.728,modulo_2,184.0,5.0,1680.0,10.1,286.0,243.0,15.3,203.0,43.0,124.0,280.0,4.7,0.86,4.2,17.4,,,,,,,,1,1.0,1.0,True
2022_05038026,2,mujer,21,69.25,151.6,30.13,,,modulo_1,121.0,4.0,5420.0,5.1,94.0,100.0,11.5,121.0,47.0,62.0,60.0,5.1,0.5,4.6,13.8,57.1,22.3,7.35,0.1,0.1,215.0,25.3,1,0.0,0.0,True
2022_05038027,1,hombre,46,63.75,161.1,24.56,91.5,0.568,modulo_1,159.0,4.0,270.0,,,,,,,,,,,,,,,,,,,,0,,,False
2022_05038028,2,mujer,51,62.35,150.5,27.53,93.7,0.623,modulo_1,130.0,4.0,420.0,,,,,,,,,,,,,,,,,,,,1,,,False
2022_05038029,2,mujer,51,102.15,155.6,42.19,123.2,0.792,modulo_1,114.0,3.0,710.0,,,,,,,,,,,,,,,,,,,,1,,,False
2022_05038030,1,hombre,42,60.5,151.8,26.25,,,modulo_1,115.0,2.0,270.0,,,,,,,,,,,,,,,,,,,,1,,,False
2022_06002005,1,hombre,44,101.25,173.8,33.52,116.2,0.669,modulo_1,108.0,2.0,570.0,,,,,,,,,,,,,,,,,,,,1,,,False
2022_06002010,2,mujer,74,60.85,161.5,23.33,93.4,0.578,modulo_2,129.0,2.0,130.0,,,,,,,,,,,,,,,,,,,,1,,,False
2022_06002011,2,mujer,33,50.3,160.4,19.55,66.7,0.416,modulo_1,85.0,4.0,480.0,4.8,92.0,91.0,3.9,173.0,60.0,91.0,62.0,4.7,0.85,4.5,15.7,34.0,17.6,7.4,0.05,1.5,226.0,26.5,0,0.0,0.0,True
2022_06002013,2,mujer,42,61.7,162.7,23.31,71.3,0.438,modulo_1,120.0,3.0,330.0,,,,,,,,,,,,,,,,,,,,0,,,False
2022_06002027,2,mujer,47,90.0,,,108.8,,modulo_1,154.0,3.0,270.0,,,,,,,,,,,,,,,,,,,,0,,,False
2022_06002033,2,mujer,31,104.35,159.4,41.07,118.5,0.743,modulo_1,110.0,4.0,720.0,5.7,121.0,117.0,35.1,153.0,36.0,85.0,301.0,5.2,0.49,4.2,13.0,7.6,14.6,6.46,1.22,1.7,211.0,20.4,1,0.0,1.0,True
2022_06002034,1,hombre,56,81.85,176.5,26.27,101.4,0.575,modulo_1,128.0,2.0,660.0,,,,,,,,,,,,,,,,,,,,1,,,False
2022_06002037,2,mujer,67,68.95,153.3,29.34,100.6,0.656,modulo_2,129.0,4.0,570.0,,,,,,,,,,,,,,,,,,,,0,,,False
2022_06002039,1,hombre,51,68.95,182.9,20.61,84.2,0.46,modulo_1,109.0,3.0,900.0,,,,,,,,,,,,,,,,,,,,0,,,False
2022_06002040,2,mujer,19,55.9,166.6,20.14,,,modulo_1,115.0,2.0,740.0,,,,,,,,,,,,,,,,,,,,0,,,False
2022_06002042,1,hombre,30,92.15,177.3,29.31,103.2,0.582,modulo_1,106.0,3.0,450.0,5.3,56.0,105.0,3.7,59.0,18.0,50.0,36.0,3.5,0.54,1.5,14.6,,,,,,,,1,0.0,0.0,True
2022_06002050,1,hombre,24,55.05,168.5,19.39,71.0,0.421,modulo_1,111.0,1.0,570.0,,,,,,,,,,,,,,,,,,,,0,,,False
2022_06002069,2,mujer,36,52.6,157.3,21.26,80.9,0.514,modulo_1,128.0,4.0,120.0,,,,,,,,,,,,,,,,,,,,1,,,False
2022_06003004,2,mujer,67,61.3,154.2,25.78,96.2,0.624,modulo_2,137.0,4.0,330.0,,,,,,,,,,,,,,,,,,,,0,,,False
2022_06003007,2,mujer,33,66.95,155.1,27.83,94.6,0.61,modulo_1,98.0,3.0,130.0,,,,,,,,,,,,,,,,,,,,1,,,False
2022_06003009,2,mujer,36,115.9,162.5,43.89,124.5,0.766,modulo_1,119.0,3.0,1020.0,,,,,,,,,,,,,,,,,,,,1,,,False
2022_06003013,1,hombre,60,48.3,154.7,20.18,77.1,0.498,modulo_2,101.0,3.0,660.0,,,,,,,,,,,,,,,,,,,,0,,,False
2022_06003015,2,mujer,45,86.65,152.6,37.21,116.0,0.76,modulo_1,101.0,2.0,280.0,,,,,,,,,,,,,,,,,,,,1,,,False
2022_06003025,2,mujer,66,90.25,148.0,41.2,109.8,0.742,modulo_2,141.0,5.0,480.0,6.0,91.0,126.0,10.7,175.0,50.0,139.0,76.0,4.0,0.68,2.7,13.9,,,,,,,,0,0.0,1.0,True
2022_06003027,2,mujer,67,85.0,151.5,37.03,108.5,0.716,modulo_2,125.0,5.0,300.0,,,,,,,,,,,,,,,,,,,,0,,,False
2022_06003028,1,hombre,21,89.15,173.4,29.65,98.0,0.565,modulo_1,120.0,3.0,920.0,,,,,,,,,,,,,,,,,,,,1,,,False
2022_06003029,2,mujer,65,89.45,157.4,36.11,,,modulo_2,106.0,4.0,300.0,,,,,,,,,,,,,,,,,,,,0,,,False
2022_06003033,1,hombre,66,68.2,167.5,24.31,91.7,0.547,modulo_2,135.0,4.0,480.0,,,,,,,,,,,,,,,,,,,,0,,,False
2022_06003034,2,mujer,24,56.9,156.2,23.32,84.9,0.544,modulo_1,100.0,3.0,540.0,,,,,,,,,,,,,,,,,,,,0,,,False
2022_06003036,1,hombre,74,75.5,168.1,26.72,97.0,0.577,modulo_2,128.0,4.0,800.0,,,,,,,,,,,,,,,,,,,,0,,,False
2022_06003037,2,mujer,72,65.05,167.1,23.3,87.0,0.521,modulo_1,87.0,3.0,540.0,,,,,,,,,,,,,,,,,,,,0,,,False
2022_06003039,1,hombre,36,79.85,165.6,29.12,,,modulo_1,115.0,4.0,300.0,,,,,,,,,,,,,,,,,,,,1,,,False
2022_06003040,2,mujer,31,68.4,153.0,29.22,94.3,0.616,modulo_1,104.0,4.0,285.0,5.2,84.0,103.0,11.3,159.0,42.0,98.0,192.0,5.4,0.61,4.2,14.4,55.7,18.8,5.11,0.33,0.9,271.0,23.5,1,0.0,0.0,True
2022_06003041,2,mujer,65,69.4,153.5,29.45,103.2,0.672,modulo_2,137.0,5.0,540.0,,,,,,,,,,,,,,,,,,,,0,,,False
2022_06003043,1,hombre,58,69.9,159.1,27.61,92.7,0.583,modulo_1,138.0,1.0,420.0,,,,,,,,,,,,,,,,,,,,1,,,False
2022_06003044,2,mujer,68,74.6,153.3,31.74,108.2,0.706,modulo_2,89.0,2.0,780.0,,,,,,,,,,,,,,,,,,,,0,,,False
2022_06003045,2,mujer,32,66.2,167.7,23.54,,,modulo_1,115.0,1.0,255.0,,,,,,,,,,,,,,,,,,,,0,,,False
2022_06003046,2,mujer,70,75.0,150.5,33.11,117.9,0.783,modulo_2,125.0,3.0,690.0,,,,,,,,,,,,,,,,,,,,0,,,False
2022_06003047,1,hombre,49,82.5,163.9,30.71,109.7,0.669,modulo_1,125.0,3.0,390.0,,,,,,,,,,,,,,,,,,,,1,,,False
2022_06003048,2,mujer,60,50.95,143.0,24.92,92.7,0.648,modulo_2,147.0,5.0,280.0,,,,,,,,,,,,,,,,,,,,0,,,False
2022_06003049,1,hombre,49,68.3,160.9,26.38,88.5,0.55,modulo_1,200.0,1.0,195.0,,,,,,,,,,,,,,,,,,,,1,,,False
2022_06003051,2,mujer,68,57.85,147.1,26.73,91.5,0.622,modulo_2,142.0,4.0,610.0,,,,,,,,,,,,,,,,,,,,0,,,False
2022_06003052,2,mujer,22,48.75,167.0,17.48,72.2,0.432,modulo_1,96.0,3.0,560.0,,,,,,,,,,,,,,,,,,,,0,,,False
2022_06003054,1,hombre,27,93.65,168.2,33.1,103.6,0.616,modulo_1,125.0,2.0,780.0,,,,,,,,,,,,,,,,,,,,1,,,False
2022_06003057,2,mujer,70,68.2,143.5,33.12,,,modulo_2,116.0,5.0,260.0,,,,,,,,,,,,,,,,,,,,0,,,False
2022_06003058,2,mujer,53,82.15,147.1,37.96,118.1,0.803,modulo_1,118.0,2.0,300.0,,,,,,,,,,,,,,,,,,,,1,,,False
2022_06003059,2,mujer,33,69.8,151.5,30.41,99.5,0.657,modulo_1,113.0,3.0,180.0,,,,,,,,,,,,,,,,,,,,1,,,False
2022_06003060,2,mujer,37,68.35,147.9,31.25,92.2,0.623,modulo_1,104.0,3.0,330.0,,,,,,,,,,,,,,,,,,,,1,,,False
2022_06003061,1,hombre,43,55.9,146.8,25.94,85.6,0.583,modulo_1,169.0,3.0,200.0,,,,,,,,,,,,,,,,,,,,1,,,False
2022_06003062,2,mujer,56,64.8,145.0,30.82,103.5,0.714,modulo_1,102.0,1.0,270.0,,,,,,,,,,,,,,,,,,,,1,,,False
2022_06003063,2,mujer,54,73.35,163.5,27.44,,,modulo_1,115.0,5.0,420.0,,,,,,,,,,,,,,,,,,,,1,,,False
2022_06003064,1,hombre,47,70.65,164.9,25.98,98.3,0.596,modulo_1,146.0,3.0,480.0,,,,,,,,,,,,,,,,,,,,1,,,False
2022_06003066,1,hombre,70,64.7,154.0,27.28,,,modulo_2,150.0,1.0,300.0,5.6,104.0,114.0,9.4,166.0,33.0,91.0,408.0,6.6,0.76,3.9,15.1,,,,,,,,0,0.0,0.0,True
2022_06007007,1,hombre,56,137.6,180.0,42.47,133.8,0.743,modulo_1,111.0,4.0,720.0,,,,,,,,,,,,,,,,,,,,1,,,False
2022_06007008,1,hombre,46,64.7,154.0,27.28,,,modulo_2,124.0,4.0,300.0,,,,,,,,,,,,,,,,,,,,1,,,False
2022_06007009,2,mujer,35,61.6,156.1,25.28,85.9,0.55,modulo_1,95.0,2.0,360.0,,,,,,,,,,,,,,,,,,,,0,,,False
2022_06007010,1,hombre,52,78.25,162.7,29.56,105.2,0.647,modulo_1,117.0,3.0,360.0,,,,,,,,,,,,,,,,,,,,1,,,False
2022_06007011,2,mujer,46,61.4,151.0,26.93,91.5,0.606,modulo_1,95.0,4.0,330.0,,,,,,,,,,,,,,,,,,,,0,,,False
2022_06007015,2,mujer,51,66.1,153.9,27.91,96.6,0.628,modulo_1,121.0,3.0,540.0,,,,,,,,,,,,,,,,,,,,1,,,False
2022_06007017,2,mujer,62,73.95,,,,,modulo_2,101.0,2.0,140.0,,,,,,,,,,,,,,,,,,,,1,,,False
2022_06007018,2,mujer,35,75.25,158.2,30.07,99.7,0.63,modulo_1,100.0,2.0,210.0,,,,,,,,,,,,,,,,,,,,0,,,False
2022_06007020,2,mujer,21,56.05,150.1,24.88,74.4,0.496,modulo_1,96.0,3.0,570.0,,,,,,,,,,,,,,,,,,,,0,,,False
2022_06007021,1,hombre,67,82.1,163.2,30.82,108.2,0.663,modulo_2,123.0,3.0,240.0,,,,,,,,,,,,,,,,,,,,0,,,False
2022_06007022,2,mujer,41,76.5,155.5,31.64,90.6,0.583,modulo_1,124.0,1.0,580.0,5.3,88.0,105.0,16.7,180.0,75.0,93.0,68.0,3.9,0.66,3.2,12.6,26.4,5.9,8.76,0.78,1.0,509.0,23.7,1,0.0,0.0,True
2022_06007023,1,hombre,19,62.25,176.5,19.98,,,modulo_1,115.0,2.0,510.0,,,,,,,,,,,,,,,,,,,,0,,,False
2022_06007024,1,hombre,56,73.25,168.0,25.95,90.6,0.539,modulo_1,121.0,3.0,660.0,,,,,,,,,,,,,,,,,,,,1,,,False
2022_06007025,2,mujer,53,66.45,155.9,27.34,98.2,0.63,modulo_1,101.0,2.0,390.0,,,,,,,,,,,,,,,,,,,,1,,,False
2022_06007029,2,mujer,29,76.65,150.7,33.75,101.2,0.672,modulo_1,117.0,3.0,300.0,,,,,,,,,,,,,,,,,,,,1,,,False
2022_06007032,2,mujer,39,60.55,160.3,23.56,81.6,0.509,modulo_1,118.0,3.0,360.0,,,,,,,,,,,,,,,,,,,,0,,,False
2022_06007033,1,hombre,45,76.15,167.7,27.08,99.6,0.594,modulo_1,126.0,4.0,205.0,5.3,86.0,105.0,6.6,188.0,42.0,138.0,153.0,7.5,0.85,3.5,14.0,,,,,,,,1,0.0,0.0,True
2022_06007034,2,mujer,20,52.1,156.3,21.33,73.7,0.472,modulo_1,102.0,4.0,180.0,,,,,,,,,,,,,,,,,,,,0,,,False
2022_06007035,2,mujer,42,92.35,159.3,36.39,107.4,0.674,modulo_1,114.0,3.0,300.0,,,,,,,,,,,,,,,,,,,,1,,,False
2022_06007036,1,hombre,55,88.45,169.0,30.97,106.3,0.629,modulo_1,111.0,3.0,480.0,,,,,,,,,,,,,,,,,,,,1,,,False
2022_06007040,2,mujer,47,113.5,156.0,46.64,124.0,0.795,modulo_1,108.0,2.0,435.0,,,,,,,,,,,,,,,,,,,,1,,,False
2022_06007041,1,hombre,46,62.76,155.5,25.96,86.7,0.558,modulo_1,148.0,5.0,150.0,,,,,,,,,,,,,,,,,,,,1,,,False
2022_06007042,2,mujer,49,89.3,164.2,33.12,100.2,0.61,modulo_1,125.0,2.0,382.0,,,,,,,,,,,,,,,,,,,,1,,,False
2022_06007044,1,hombre,38,79.9,163.3,29.96,93.4,0.572,modulo_1,120.0,3.0,80.0,,,,,,,,,,,,,,,,,,,,1,,,False
2022_06007048,2,mujer,52,71.0,159.1,28.05,101.5,0.638,modulo_1,85.0,4.0,900.0,,,,,,,,,,,,,,,,,,,,0,,,False
2022_06007049,1,hombre,47,78.15,165.1,28.67,100.9,0.611,modulo_1,110.0,1.0,1080.0,,,,,,,,,,,,,,,,,,,,1,,,False
2022_06007050,1,hombre,51,79.75,168.5,28.09,105.0,0.623,modulo_1,102.0,4.0,570.0,,,,,,,,,,,,,,,,,,,,1,,,False
2022_06007054,2,mujer,54,89.6,166.5,32.32,115.2,0.692,modulo_1,125.0,4.0,430.0,,,,,,,,,,,,,,,,,,,,1,,,False
2022_06007055,2,mujer,16,45.75,164.3,16.95,,,modulo_1,115.0,5.0,660.0,,,,,,,,,,,,,,,,,,,,0,,,False
2022_06007056,1,hombre,39,93.45,173.1,31.19,103.3,0.597,modulo_1,121.0,3.0,1420.0,,,,,,,,,,,,,,,,,,,,1,,,False
2022_06007057,1,hombre,68,71.45,163.8,26.63,102.6,0.626,modulo_2,172.0,2.0,500.0,,,,,,,,,,,,,,,,,,,,0,,,False
2022_06007063,1,hombre,52,94.05,162.6,35.57,114.3,0.703,modulo_1,130.0,1.0,750.0,,,,,,,,,,,,,,,,,,,,1,,,False
2022_06007064,2,mujer,36,68.05,150.1,30.2,95.5,0.636,modulo_1,111.0,5.0,360.0,,,,,,,,,,,,,,,,,,,,1,,,False
2022_06009001,2,mujer,45,61.9,167.6,22.04,77.8,0.464,modulo_1,103.0,3.0,475.0,,,,,,,,,,,,13.4,,,,,,,,0,,,False
2022_06009003,2,mujer,46,74.85,156.6,30.52,91.8,0.586,modulo_1,175.0,3.0,420.0,,,,,,,,,,,,,,,,,,,,1,,,False
2022_06009004,2,mujer,52,86.25,166.9,30.96,100.5,0.602,modulo_1,114.0,4.0,660.0,,,,,,,,,,,,,,,,,,,,1,,,False
2022_06009006,1,hombre,46,83.15,160.0,32.48,109.0,0.681,modulo_1,127.0,3.0,340.0,5.3,115.0,105.0,17.8,183.0,49.0,106.0,204.0,6.7,0.87,4.5,15.8,,,,,,,,1,0.0,0.0,True
2022_06009008,2,mujer,54,68.95,157.0,27.97,88.4,0.563,modulo_1,149.0,3.0,570.0,,,,,,,,,,,,,,,,,,,,1,,,False
2022_06009009,1,hombre,40,86.65,168.2,30.63,92.6,0.551,modulo_1,120.0,3.0,540.0,5.6,101.0,114.0,4.5,176.0,33.0,92.0,247.0,7.1,0.8,4.5,14.9,,,,,,,,1,0.0,0.0,True
2022_06009011,2,mujer,32,62.5,147.0,28.92,98.6,0.671,modulo_1,117.0,3.0,480.0,,,,,,,,,,,,,,,,,,,,1,,,False
2022_06009020,1,hombre,43,64.35,155.3,26.68,,,modulo_1,115.0,4.0,250.0,,,,,,,,,,,,,,,,,,,,1,,,False
2022_06009021,2,mujer,48,98.25,157.9,39.41,108.4,0.687,modulo_1,121.0,2.0,600.0,5.3,109.0,105.0,15.0,211.0,49.0,108.0,300.0,4.8,0.47,4.1,8.0,4.6,13.9,4.3,0.38,1.8,569.0,19.2,1,0.0,0.0,True
2022_06009024,2,mujer,52,93.3,163.2,35.03,110.2,0.675,modulo_1,130.0,3.0,120.0,,,,,,,,,,,,,,,,,,,,1,,,False
2022_06009026,1,hombre,53,75.55,159.2,29.81,107.8,0.677,modulo_1,122.0,4.0,150.0,5.4,110.0,108.0,10.1,142.0,31.0,83.0,198.0,5.6,0.77,4.4,18.7,,,,,,,,1,0.0,0.0,True
2022_06009028,2,mujer,20,40.55,148.7,18.34,66.2,0.445,modulo_1,83.0,4.0,70.0,,,,,,,,,,,,12.9,5.0,18.7,5.71,0.05,1.1,328.0,23.6,1,,,False
2022_06009029,2,mujer,52,131.75,164.7,48.57,149.4,0.907,modulo_1,105.0,3.0,780.0,5.4,68.0,108.0,18.4,109.0,34.0,73.0,83.0,4.5,0.41,2.5,12.6,,,,,,,,1,0.0,0.0,True
2022_06009031,1,hombre,67,67.8,168.0,24.02,97.3,0.579,modulo_2,145.0,4.0,300.0,,,,,,,,,,,,,,,,,,,,0,,,False
2022_06009032,2,mujer,51,86.8,163.5,32.47,111.2,0.68,modulo_1,110.0,2.0,200.0,,,,,,,,,,,,,,,,,,,,1,,,False
2022_06009033,2,mujer,57,59.65,154.8,24.89,98.2,0.634,modulo_1,121.0,3.0,180.0,,,,,,,,,,,,,,,,,,,,0,,,False
2022_06009035,1,hombre,67,56.05,148.3,25.49,95.0,0.641,modulo_2,142.0,3.0,360.0,,,,,,,,,,,,,,,,,,,,0,,,False
2022_06009038,2,mujer,36,68.7,159.5,27.0,94.0,0.589,modulo_1,104.0,3.0,240.0,,,,,,,,,,,,,,,,,,,,1,,,False
2022_06009039,2,mujer,59,73.45,160.9,28.37,98.3,0.611,modulo_1,167.0,1.0,780.0,,,,,,,,,,,,,,,,,,,,1,,,False
2022_06009040,2,mujer,69,75.95,149.1,34.16,106.5,0.714,modulo_2,110.0,2.0,903.0,,,,,,,,,,,,,,,,,,,,0,,,False
2022_06009041,2,mujer,60,61.55,148.6,27.87,96.4,0.649,modulo_2,124.0,3.0,260.0,5.7,83.0,117.0,7.9,229.0,42.0,142.0,233.0,3.5,0.54,3.6,14.5,,,,,,,,1,0.0,1.0,True
2022_06009043,2,mujer,35,60.05,150.6,26.48,86.5,0.574,modulo_1,84.0,2.0,360.0,5.0,95.0,97.0,5.7,142.0,39.0,68.0,172.0,4.3,0.46,3.9,12.7,84.1,19.2,4.55,0.26,1.0,397.0,16.0,0,0.0,0.0,True
2022_06009044,2,mujer,69,72.35,153.0,30.91,102.3,0.669,modulo_2,140.0,2.0,300.0,,,,,,,,,,,,,,,,,,,,0,,,False
2022_06009046,2,mujer,23,92.6,160.3,36.04,104.3,0.651,modulo_1,102.0,4.0,290.0,,,,,,,,,,,,,,,,,,,,1,,,False
2022_06009049,2,mujer,65,53.9,154.1,22.7,81.5,0.529,modulo_2,129.0,4.0,30.0,,,,,,,,,,,,,,,,,,,,1,,,False
2022_06009050,1,hombre,26,58.2,169.8,20.19,73.1,0.431,modulo_1,119.0,5.0,450.0,,,,,,,,,,,,,,,,,,,,0,,,False
2022_06009051,2,mujer,59,73.2,151.5,31.89,100.1,0.661,modulo_1,151.0,4.0,60.0,,,,,,,,,,,,,,,,,,,,1,,,False
2022_06009052,2,mujer,48,69.55,147.0,32.19,99.1,0.674,modulo_1,130.0,2.0,290.0,,,,,,,,,,,,,,,,,,,,1,,,False
2022_06009053,2,mujer,24,53.6,154.7,22.4,72.3,0.467,modulo_1,91.0,4.0,240.0,,,,,,,,,,,,,,,,,,,,0,,,False
2022_06009054,2,mujer,48,76.3,151.2,33.37,98.6,0.652,modulo_1,136.0,4.0,135.0,,,,,,,,,,,,,,,,,,,,1,,,False
2022_06009055,2,mujer,57,84.25,150.1,37.39,120.3,0.801,modulo_1,121.0,5.0,980.0,,,,,,,,,,,,,,,,,,,,1,,,False
2022_06009056,1,hombre,58,96.2,164.5,35.55,115.2,0.7,modulo_1,119.0,5.0,420.0,5.5,70.0,111.0,10.9,142.0,32.0,86.0,182.0,4.1,0.75,3.0,13.4,,,,,,,,1,0.0,0.0,True
2022_06009057,2,mujer,21,76.2,158.8,30.22,100.8,0.635,modulo_1,113.0,3.0,240.0,,,,,,,,,,,,,,,,,,,,1,,,False
2022_06009058,2,mujer,28,59.3,152.6,25.47,92.0,0.603,modulo_1,96.0,3.0,240.0,,,,,,,,,,,,,,,,,,,,0,,,False
2022_06009059,1,hombre,56,81.15,164.3,30.06,106.1,0.646,modulo_1,116.0,2.0,200.0,,,,,,,,,,,,,,,,,,,,1,,,False
2022_06010001,2,mujer,47,93.1,158.2,37.2,110.6,0.699,modulo_1,128.0,4.0,440.0,5.7,90.0,117.0,17.8,141.0,38.0,92.0,193.0,5.0,0.6,3.7,14.3,196.2,17.1,6.76,0.34,0.7,183.0,32.7,1,0.0,1.0,True
2022_06010005,2,mujer,32,67.5,158.0,27.04,94.8,0.6,modulo_1,105.0,2.0,700.0,4.9,91.0,94.0,10.8,120.0,37.0,76.0,72.0,4.1,0.52,3.4,12.8,40.8,15.7,6.03,0.46,1.2,423.0,17.4,1,0.0,0.0,True
2022_06010008,1,hombre,58,94.35,170.4,32.49,119.4,0.701,modulo_1,132.0,3.0,330.0,,,,,,,,,,,,,,,,,,,,1,,,False
2022_06010010,2,mujer,55,58.25,157.0,23.63,91.4,0.582,modulo_1,104.0,3.0,470.0,,,,,,,,,,,,,,,,,,,,0,,,False
2022_06010012,2,mujer,54,88.3,162.0,33.65,102.8,0.635,modulo_1,105.0,4.0,900.0,,,,,,,,,,,,,,,,,,,,1,,,False
2022_06010013,2,mujer,32,100.7,151.8,43.7,124.8,0.822,modulo_1,147.0,2.0,280.0,,,,,,,,,,,,,,,,,,,,1,,,False
2022_06010015,2,mujer,52,66.35,141.6,33.09,102.5,0.724,modulo_1,107.0,4.0,380.0,,,,,,,,,,,,,,,,,,,,1,,,False
2022_06010019,2,mujer,33,89.0,162.9,33.54,113.5,0.697,modulo_1,99.0,4.0,280.0,,,,,,,,,,,,,,,,,,,,0,,,False
2022_06010025,2,mujer,51,86.8,151.1,38.02,114.1,0.755,modulo_1,129.0,4.0,300.0,,,,,,,,,,,,,,,,,,,,1,,,False
2022_06010026,2,mujer,54,72.3,161.5,27.72,92.1,0.57,modulo_1,134.0,4.0,170.0,,,,,,,,,,,,,,,,,,,,1,,,False
2022_06010027,1,hombre,50,73.2,156.5,29.89,100.5,0.642,modulo_1,109.0,4.0,300.0,8.2,157.0,189.0,11.2,141.0,40.0,86.0,155.0,2.6,0.61,3.6,15.4,,,,,,,,1,1.0,1.0,True
2022_06010030,1,hombre,48,64.7,154.0,27.28,,,modulo_2,97.0,2.0,300.0,9.6,129.0,229.0,13.0,101.0,35.0,60.0,65.0,6.7,0.72,3.0,10.8,,,,,,,,0,1.0,1.0,True
2022_06010031,2,mujer,32,71.1,158.3,28.37,90.5,0.572,modulo_1,95.0,4.0,520.0,,,,,,,,,,,,,,,,,,,,0,,,False
2022_06010033,2,mujer,37,60.4,160.2,23.53,82.4,0.514,modulo_1,89.0,5.0,390.0,,,,,,,,,,,,,,,,,,,,0,,,False
2022_06010034,2,mujer,41,80.55,162.4,30.54,98.1,0.604,modulo_1,104.0,4.0,930.0,,,,,,,,,,,,,,,,,,,,1,,,False
2022_06010039,2,mujer,32,75.1,168.4,26.48,93.1,0.553,modulo_1,91.0,3.0,120.0,,,,,,,,,,,,,,,,,,,,1,,,False
2022_06010043,1,hombre,35,87.7,172.7,29.4,101.3,0.587,modulo_1,139.0,1.0,990.0,,,,,,,,,,,,,,,,,,,,1,,,False
2022_06010047,2,mujer,39,78.3,154.6,32.76,,,modulo_1,102.0,3.0,540.0,,,,,,,,,,,,,,,,,,,,1,,,False
2022_06010052,2,mujer,40,52.65,152.5,22.64,77.6,0.509,modulo_1,128.0,4.0,180.0,,,,,,,,,,,,,,,,,,,,0,,,False
2022_06010053,2,mujer,46,84.35,160.1,32.91,101.9,0.636,modulo_1,98.0,2.0,615.0,,,,,,,,,,,,,,,,,,,,0,,,False
2022_06010057,2,mujer,63,67.55,153.3,28.74,102.6,0.669,modulo_2,139.0,2.0,340.0,,,,,,,,,,,,,,,,,,,,0,,,False
2022_06010061,2,mujer,67,102.95,163.3,38.61,113.8,0.697,modulo_2,114.0,3.0,450.0,5.1,47.0,100.0,3.4,66.0,33.0,30.0,27.0,2.4,0.23,1.6,13.7,,,,,,,,0,0.0,0.0,True
2022_06010063,1,hombre,33,84.3,167.0,30.23,99.5,0.596,modulo_1,113.0,3.0,420.0,4.9,98.0,94.0,15.7,162.0,31.0,94.0,162.0,5.2,0.71,4.4,16.0,,,,,,,,1,0.0,0.0,True
2022_07008002,1,hombre,50,63.15,165.0,23.2,89.0,0.539,modulo_1,118.0,3.0,210.0,4.9,79.0,94.0,19.8,144.0,34.0,87.0,445.0,8.5,0.69,3.2,16.5,,,,,,,,0,0.0,0.0,True
2022_07008003,2,mujer,54,73.9,148.3,33.6,94.8,0.639,modulo_1,149.0,3.0,120.0,5.6,73.0,114.0,7.3,125.0,35.0,73.0,82.0,3.9,0.42,3.5,13.0,,,,,,,,1,0.0,0.0,True
2022_07008005,1,hombre,62,57.75,165.0,21.21,90.0,0.545,modulo_2,103.0,4.0,500.0,,,,,,,,,,,,,,,,,,,,0,,,False
2022_07008009,1,hombre,74,54.75,159.8,21.44,87.5,0.548,modulo_2,119.0,4.0,585.0,,,,,,,,,,,,,,,,,,,,0,,,False
2022_07008010,2,mujer,48,70.6,150.0,31.38,92.8,0.619,modulo_1,115.0,4.0,740.0,5.2,62.0,103.0,4.9,110.0,39.0,70.0,77.0,3.9,0.44,2.3,14.7,21.0,29.2,5.2,0.4,1.2,2909.0,23.9,1,0.0,0.0,True
2022_07008011,1,hombre,67,79.75,157.5,32.15,109.5,0.695,modulo_2,130.0,5.0,360.0,5.5,72.0,111.0,5.4,158.0,35.0,102.0,227.0,6.6,0.86,3.4,15.1,,,,,,,,0,0.0,0.0,True
2022_07008012,2,mujer,57,61.25,141.9,30.42,101.0,0.712,modulo_1,94.0,3.0,660.0,,,,,,,,,,,,,,,,,,,,0,,,False
2022_07008017,1,hombre,61,47.6,145.6,22.45,79.8,0.548,modulo_2,82.0,5.0,330.0,,,,,,,,,,,,,,,,,,,,0,,,False
2022_07008018,1,hombre,49,64.7,154.0,27.28,,,modulo_2,128.0,4.0,60.0,,,,,,,,,,,,,,,,,,,,1,,,False
2022_07008019,1,hombre,47,73.7,161.0,28.43,98.3,0.611,modulo_1,127.0,5.0,540.0,,,,,,,,,,,,,,,,,,,,1,,,False
2022_07008021,1,hombre,42,88.2,171.7,29.92,99.0,0.577,modulo_1,140.0,4.0,960.0,,,,,,,,,,,,,,,,,,,,1,,,False
2022_07008024,2,mujer,32,59.45,152.8,25.46,,,modulo_1,106.0,4.0,390.0,,,,,,,,,,,,,,,,,,,,1,,,False
2022_07008026,1,hombre,50,69.8,155.5,28.87,90.0,0.579,modulo_1,168.0,4.0,720.0,5.3,77.0,105.0,6.4,179.0,33.0,115.0,195.0,5.8,0.76,3.4,14.0,,,,,,,,1,0.0,0.0,True
2022_07008030,1,hombre,25,56.2,155.0,23.39,79.5,0.513,modulo_1,115.0,3.0,620.0,,,,,,,,,,,,,,,,,,,,0,,,False
2022_07008031,2,mujer,45,46.55,136.8,24.87,,,modulo_1,123.0,5.0,5955.0,,,,,,,,,,,,,,,,,,,,0,,,False
2022_07008035,1,hombre,60,69.5,154.0,29.31,105.0,0.682,modulo_2,138.0,1.0,320.0,,,,,,,,,,,,,,,,,,,,0,,,False
2022_07008036,2,mujer,30,59.15,143.0,28.93,97.0,0.678,modulo_1,96.0,4.0,780.0,,,,,,,,,,,,,,,,,,,,0,,,False
2022_07008037,2,mujer,47,71.7,148.9,32.34,95.3,0.64,modulo_1,146.0,5.0,200.0,,,,,,,,,,,,12.6,25.7,18.0,4.7,0.31,1.0,286.0,26.2,1,,,False
2022_07020005,1,hombre,28,67.0,168.4,23.63,80.3,0.477,modulo_1,97.0,5.0,360.0,,,,,,,,,,,,,,,,,,,,0,,,False
2022_07020007,2,mujer,61,41.5,141.0,20.87,80.4,0.57,modulo_2,143.0,4.0,320.0,,,,,,,,,,,,,,,,,,,,0,,,False
2022_07020008,1,hombre,70,84.0,155.0,34.96,119.5,0.771,modulo_2,174.0,3.0,300.0,5.2,58.0,103.0,71.9,132.0,29.0,82.0,113.0,6.0,0.98,2.7,15.2,,,,,,,,0,0.0,0.0,True
2022_07020016,2,mujer,46,78.0,155.0,32.47,111.2,0.717,modulo_1,129.0,4.0,420.0,5.1,75.0,100.0,16.3,129.0,27.0,59.0,283.0,4.9,0.6,3.6,14.3,20.2,19.3,6.2,0.53,1.1,192.0,24.2,1,0.0,0.0,True
2022_07020017,1,hombre,27,80.2,170.0,27.75,94.5,0.556,modulo_1,121.0,4.0,480.0,,,,,,,,,,,,,,,,,,,,1,,,False
2022_07022003,2,mujer,67,48.75,139.8,24.94,89.0,0.637,modulo_2,134.0,4.0,480.0,5.3,86.0,105.0,4.4,98.0,30.0,50.0,206.0,1.5,0.57,3.0,12.4,,,,,,,,0,0.0,0.0,True
2022_07022008,2,mujer,54,55.05,134.9,30.25,95.0,0.704,modulo_1,152.0,4.0,250.0,,,,,,,,,,,,,,,,,,,,1,,,False
2022_07022015,1,hombre,68,49.9,152.2,21.54,79.0,0.519,modulo_2,166.0,5.0,520.0,,,,,,,,,,,,,,,,,,,,0,,,False
2022_07022017,1,hombre,47,55.2,150.9,24.24,,,modulo_1,123.0,4.0,660.0,,,,,,,,,,,,,,,,,,,,0,,,False
2022_07022020,1,hombre,46,50.05,148.4,22.73,77.7,0.524,modulo_1,117.0,4.0,668.0,,,,,,,,,,,,,,,,,,,,0,,,False
2022_07039002,1,hombre,50,75.25,168.7,26.44,98.0,0.581,modulo_1,127.0,3.0,560.0,5.4,83.0,108.0,5.5,212.0,34.0,124.0,311.0,5.9,0.9,3.7,17.0,,,,,,,,1,0.0,0.0,True
2022_07039003,2,mujer,35,76.65,158.4,30.55,92.4,0.583,modulo_1,126.0,4.0,660.0,,,,,,,,,,,,12.6,26.3,22.4,7.4,0.29,0.8,91.0,18.6,1,,,False
2022_07039004,2,mujer,34,84.15,154.0,35.48,103.0,0.669,modulo_1,107.0,4.0,1020.0,,,,,,,,,,,,,,,,,,,,1,,,False
2022_07039005,2,mujer,47,67.95,151.0,29.8,113.0,0.748,modulo_1,130.0,4.0,90.0,,,,,,,,,,,,,,,,,,,,1,,,False
2022_07039006,1,hombre,40,82.4,162.5,31.2,97.3,0.599,modulo_1,102.0,2.0,480.0,5.6,94.0,114.0,8.5,140.0,30.0,76.0,297.0,5.6,0.92,3.6,14.8,,,,,,,,1,0.0,0.0,True
2022_07039007,1,hombre,38,78.05,158.0,31.27,96.0,0.608,modulo_1,112.0,2.0,180.0,,,,,,,,,,,,,,,,,,,,1,,,False
2022_07039009,2,mujer,40,67.4,147.0,31.19,95.0,0.646,modulo_1,128.0,4.0,470.0,,,,,,,,,,,,,,,,,,,,1,,,False
2022_07039011,2,mujer,9,60.15,158.0,24.09,91.0,0.576,modulo_2,125.0,2.0,660.0,,,,,,,,,,,,14.0,14.2,21.8,6.2,0.05,1.4,306.0,34.3,0,,,False
2022_07039013,2,mujer,40,77.05,154.8,32.15,100.1,0.647,modulo_1,111.0,3.0,150.0,5.7,77.0,117.0,11.9,160.0,30.0,93.0,148.0,5.6,0.56,4.5,13.9,43.9,35.3,5.8,0.18,0.7,131.0,31.6,1,0.0,1.0,True
2022_07039014,2,mujer,65,54.7,145.3,25.91,89.4,0.615,modulo_2,122.0,4.0,120.0,,,,,,,,,,,,,,,,,,,,1,,,False
2022_07039022,1,hombre,57,62.45,158.0,25.02,86.0,0.544,modulo_1,114.0,3.0,855.0,4.9,64.0,94.0,3.5,124.0,32.0,72.0,158.0,6.3,0.74,3.8,18.9,,,,,,,,1,0.0,0.0,True
2022_07039023,2,mujer,20,73.35,156.0,30.14,96.2,0.617,modulo_1,120.0,4.0,310.0,,,,,,,,,,,,14.0,44.9,15.4,8.2,0.54,1.3,116.0,31.4,1,,,False
2022_07039028,1,hombre,28,86.05,158.3,34.34,100.8,0.637,modulo_1,128.0,4.0,90.0,,,,,,,,,,,,,,,,,,,,1,,,False
2022_07039029,2,mujer,47,66.65,163.4,24.96,97.2,0.595,modulo_1,111.0,3.0,60.0,12.8,184.0,321.0,2.2,100.0,22.0,62.0,141.0,1.8,0.33,2.4,14.8,48.9,18.6,7.3,0.05,1.2,229.0,20.0,1,1.0,1.0,True
2022_07039030,1,hombre,48,88.2,160.4,34.28,107.7,0.671,modulo_1,116.0,1.0,600.0,5.0,92.0,97.0,20.4,147.0,35.0,95.0,130.0,3.5,0.82,3.6,15.7,,,,,,,,1,0.0,0.0,True
2022_07039031,1,hombre,82,58.55,157.0,23.75,88.0,0.561,modulo_2,105.0,4.0,370.0,5.9,93.0,123.0,1.9,105.0,32.0,52.0,119.0,4.2,0.88,2.9,15.9,,,,,,,,0,0.0,1.0,True
2022_07039032,2,mujer,24,59.8,147.9,27.34,,,modulo_1,114.0,4.0,60.0,,,,,,,,,,,,,,,,,,,,1,,,False
2022_07039033,2,mujer,50,88.25,151.0,38.7,108.5,0.719,modulo_1,139.0,4.0,420.0,5.9,86.0,123.0,33.2,202.0,50.0,126.0,182.0,5.6,0.46,4.1,13.4,,,,,,,,1,0.0,1.0,True
2022_07039036,2,mujer,40,46.05,145.8,21.66,76.9,0.527,modulo_1,105.0,4.0,420.0,,,,,,,,,,,,14.1,2.4,20.0,8.0,0.03,1.8,120.0,21.8,0,,,False
2022_07052001,2,mujer,68,57.15,146.8,26.52,93.4,0.636,modulo_2,183.0,4.0,420.0,5.2,191.0,103.0,4.8,137.0,31.0,89.0,167.0,2.7,0.36,2.6,16.7,,,,,,,,0,0.0,0.0,True
2022_07052002,2,mujer,60,59.05,142.7,29.0,,,modulo_1,133.0,5.0,180.0,,,,,,,,,,,,,,,,,,,,1,,,False
2022_07052004,1,hombre,67,69.75,151.4,30.43,105.2,0.695,modulo_2,160.0,5.0,240.0,,,,,,,,,,,,,,,,,,,,0,,,False
2022_07052005,1,hombre,37,78.2,166.5,28.21,95.9,0.576,modulo_1,134.0,3.0,300.0,,,,,,,,,,,,,,,,,,,,1,,,False
2022_07052007,2,mujer,64,51.95,146.8,24.11,81.8,0.557,modulo_2,110.0,4.0,420.0,15.2,306.0,390.0,3.4,119.0,33.0,71.0,106.0,1.9,0.52,3.3,14.4,,,,,,,,0,1.0,1.0,True
2022_07052008,2,mujer,65,54.25,135.1,29.72,96.8,0.717,modulo_2,191.0,4.0,620.0,,,,,,,,,,,,,,,,,,,,0,,,False
2022_07052009,2,mujer,27,70.1,149.2,31.49,96.8,0.649,modulo_1,116.0,3.0,450.0,,,,,,,,,,,,,,,,,,,,1,,,False
2022_07052010,2,mujer,32,56.45,143.7,27.34,92.5,0.644,modulo_1,113.0,3.0,320.0,4.9,80.0,94.0,3.1,70.0,30.0,43.0,44.0,1.9,0.51,2.3,14.0,46.0,20.5,5.5,0.14,0.9,7500.0,21.9,1,0.0,0.0,True
2022_07052011,2,mujer,33,63.9,140.9,32.19,89.8,0.637,modulo_1,103.0,4.0,145.0,,,,,,,,,,,,,,,,,,,,1,,,False
2022_07052013,1,hombre,51,87.8,159.8,34.38,114.2,0.715,modulo_1,134.0,2.0,420.0,5.8,63.0,120.0,5.4,94.0,18.0,70.0,89.0,4.7,0.58,2.4,17.6,,,,,,,,1,0.0,1.0,True
2022_07052016,2,mujer,56,53.7,140.4,27.24,93.2,0.664,modulo_1,113.0,4.0,270.0,5.4,69.0,108.0,5.2,96.0,23.0,38.0,279.0,4.2,0.5,2.5,14.4,,,,,,,,1,0.0,0.0,True
2022_07052019,2,mujer,28,49.3,143.0,24.11,,,modulo_1,119.0,4.0,280.0,,,,,,,,,,,,,,,,,,,,0,,,False
2022_07052021,1,hombre,50,53.35,155.8,21.98,,,modulo_1,115.0,4.0,680.0,,,,,,,,,,,,,,,,,,,,0,,,False
2022_07052023,1,hombre,56,56.15,157.3,22.69,86.3,0.549,modulo_1,127.0,4.0,555.0,13.7,360.0,346.0,1.1,142.0,40.0,74.0,129.0,2.8,0.64,3.0,17.0,,,,,,,,1,1.0,1.0,True
2022_07052025,2,mujer,35,55.55,151.4,24.23,82.2,0.543,modulo_1,87.0,3.0,330.0,,,,,,,,,,,,,,,,,,,,0,,,False
2022_07052026,1,hombre,29,81.5,162.1,31.02,98.7,0.609,modulo_1,143.0,5.0,660.0,,,,,,,,,,,,,,,,,,,,1,,,False
2022_07052028,1,hombre,56,89.4,165.5,32.64,106.2,0.642,modulo_1,115.0,4.0,560.0,,,,,,,,,,,,,,,,,,,,1,,,False
2022_07057002,1,hombre,41,66.8,162.9,25.17,87.4,0.537,modulo_1,114.0,4.0,600.0,,,,,,,,,,,,,,,,,,,,1,,,False
2022_07057006,1,hombre,59,55.3,153.8,23.38,,,modulo_1,101.0,4.0,390.0,,,,,,,,,,,,,,,,,,,,0,,,False
2022_07057013,2,mujer,53,52.85,142.4,26.06,86.2,0.605,modulo_1,128.0,1.0,740.0,,,,,,,,,,,,15.8,,,,,,,,1,,,False
2022_07057014,1,hombre,67,67.11,,,106.2,,modulo_2,142.0,2.0,850.0,,,,,,,,,,,,18.5,,,,,,,,0,,,False
2022_07057016,2,mujer,34,56.35,153.8,23.82,86.6,0.563,modulo_1,114.0,4.0,60.0,,,,,,,,,,,,12.1,,,,,,,,1,,,False
2022_07057017,1,hombre,54,79.9,167.8,28.38,104.4,0.622,modulo_1,144.0,3.0,540.0,,,,,,,,,,,,15.1,,,,,,,,1,,,False
2022_07057018,1,hombre,57,79.05,163.6,29.53,100.3,0.613,modulo_1,135.0,5.0,1020.0,,,,,,,,,,,,16.0,,,,,,,,1,,,False
2022_07057019,2,mujer,56,62.7,139.3,32.31,95.1,0.683,modulo_1,112.0,3.0,488.0,,,,,,,,,,,,,,,,,,,,1,,,False
2022_07057020,2,mujer,60,67.85,146.1,31.79,105.1,0.719,modulo_2,119.0,2.0,780.0,,,,,,,,,,,,,,,,,,,,0,,,False
2022_07057021,1,hombre,39,77.85,159.8,30.49,95.6,0.598,modulo_1,110.0,4.0,330.0,,,,,,,,,,,,,,,,,,,,1,,,False
2022_07057023,1,hombre,22,45.9,153.4,19.51,74.3,0.484,modulo_1,111.0,5.0,700.0,,,,,,,,,,,,16.3,,,,,,,,0,,,False
2022_07057025,1,hombre,59,68.2,163.5,25.51,95.9,0.587,modulo_1,108.0,3.0,720.0,,,,,,,,,,,,,,,,,,,,1,,,False
2022_07057026,2,mujer,53,60.1,150.0,26.71,92.8,0.619,modulo_1,,2.0,570.0,,,,,,,,,,,,,,,,,,,,1,,,False
2022_07057027,2,mujer,40,53.15,142.8,26.06,88.1,0.617,modulo_1,108.0,3.0,360.0,,,,,,,,,,,,15.0,,,,,,,,1,,,False
2022_07057029,2,mujer,56,32.05,141.2,16.08,67.2,0.476,modulo_1,155.0,4.0,560.0,,,,,,,,,,,,13.6,,,,,,,,0,,,False
2022_07057030,2,mujer,45,51.05,147.1,23.59,86.1,0.585,modulo_1,101.0,4.0,480.0,,,,,,,,,,,,12.8,,,,,,,,0,,,False
2022_07057032,1,hombre,58,42.4,146.9,19.65,67.1,0.457,modulo_1,112.0,4.0,600.0,,,,,,,,,,,,,,,,,,,,0,,,False
2022_07057035,2,mujer,50,60.0,140.3,30.48,92.4,0.659,modulo_1,116.0,5.0,390.0,,,,,,,,,,,,,,,,,,,,1,,,False
2022_07057037,1,hombre,40,68.55,169.3,23.92,88.9,0.525,modulo_1,121.0,3.0,180.0,,,,,,,,,,,,,,,,,,,,0,,,False
2022_07057038,1,hombre,68,73.65,163.7,27.48,107.2,0.655,modulo_2,138.0,4.0,30.0,,,,,,,,,,,,14.5,,,,,,,,1,,,False
2022_07057039,2,mujer,38,62.87,150.4,27.79,96.4,0.641,modulo_1,113.0,2.0,150.0,,,,,,,,,,,,,,,,,,,,1,,,False
2022_07057041,2,mujer,58,64.4,146.1,30.17,93.8,0.642,modulo_1,119.0,5.0,210.0,,,,,,,,,,,,15.5,,,,,,,,1,,,False
2022_07058001,1,hombre,42,63.3,157.0,25.68,87.0,0.554,modulo_1,109.0,2.0,450.0,,,,,,,,,,,,,,,,,,,,1,,,False
2022_07058006,2,mujer,52,54.65,150.5,24.13,83.3,0.553,modulo_1,111.0,4.0,240.0,,,,,,,,,,,,,,,,,,,,0,,,False
2022_07058009,2,mujer,22,54.25,145.0,25.8,,,modulo_1,93.0,4.0,430.0,,,,,,,,,,,,,,,,,,,,0,,,False
2022_07058011,2,mujer,54,61.9,144.0,29.85,100.0,0.694,modulo_1,143.0,2.0,90.0,,,,,,,,,,,,,,,,,,,,1,,,False
2022_07058012,1,hombre,44,65.7,143.0,32.13,98.0,0.685,modulo_1,181.0,4.0,540.0,,,,,,,,,,,,,,,,,,,,1,,,False
2022_07058013,1,hombre,50,46.15,165.0,16.95,73.0,0.442,modulo_1,127.0,1.0,600.0,,,,,,,,,,,,,,,,,,,,0,,,False
2022_07058016,2,mujer,33,71.6,143.0,35.01,,,modulo_1,105.0,4.0,120.0,4.8,85.0,91.0,47.7,121.0,30.0,73.0,130.0,3.9,0.49,3.3,12.0,20.4,18.8,9.3,2.59,1.2,59.0,30.2,1,0.0,0.0,True
2022_07058020,2,mujer,30,66.75,156.9,27.11,,,modulo_1,93.0,4.0,180.0,5.1,77.0,100.0,6.2,111.0,37.0,72.0,67.0,3.9,0.5,2.9,13.0,23.6,6.7,6.5,0.26,1.1,6438.0,28.9,0,0.0,0.0,True
2022_07058022,2,mujer,40,79.4,163.0,29.88,101.4,0.622,modulo_1,143.0,4.0,720.0,6.0,98.0,126.0,11.4,138.0,28.0,88.0,142.0,3.4,0.51,3.5,15.0,22.3,24.0,7.4,0.17,0.8,127.0,24.6,1,0.0,1.0,True
2022_07087004,2,mujer,44,60.25,153.3,25.64,86.5,0.564,modulo_1,142.0,3.0,555.0,,,,,,,,,,,,,,,,,,,,1,,,False
2022_07087007,2,mujer,69,102.95,157.3,41.61,125.4,0.797,modulo_2,83.0,4.0,480.0,5.9,66.0,123.0,11.3,106.0,25.0,55.0,133.0,5.8,0.66,2.5,13.8,,,,,,,,0,0.0,1.0,True
2022_07087010,2,mujer,67,50.3,147.4,23.15,86.7,0.588,modulo_2,144.0,3.0,150.0,,,,,,,,,,,,,,,,,,,,1,,,False
2022_07087012,1,hombre,22,47.1,162.2,17.9,65.9,0.406,modulo_1,110.0,5.0,165.0,,,,,,,,,,,,,,,,,,,,1,,,False
2022_07087014,1,hombre,58,56.15,156.8,22.84,85.5,0.545,modulo_1,149.0,4.0,190.0,5.5,68.0,111.0,6.0,127.0,28.0,68.0,197.0,5.0,0.92,2.3,14.5,,,,,,,,0,0.0,0.0,True
2022_07087015,2,mujer,69,72.85,151.4,31.78,111.2,0.734,modulo_2,135.0,5.0,522.0,,,,,,,,,,,,,,,,,,,,0,,,False
2022_07087016,2,mujer,73,60.7,142.4,29.93,93.7,0.658,modulo_2,169.0,3.0,360.0,,,,,,,,,,,,,,,,,,,,0,,,False
2022_07087018,2,mujer,31,66.85,150.8,29.4,101.5,0.673,modulo_1,123.0,4.0,360.0,,,,,,,,,,,,,,,,,,,,1,,,False
2022_07087019,1,hombre,60,52.7,154.6,22.05,81.6,0.528,modulo_2,114.0,3.0,660.0,5.8,107.0,120.0,20.6,188.0,45.0,110.0,122.0,9.5,1.75,4.3,11.9,,,,,,,,0,0.0,1.0,True
2022_07087020,2,mujer,33,69.15,149.4,30.98,99.9,0.669,modulo_1,,4.0,780.0,,,,,,,,,,,,,,,,,,,,1,,,False
2022_07089001,1,hombre,59,76.6,163.2,28.76,107.5,0.659,modulo_1,139.0,3.0,250.0,,,,,,,,,,,,,,,,,,,,1,,,False
2022_07089002,1,hombre,23,73.9,172.1,24.95,86.4,0.502,modulo_1,123.0,1.0,480.0,,,,,,,,,,,,,,,,,,,,1,,,False
2022_07089003,1,hombre,66,62.4,154.1,26.28,93.4,0.606,modulo_2,115.0,4.0,360.0,13.0,320.0,326.0,5.9,231.0,79.0,133.0,109.0,4.1,0.62,4.0,14.6,,,,,,,,0,1.0,1.0,True
2022_07089004,2,mujer,57,75.55,144.0,36.43,101.0,0.701,modulo_1,109.0,3.0,630.0,,,,,,,,,,,,,,,,,,,,1,,,False
2022_07089014,2,mujer,49,66.1,156.5,26.99,83.0,0.53,modulo_1,121.0,5.0,510.0,,,,,,,,,,,,,,,,,,,,1,,,False
2022_07089015,2,mujer,27,50.8,150.4,22.46,,,modulo_1,,4.0,480.0,,,,,,,,,,,,,,,,,,,,0,,,False
2022_07089016,2,mujer,31,75.3,161.5,28.87,,,modulo_1,106.0,4.0,660.0,,,,,,,,,,,,,,,,,,,,1,,,False
2022_07089022,2,mujer,31,89.3,162.5,33.82,111.8,0.688,modulo_1,94.0,3.0,345.0,,,,,,,,,,,,,,,,,,,,0,,,False
2022_07089025,1,hombre,30,87.95,161.8,33.6,112.4,0.695,modulo_1,143.0,4.0,630.0,,,,,,,,,,,,,,,,,,,,1,,,False
2022_07089026,1,hombre,41,119.35,174.9,39.02,132.6,0.758,modulo_1,116.0,4.0,225.0,5.1,70.0,100.0,21.7,86.0,29.0,41.0,60.0,3.8,0.65,2.3,15.3,,,,,,,,1,0.0,0.0,True
2022_07089028,1,hombre,58,49.65,153.8,20.99,85.3,0.555,modulo_1,126.0,1.0,660.0,,,,,,,,,,,,,,,,,,,,0,,,False
2022_07089034,2,mujer,48,58.8,144.4,28.2,81.6,0.565,modulo_1,112.0,5.0,50.0,5.4,82.0,108.0,8.0,145.0,31.0,90.0,87.0,4.7,0.5,2.9,12.9,35.5,28.1,4.8,0.35,0.9,826.0,29.5,1,0.0,0.0,True
2022_07101001,1,hombre,63,61.75,159.0,24.43,85.0,0.535,modulo_2,143.0,3.0,540.0,7.4,143.0,166.0,2.3,135.0,56.0,68.0,45.0,4.2,0.8,3.6,16.5,,,,,,,,1,1.0,1.0,True
2022_07101005,2,mujer,47,87.4,162.6,33.06,100.8,0.62,modulo_1,132.0,4.0,180.0,,,,,,,,,,,,,,,,,,,,1,,,False
2022_07101011,2,mujer,57,100.85,151.3,44.06,116.2,0.768,modulo_1,109.0,2.0,480.0,5.2,78.0,103.0,20.0,106.0,24.0,52.0,276.0,6.1,0.58,3.1,14.7,,,,,,,,1,0.0,0.0,True
2022_07101013,2,mujer,57,59.75,155.7,24.65,90.0,0.578,modulo_1,95.0,1.0,480.0,12.8,362.0,321.0,1.5,144.0,44.0,84.0,209.0,3.0,0.58,3.1,14.6,,,,,,,,0,1.0,1.0,True
2022_07101017,2,mujer,26,103.35,156.8,42.04,113.4,0.723,modulo_1,128.0,4.0,310.0,,,,,,,,,,,,,,,,,,,,1,,,False
2022_07101019,1,hombre,44,56.45,155.7,23.29,86.4,0.555,modulo_1,112.0,4.0,300.0,,,,,,,,,,,,,,,,,,,,0,,,False
2022_07101025,2,mujer,47,54.55,149.4,24.44,84.3,0.564,modulo_1,103.0,3.0,120.0,,,,,,,,,,,,,,,,,,,,1,,,False
2022_07101028,1,hombre,50,79.3,160.2,30.9,101.5,0.634,modulo_1,131.0,3.0,630.0,,,,,,,,,,,,,,,,,,,,1,,,False
2022_07101029,1,hombre,41,112.8,169.0,39.49,123.0,0.728,modulo_1,127.0,3.0,240.0,,,,,,,,,,,,,,,,,,,,1,,,False
2022_07101032,2,mujer,54,85.95,144.5,41.16,115.4,0.799,modulo_1,169.0,2.0,390.0,,,,,,,,,,,,,,,,,,,,1,,,False
2022_07101033,1,hombre,38,90.95,167.0,32.61,104.0,0.623,modulo_1,146.0,2.0,660.0,,,,,,,,,,,,,,,,,,,,1,,,False
2022_07108005,2,mujer,25,66.3,143.0,32.42,101.3,0.708,modulo_1,106.0,3.0,540.0,5.1,88.0,100.0,26.0,163.0,33.0,89.0,423.0,5.7,0.5,4.3,15.5,143.3,23.6,4.9,0.67,1.2,290.0,20.8,1,0.0,0.0,True
2022_07108006,2,mujer,81,69.4,139.5,35.66,103.8,0.744,modulo_2,133.0,4.0,540.0,5.7,103.0,117.0,13.1,116.0,30.0,76.0,152.0,7.8,1.05,3.5,16.7,,,,,,,,0,0.0,1.0,True
2022_07108009,1,hombre,37,82.15,157.0,33.33,112.0,0.713,modulo_1,88.0,4.0,420.0,,,,,,,,,,,,,,,,,,,,0,,,False
2022_07108013,2,mujer,32,70.5,160.7,27.3,95.0,0.591,modulo_1,116.0,5.0,390.0,5.1,92.0,100.0,10.5,157.0,41.0,77.0,431.0,4.0,0.63,4.0,12.5,7.4,20.9,4.68,0.29,1.7,487.0,16.8,1,0.0,0.0,True
2022_07108016,2,mujer,45,58.7,152.8,25.14,81.0,0.53,modulo_1,157.0,4.0,360.0,11.7,277.0,289.0,4.3,143.0,40.0,94.0,117.0,2.9,0.55,3.6,12.9,45.3,24.3,9.15,0.15,0.9,293.0,26.0,1,1.0,1.0,True
2022_07108017,1,hombre,32,79.5,165.7,28.95,95.4,0.576,modulo_1,121.0,4.0,600.0,,,,,,,,,,,,,,,,,,,,1,,,False
2022_07108020,1,hombre,28,96.8,171.5,32.91,109.0,0.636,modulo_1,127.0,4.0,690.0,5.2,86.0,103.0,8.7,120.0,42.0,67.0,121.0,6.8,0.85,3.6,17.9,,,,,,,,1,0.0,0.0,True
2022_07108028,2,mujer,72,57.1,139.0,29.55,93.5,0.673,modulo_2,157.0,4.0,130.0,5.8,98.0,120.0,4.2,105.0,31.0,77.0,62.0,4.0,0.57,2.6,14.9,,,,,,,,1,0.0,1.0,True
2022_08002004,2,mujer,39,75.5,150.4,33.38,97.0,0.645,modulo_1,130.0,4.0,510.0,,,,,,,,,,,,,,,,,,,,1,,,False
2022_08002005,1,hombre,65,82.95,163.9,30.88,112.0,0.683,modulo_2,144.0,2.0,500.0,6.0,109.0,126.0,24.8,146.0,44.0,70.0,200.0,7.1,0.94,4.4,15.2,,,,,,,,0,0.0,1.0,True
2022_08002007,2,mujer,81,54.25,149.6,24.24,94.2,0.63,modulo_2,105.0,4.0,255.0,5.5,94.0,111.0,5.6,190.0,53.0,111.0,49.0,4.0,0.4,3.8,12.5,,,,,,,,0,0.0,0.0,True
2022_08002008,1,hombre,52,104.5,168.8,36.68,125.7,0.745,modulo_1,96.0,4.0,540.0,5.8,101.0,120.0,20.0,147.0,37.0,83.0,175.0,4.8,1.05,4.5,15.7,,,,,,,,0,0.0,1.0,True
2022_08002009,2,mujer,35,61.65,158.4,24.57,88.7,0.56,modulo_1,107.0,4.0,70.0,5.5,66.0,111.0,4.2,234.0,57.0,120.0,338.0,3.2,0.46,4.5,13.0,24.5,22.5,5.43,1.35,0.9,248.0,31.1,1,0.0,0.0,True
2022_08002010,2,mujer,59,64.85,154.1,27.31,92.4,0.6,modulo_1,105.0,4.0,75.0,,,,,,,,,,,,,,,,,,,,1,,,False
2022_08002014,2,mujer,63,65.55,154.9,27.32,97.5,0.629,modulo_2,146.0,5.0,130.0,,,,,,,,,,,,,,,,,,,,1,,,False
2022_08002016,2,mujer,63,109.55,156.8,44.56,136.6,0.871,modulo_2,109.0,5.0,5940.0,,,,,,,,,,,,,,,,,,,,0,,,False
2022_08002018,2,mujer,64,101.7,167.0,36.47,123.4,0.739,modulo_2,165.0,4.0,60.0,,,,,,,,,,,,,,,,,,,,1,,,False
2022_08002020,1,hombre,49,81.45,170.0,28.18,100.9,0.594,modulo_1,124.0,4.0,105.0,8.4,99.0,194.0,31.9,206.0,38.0,144.0,106.0,4.2,0.75,4.1,15.7,,,,,,,,1,1.0,1.0,True
2022_08002022,2,mujer,67,110.65,158.6,43.99,136.5,0.861,modulo_2,198.0,4.0,600.0,,,,,,,,,,,,,,,,,,,,0,,,False
2022_08002023,1,hombre,17,64.2,178.6,20.13,,,modulo_1,115.0,5.0,300.0,,,,,,,,,,,,,,,,,,,,0,,,False
2022_08002024,2,mujer,57,71.2,156.6,29.03,97.7,0.624,modulo_1,110.0,1.0,120.0,,,,,,,,,,,,,,,,,,,,1,,,False
2022_08002026,2,mujer,65,71.15,149.4,31.88,104.3,0.698,modulo_2,144.0,2.0,110.0,6.1,108.0,128.0,27.1,178.0,42.0,111.0,134.0,4.8,0.55,3.8,15.0,,,,,,,,1,0.0,1.0,True
2022_08002027,1,hombre,54,82.5,173.5,27.41,97.5,0.562,modulo_1,127.0,3.0,120.0,,,,,,,,,,,,,,,,,,,,1,,,False
2022_08002029,2,mujer,76,57.45,146.5,26.77,96.0,0.655,modulo_2,157.0,2.0,1200.0,5.2,88.0,103.0,8.4,172.0,46.0,57.0,262.0,4.0,0.7,4.0,14.6,,,,,,,,0,0.0,0.0,True
2022_08011005,1,hombre,48,85.25,169.5,29.67,106.9,0.631,modulo_1,128.0,2.0,120.0,,,,,,,,,,,,,,,,,,,,1,,,False
2022_08011015,2,mujer,37,91.5,164.8,33.69,104.5,0.634,modulo_1,111.0,2.0,306.0,5.0,77.0,97.0,9.0,167.0,38.0,102.0,193.0,4.5,0.76,4.1,11.9,7.5,29.6,7.18,0.26,1.1,496.0,20.4,1,0.0,0.0,True
2022_08011016,1,hombre,18,74.45,175.0,24.31,,,modulo_1,115.0,3.0,440.0,,,,,,,,,,,,,,,,,,,,0,,,False
2022_08011017,2,mujer,44,72.85,159.2,28.74,94.5,0.594,modulo_1,124.0,4.0,540.0,,,,,,,,,,,,,,,,,,,,1,,,False
2022_08011018,2,mujer,52,98.55,157.2,39.88,115.5,0.735,modulo_1,140.0,5.0,680.0,,,,,,,,,,,,,,,,,,,,1,,,False
2022_08011020,1,hombre,57,67.5,164.0,25.1,100.3,0.612,modulo_1,148.0,3.0,120.0,,,,,,,,,,,,,,,,,,,,1,,,False
2022_08011021,2,mujer,27,64.0,161.0,24.69,85.6,0.532,modulo_1,90.0,3.0,480.0,,,,,,,,,,,,14.1,62.2,11.8,6.48,0.19,0.6,192.0,16.0,0,,,False
2022_08011022,1,hombre,25,77.1,167.4,27.51,91.5,0.547,modulo_1,146.0,2.0,780.0,4.5,82.0,82.0,14.2,160.0,42.0,103.0,108.0,6.5,0.67,4.8,17.8,,,,,,,,1,0.0,0.0,True
2022_08011023,1,hombre,56,110.25,185.2,32.14,117.6,0.635,modulo_1,132.0,3.0,1140.0,5.1,80.0,100.0,6.7,203.0,38.0,127.0,147.0,4.3,0.96,4.4,15.7,,,,,,,,1,0.0,0.0,True
2022_08011024,2,mujer,58,65.6,146.0,30.78,106.0,0.726,modulo_1,138.0,3.0,180.0,,,,,,,,,,,,,,,,,,,,1,,,False
2022_08011025,2,mujer,51,86.8,159.8,33.99,108.2,0.677,modulo_1,105.0,4.0,540.0,,,,,,,,,,,,,,,,,,,,1,,,False
2022_08011027,2,mujer,67,94.55,156.5,38.6,124.1,0.793,modulo_2,158.0,4.0,580.0,,,,,,,,,,,,,,,,,,,,0,,,False
2022_08011028,2,mujer,26,61.0,168.0,21.61,72.0,0.429,modulo_1,120.0,4.0,705.0,4.9,87.0,94.0,5.8,127.0,53.0,57.0,114.0,4.6,0.58,4.3,14.1,17.8,25.3,7.1,0.07,0.6,238.0,17.9,0,0.0,0.0,True
2022_08011029,2,mujer,57,84.75,156.6,34.56,105.3,0.672,modulo_1,145.0,2.0,600.0,,,,,,,,,,,,,,,,,,,,1,,,False
2022_08017002,1,hombre,52,106.8,173.2,35.6,117.1,0.676,modulo_1,107.0,4.0,445.0,5.5,112.0,111.0,16.2,179.0,36.0,123.0,116.0,7.3,0.95,4.4,16.3,,,,,,,,1,0.0,0.0,True
2022_08017006,1,hombre,53,72.1,163.6,26.94,99.2,0.606,modulo_1,126.0,3.0,75.0,,,,,,,,,,,,,,,,,,,,1,,,False
2022_08017007,2,mujer,67,56.1,142.5,27.63,96.0,0.674,modulo_2,130.0,3.0,235.0,5.7,105.0,117.0,8.3,212.0,41.0,118.0,223.0,3.9,0.84,4.2,16.6,,,,,,,,1,0.0,1.0,True
2022_08017016,2,mujer,51,55.55,151.6,24.17,81.6,0.538,modulo_1,134.0,3.0,180.0,,,,,,,,,,,,,,,,,,,,0,,,False
2022_08017017,1,hombre,27,65.65,175.4,21.34,75.6,0.431,modulo_1,110.0,2.0,735.0,,,,,,,,,,,,,,,,,,,,0,,,False
2022_08017018,2,mujer,34,53.35,158.2,21.32,,,modulo_1,80.0,4.0,600.0,5.1,86.0,100.0,15.0,144.0,44.0,79.0,125.0,4.1,0.89,3.9,13.6,103.1,21.4,9.56,0.76,0.9,307.0,21.0,0,0.0,0.0,True
2022_08017023,1,hombre,37,74.25,169.2,25.94,96.7,0.572,modulo_1,107.0,3.0,630.0,5.2,89.0,103.0,3.6,164.0,52.0,93.0,71.0,3.4,0.86,4.2,15.4,,,,,,,,1,0.0,0.0,True
2022_08017024,2,mujer,26,76.55,149.3,34.34,100.4,0.672,modulo_1,101.0,4.0,240.0,,,,,,,,,,,,,,,,,,,,1,,,False
2022_08017028,2,mujer,39,70.9,156.1,29.1,90.0,0.577,modulo_1,120.0,3.0,380.0,6.2,96.0,131.0,16.7,215.0,43.0,139.0,278.0,5.1,0.68,4.2,15.7,59.2,17.4,8.8,0.3,0.9,181.0,33.1,1,0.0,1.0,True
2022_08017029,2,mujer,22,44.75,143.7,21.67,71.2,0.495,modulo_1,119.0,4.0,790.0,,,,,,,,,,,,,,,,,,,,0,,,False
2022_08017032,2,mujer,26,91.65,162.4,34.75,,,modulo_1,127.0,3.0,690.0,,,,,,,,,,,,,,,,,,,,1,,,False
2022_08019007,2,mujer,64,58.2,146.7,27.04,84.0,0.573,modulo_2,143.0,3.0,520.0,,,,,,,,,,,,,,,,,,,,0,,,False
2022_08019009,2,mujer,75,63.35,148.5,28.73,93.8,0.632,modulo_2,199.0,4.0,481.0,,,,,,,,,,,,,,,,,,,,0,,,False
2022_08019011,2,mujer,50,71.4,155.7,29.45,99.3,0.638,modulo_1,111.0,3.0,540.0,5.4,121.0,108.0,18.5,115.0,52.0,53.0,48.0,3.7,0.4,3.6,14.9,,,,,,,,1,0.0,0.0,True
2022_08019014,2,mujer,66,81.95,153.9,34.6,105.8,0.687,modulo_2,105.0,3.0,130.0,,,,,,,,,,,,,,,,,,,,1,,,False
2022_08019019,1,hombre,60,69.65,162.4,26.41,93.6,0.576,modulo_2,169.0,3.0,600.0,5.0,115.0,97.0,7.4,156.0,40.0,90.0,125.0,5.1,0.97,4.2,16.9,,,,,,,,0,0.0,0.0,True
2022_08019022,1,hombre,59,101.65,170.4,35.01,120.4,0.707,modulo_1,194.0,1.0,720.0,6.4,103.0,137.0,8.3,168.0,33.0,109.0,205.0,9.0,0.7,4.0,15.1,,,,,,,,1,0.0,1.0,True
2022_08019023,1,hombre,18,65.15,173.4,21.67,,,modulo_1,115.0,3.0,435.0,,,,,,,,,,,,,,,,,,,,0,,,False
2022_08019028,1,hombre,34,127.15,175.6,41.24,127.8,0.728,modulo_1,114.0,4.0,720.0,6.1,97.0,128.0,20.2,179.0,35.0,101.0,337.0,7.6,0.7,4.2,17.0,,,,,,,,1,0.0,1.0,True
2022_08019034,2,mujer,57,66.2,146.9,30.68,101.6,0.692,modulo_1,138.0,4.0,200.0,,,,,,,,,,,,,,,,,,,,1,,,False
2022_08019035,1,hombre,53,99.05,157.0,40.18,124.2,0.791,modulo_1,96.0,3.0,70.0,6.3,94.0,134.0,11.6,171.0,50.0,98.0,123.0,8.0,1.0,4.2,14.0,,,,,,,,1,0.0,1.0,True
2022_08019041,1,hombre,56,101.35,173.6,33.63,116.7,0.672,modulo_1,115.0,5.0,960.0,5.8,84.0,120.0,4.8,160.0,34.0,105.0,134.0,3.3,0.6,3.3,16.0,,,,,,,,1,0.0,1.0,True
2022_08019043,1,hombre,55,72.25,172.4,24.31,95.2,0.552,modulo_1,117.0,2.0,420.0,,,,,,,,,,,,,,,,,,,,0,,,False
2022_08019045,2,mujer,35,84.3,154.7,35.22,108.4,0.701,modulo_1,110.0,3.0,390.0,,,,,,,,,,,,15.2,29.4,11.4,6.76,0.22,0.9,167.0,32.1,1,,,False
2022_08019053,2,mujer,35,84.25,160.5,32.71,100.0,0.623,modulo_1,103.0,3.0,620.0,5.0,94.0,97.0,9.0,130.0,46.0,63.0,102.0,3.5,0.67,4.2,14.5,28.7,18.1,4.7,0.25,0.9,200.0,13.5,1,0.0,0.0,True
2022_08019054,1,hombre,58,62.25,166.8,22.37,78.3,0.469,modulo_1,107.0,1.0,420.0,,,,,,,,,,,,,,,,,,,,0,,,False
2022_08019055,2,mujer,29,71.05,165.6,25.91,83.8,0.506,modulo_1,111.0,2.0,510.0,5.5,87.0,111.0,8.2,144.0,65.0,62.0,62.0,4.7,0.7,4.4,15.6,5.3,16.4,7.15,0.04,1.1,167.0,30.3,1,0.0,0.0,True
2022_08019057,2,mujer,42,92.85,159.2,36.63,119.1,0.748,modulo_1,129.0,2.0,510.0,,,,,,,,,,,,,,,,,,,,1,,,False
2022_08019059,1,hombre,68,66.55,171.1,22.73,92.6,0.541,modulo_2,141.0,4.0,570.0,5.5,99.0,111.0,5.0,145.0,33.0,93.0,80.0,4.8,0.7,4.2,8.5,,,,,,,,0,0.0,0.0,True
2022_08019060,1,hombre,54,101.15,170.6,34.75,117.3,0.688,modulo_1,154.0,4.0,420.0,5.3,97.0,105.0,11.5,152.0,39.0,70.0,273.0,7.1,0.92,4.1,15.7,,,,,,,,1,0.0,0.0,True
2022_08019066,2,mujer,57,98.2,155.6,40.56,109.7,0.705,modulo_1,131.0,2.0,480.0,,,,,,,,,,,,,,,,,,,,1,,,False
2022_08019067,1,hombre,46,117.05,183.2,34.88,,,modulo_1,119.0,4.0,365.0,,,,,,,,,,,,,,,,,,,,1,,,False
2022_08019074,2,mujer,25,92.7,157.2,37.51,116.3,0.74,modulo_1,125.0,4.0,90.0,,,,,,,,,,,,13.1,79.4,14.2,8.07,0.22,0.9,193.0,22.7,1,,,False
2022_08019077,2,mujer,39,97.2,163.1,36.54,112.3,0.689,modulo_1,102.0,1.0,270.0,,,,,,,,,,,,,,,,,,,,1,,,False
2022_08019078,2,mujer,41,54.8,156.9,22.26,76.2,0.486,modulo_1,102.0,3.0,900.0,,,,,,,,,,,,,,,,,,,,0,,,False
2022_08019079,2,mujer,36,59.65,153.4,25.35,90.0,0.587,modulo_1,109.0,4.0,585.0,,,,,,,,,,,,,84.4,20.1,8.31,0.23,1.3,206.0,22.4,1,,,False
2022_08019080,2,mujer,43,74.0,158.0,29.64,100.0,0.633,modulo_1,103.0,3.0,170.0,5.7,117.0,117.0,21.3,151.0,47.0,84.0,105.0,4.5,0.68,3.9,14.1,9.0,24.2,5.73,0.14,1.3,323.0,21.1,1,0.0,1.0,True
2022_08019082,2,mujer,52,64.7,154.0,27.28,,,modulo_2,100.0,1.0,480.0,5.8,89.0,120.0,23.1,165.0,58.0,79.0,123.0,6.5,0.67,3.6,14.0,,,,,,,,0,0.0,1.0,True
2022_08019083,2,mujer,35,87.5,161.0,33.76,97.5,0.606,modulo_1,164.0,3.0,70.0,,,,,,,,,,,,,,,,,,,,1,,,False
2022_08019086,1,hombre,22,100.85,170.5,34.69,113.0,0.663,modulo_1,93.0,2.0,730.0,,,,,,,,,,,,,,,,,,,,0,,,False
2022_08019087,2,mujer,39,90.9,154.5,38.08,112.2,0.726,modulo_1,97.0,2.0,480.0,,,,,,,,,,,,13.4,70.5,22.6,7.01,1.2,1.1,136.0,19.1,0,,,False
2022_08019088,2,mujer,24,84.45,157.2,34.17,101.3,0.644,modulo_1,111.0,1.0,1290.0,5.3,90.0,105.0,48.1,140.0,43.0,80.0,109.0,5.3,0.57,4.2,13.5,33.1,22.2,6.62,0.3,0.9,234.0,23.6,1,0.0,0.0,True
2022_08019089,2,mujer,38,58.95,155.4,24.41,85.4,0.55,modulo_1,123.0,2.0,205.0,5.2,99.0,103.0,8.7,218.0,56.0,138.0,98.0,2.5,0.6,4.1,13.4,59.3,26.9,8.73,0.3,1.1,236.0,0.01,0,0.0,0.0,True
2022_08019094,1,hombre,46,87.65,169.9,30.36,102.1,0.601,modulo_1,138.0,1.0,540.0,,,,,,,,,,,,,,,,,,,,1,,,False
2022_08019096,2,mujer,29,58.1,162.6,21.98,78.1,0.48,modulo_1,100.0,4.0,990.0,,,,,,,,,,,,,,,,,,,,0,,,False
2022_08019097,1,hombre,40,61.2,175.3,19.92,75.0,0.428,modulo_1,115.0,1.0,540.0,,,,,,,,,,,,,,,,,,,,0,,,False
2022_08019098,2,mujer,31,63.9,157.7,25.69,90.4,0.573,modulo_1,114.0,5.0,540.0,,,,,,,,,,,,14.9,12.0,23.2,9.97,0.52,1.2,167.0,26.2,1,,,False
2022_08019099,2,mujer,35,97.25,158.4,38.76,,,modulo_1,142.0,1.0,680.0,5.0,94.0,97.0,49.3,204.0,33.0,76.0,835.0,5.2,0.52,4.0,13.4,58.7,25.2,4.63,0.29,1.3,212.0,18.8,1,0.0,0.0,True
2022_08019100,1,hombre,58,71.75,166.2,25.98,97.1,0.584,modulo_1,131.0,3.0,60.0,5.0,111.0,97.0,22.6,188.0,38.0,109.0,265.0,6.7,0.82,3.8,15.5,,,,,,,,1,0.0,0.0,True
2022_08019104,1,hombre,22,56.25,178.6,17.63,72.4,0.405,modulo_1,112.0,3.0,240.0,,,,,,,,,,,,,,,,,,,,0,,,False
2022_08019108,1,hombre,36,86.4,172.2,29.14,102.8,0.597,modulo_1,118.0,2.0,210.0,,,,,,,,,,,,,,,,,,,,1,,,False
2022_08021001,1,hombre,55,60.8,174.0,20.08,76.4,0.439,modulo_1,111.0,5.0,1020.0,,,,,,,,,,,,,,,,,,,,0,,,False
2022_08021004,2,mujer,58,76.35,153.2,32.53,108.7,0.71,modulo_1,124.0,3.0,360.0,5.4,92.0,108.0,5.4,186.0,63.0,86.0,160.0,7.1,0.83,4.3,14.4,,,,,,,,1,0.0,0.0,True
2022_08021005,2,mujer,30,80.6,166.4,29.11,99.0,0.595,modulo_1,131.0,3.0,130.0,5.3,96.0,105.0,12.6,112.0,46.0,46.0,88.0,4.3,0.58,4.1,14.2,93.7,17.1,7.17,0.08,0.8,372.0,0.76,1,0.0,0.0,True
2022_08021008,2,mujer,34,97.5,174.8,31.91,95.2,0.545,modulo_1,117.0,1.0,600.0,,,,,,,,,,,,,,,,,,,,1,,,False
2022_08021010,2,mujer,24,63.65,153.1,27.15,,,modulo_1,89.0,3.0,195.0,,,,,,,,,,,,,,,,,,,,0,,,False
2022_08021013,2,mujer,52,70.35,159.6,27.62,96.0,0.602,modulo_1,120.0,3.0,255.0,6.1,102.0,128.0,9.7,181.0,45.0,126.0,115.0,3.7,0.57,3.8,15.7,,,,,,,,1,0.0,1.0,True
2022_08021015,1,hombre,66,99.85,174.5,32.79,116.2,0.666,modulo_2,108.0,3.0,290.0,,,,,,,,,,,,,,,,,,,,0,,,False
2022_08021017,1,hombre,50,108.6,174.3,35.75,117.8,0.676,modulo_1,115.0,5.0,195.0,,,,,,,,,,,,,,,,,,,,1,,,False
2022_08021019,2,mujer,62,56.2,151.1,24.62,85.7,0.567,modulo_2,120.0,4.0,440.0,,,,,,,,,,,,,,,,,,,,0,,,False
2022_08021027,2,mujer,46,73.15,158.1,29.27,96.4,0.61,modulo_1,124.0,2.0,195.0,,,,,,,,,,,,,,,,,,,,1,,,False
2022_08021029,2,mujer,37,64.8,155.6,26.76,89.3,0.574,modulo_1,101.0,4.0,660.0,,,,,,,,,,,,,,,,,,,,1,,,False
2022_08021030,1,hombre,47,81.3,168.4,28.67,105.6,0.627,modulo_1,132.0,3.0,258.0,5.3,91.0,105.0,9.2,255.0,53.0,138.0,563.0,7.3,0.69,4.2,15.8,,,,,,,,1,0.0,0.0,True
2022_08021031,2,mujer,63,71.05,152.0,30.75,96.0,0.632,modulo_2,140.0,2.0,205.0,,,,,,,,,,,,,,,,,,,,0,,,False
2022_08021034,2,mujer,69,64.2,156.9,26.08,95.4,0.608,modulo_2,137.0,3.0,260.0,,,,,,,,,,,,,,,,,,,,0,,,False
2022_08021036,2,mujer,64,49.95,157.4,20.16,83.6,0.531,modulo_2,149.0,2.0,260.0,7.0,77.0,154.0,4.5,124.0,24.0,89.0,85.0,5.7,0.75,4.6,13.3,,,,,,,,0,1.0,1.0,True
2022_08021037,1,hombre,42,76.75,173.6,25.47,87.9,0.506,modulo_1,122.0,4.0,745.0,,,,,,,,,,,,,,,,,,,,1,,,False
2022_08021044,1,hombre,51,127.6,180.1,39.34,131.8,0.732,modulo_1,167.0,2.0,600.0,,,,,,,,,,,,,,,,,,,,1,,,False
2022_08021047,1,hombre,54,74.9,169.8,25.98,90.6,0.534,modulo_1,140.0,4.0,10.0,,,,,,,,,,,,,,,,,,,,1,,,False
2022_08021048,2,mujer,54,92.5,150.0,41.11,118.3,0.789,modulo_1,111.0,2.0,427.0,,,,,,,,,,,,,,,,,,,,1,,,False
2022_08032001,1,hombre,64,92.0,175.0,30.04,110.0,0.629,modulo_2,111.0,3.0,235.0,,,,,,,,,,,,,,,,,,,,0,,,False
2022_08032007,2,mujer,43,94.95,153.9,40.09,111.5,0.724,modulo_1,122.0,4.0,120.0,5.9,97.0,123.0,19.5,191.0,45.0,99.0,257.0,4.6,0.72,4.2,14.3,105.9,24.3,8.29,0.36,0.8,386.0,16.3,1,0.0,1.0,True
2022_08032012,2,mujer,58,76.2,165.1,27.96,89.6,0.543,modulo_1,106.0,2.0,285.0,,,,,,,,,,,,,,,,,,,,1,,,False
2022_08032025,2,mujer,43,65.55,152.6,28.15,83.2,0.545,modulo_1,108.0,2.0,660.0,,,,,,,,,,,,,,,,,,,,1,,,False
2022_08032026,1,hombre,67,84.8,169.7,29.45,106.7,0.629,modulo_2,126.0,3.0,615.0,5.8,158.0,120.0,74.0,164.0,36.0,110.0,90.0,4.7,0.72,4.1,16.5,,,,,,,,0,0.0,1.0,True
2022_08032028,1,hombre,51,92.05,181.5,27.94,108.4,0.597,modulo_1,121.0,4.0,700.0,,,,,,,,,,,,,,,,,,,,1,,,False
2022_08032034,2,mujer,43,75.7,167.1,27.11,96.8,0.579,modulo_1,108.0,4.0,540.0,,,,,,,,,,,,,,,,,,,,1,,,False
2022_08037006,2,mujer,69,49.75,150.1,22.08,86.7,0.578,modulo_2,138.0,4.0,900.0,,,,,,,,,,,,,,,,,,,,0,,,False
2022_08037008,2,mujer,46,71.0,150.3,31.43,95.6,0.636,modulo_1,115.0,3.0,540.0,5.7,76.0,117.0,4.9,134.0,38.0,89.0,83.0,3.1,0.49,3.4,8.6,2.3,21.5,6.45,0.15,3.9,229.0,22.5,1,0.0,1.0,True
2022_08037011,1,hombre,57,66.4,157.7,26.7,93.2,0.591,modulo_1,110.0,2.0,420.0,,,,,,,,,,,,,,,,,,,,1,,,False
2022_08037014,2,mujer,44,68.7,150.8,30.21,84.5,0.56,modulo_1,137.0,4.0,150.0,5.0,77.0,97.0,6.6,176.0,41.0,102.0,142.0,3.1,0.62,3.3,12.4,162.9,5.3,9.0,0.14,1.0,1250.0,24.9,1,0.0,0.0,True
2022_08037015,2,mujer,42,107.7,155.6,44.48,128.3,0.825,modulo_1,120.0,1.0,50.0,,,,,,,,,,,,,,,,,,,,1,,,False
2022_08037021,2,mujer,51,93.7,161.2,36.06,110.1,0.683,modulo_1,127.0,1.0,152.0,,,,,,,,,,,,,,,,,,,,1,,,False
2022_08037025,2,mujer,64,81.1,153.5,34.42,111.3,0.725,modulo_2,,3.0,120.0,,,,,,,,,,,,,,,,,,,,1,,,False
2022_08037034,2,mujer,54,117.21,155.5,48.47,133.4,0.858,modulo_1,140.0,3.0,330.0,,,,,,,,,,,,,,,,,,,,1,,,False
2022_08037043,2,mujer,56,55.95,150.6,24.67,89.4,0.594,modulo_1,145.0,1.0,445.0,7.2,136.0,160.0,3.7,143.0,36.0,99.0,74.0,3.7,0.62,3.2,13.8,,,,,,,,0,1.0,1.0,True
2022_08037044,1,hombre,59,83.0,174.7,27.2,102.7,0.588,modulo_1,137.0,2.0,630.0,5.4,91.0,108.0,10.2,143.0,30.0,97.0,108.0,3.2,0.72,3.9,15.4,,,,,,,,1,0.0,0.0,True
2022_08037048,1,hombre,49,88.05,173.5,29.25,110.8,0.639,modulo_1,128.0,3.0,120.0,,,,,,,,,,,,,,,,,,,,1,,,False
2022_08037049,1,hombre,51,71.2,157.2,28.81,100.9,0.642,modulo_1,101.0,4.0,520.0,,,,,,,,,,,,,,,,,,,,1,,,False
2022_08037051,2,mujer,64,61.4,151.3,26.82,84.9,0.561,modulo_2,141.0,1.0,330.0,5.7,111.0,117.0,3.6,188.0,46.0,121.0,162.0,3.1,0.51,3.7,13.8,,,,,,,,0,0.0,1.0,True
2022_08037055,2,mujer,25,117.35,169.3,40.94,125.0,0.738,modulo_1,119.0,4.0,360.0,,,,,,,,,,,,11.9,8.1,11.4,5.8,2.29,1.1,232.0,12.5,1,,,False
2022_08037056,1,hombre,40,100.7,171.9,34.08,108.5,0.631,modulo_1,117.0,2.0,480.0,5.1,101.0,100.0,7.5,157.0,40.0,98.0,81.0,5.6,0.8,4.0,15.6,,,,,,,,1,0.0,0.0,True
2022_08037060,2,mujer,76,89.95,157.1,36.45,116.5,0.742,modulo_2,129.0,3.0,60.0,5.4,84.0,108.0,16.9,149.0,36.0,102.0,158.0,4.9,0.92,3.0,15.3,,,,,,,,1,0.0,0.0,True
2022_08037061,2,mujer,37,61.55,160.5,23.89,80.3,0.5,modulo_1,94.0,4.0,630.0,,,,,,,,,,,,,,,,,,,,0,,,False
2022_08037066,1,hombre,50,77.3,168.4,27.26,98.1,0.583,modulo_1,147.0,3.0,180.0,,,,,,,,,,,,,,,,,,,,1,,,False
2022_08037067,1,hombre,55,73.25,159.5,28.79,90.9,0.57,modulo_1,137.0,5.0,205.0,,,,,,,,,,,,,,,,,,,,1,,,False
2022_08037076,2,mujer,61,78.15,145.4,36.97,110.8,0.762,modulo_2,131.0,3.0,420.0,,,,,,,,,,,,,,,,,,,,0,,,False
2022_08037082,2,mujer,33,67.45,158.5,26.85,89.8,0.567,modulo_1,124.0,3.0,120.0,,,,,,,,,,,,,,,,,,,,1,,,False
2022_08037087,1,hombre,62,105.9,168.2,37.43,126.0,0.749,modulo_2,189.0,3.0,495.0,5.4,100.0,108.0,18.9,150.0,36.0,97.0,141.0,6.8,0.81,3.6,16.1,,,,,,,,0,0.0,0.0,True
2022_08037094,2,mujer,26,74.6,162.0,28.43,100.5,0.62,modulo_1,114.0,3.0,1020.0,,,,,,,,,,,,,,,,,,,,1,,,False
2022_08037103,1,hombre,36,67.8,175.9,21.91,88.8,0.505,modulo_1,139.0,4.0,360.0,,,,,,,,,,,,,,,,,,,,0,,,False
2022_08037104,1,hombre,43,78.1,168.9,27.38,90.5,0.536,modulo_1,140.0,3.0,240.0,5.3,89.0,105.0,2.6,187.0,60.0,108.0,124.0,4.0,0.92,4.0,15.0,,,,,,,,1,0.0,0.0,True
2022_08037105,2,mujer,28,75.9,156.0,31.19,,,modulo_1,109.0,5.0,240.0,,,,,,,,,,,,,,,,,,,,1,,,False
2022_08037106,2,mujer,50,74.85,149.0,33.71,110.9,0.744,modulo_1,132.0,5.0,630.0,,,,,,,,,,,,,,,,,,,,1,,,False
2022_08037108,1,hombre,63,76.15,169.2,26.6,94.8,0.56,modulo_2,124.0,4.0,565.0,,,,,,,,,,,,,,,,,,,,0,,,False
2022_08037110,2,mujer,63,88.8,159.8,34.77,118.8,0.743,modulo_2,125.0,4.0,60.0,,,,,,,,,,,,,,,,,,,,1,,,False
2022_08037112,1,hombre,51,77.7,168.2,27.46,99.2,0.59,modulo_1,114.0,2.0,230.0,,,,,,,,,,,,,,,,,,,,1,,,False
2022_08037115,2,mujer,38,71.4,148.5,32.38,108.5,0.731,modulo_1,110.0,4.0,186.0,,,,,,,,,,,,,,,,,,,,1,,,False
2022_08037118,2,mujer,50,58.2,155.9,23.95,84.5,0.542,modulo_1,126.0,4.0,80.0,5.5,102.0,111.0,5.8,211.0,42.0,138.0,253.0,4.3,0.7,3.7,14.7,,,,,,,,1,0.0,0.0,True
2022_08037119,1,hombre,50,83.55,173.0,27.92,98.6,0.57,modulo_1,131.0,3.0,961.0,6.2,95.0,131.0,3.2,136.0,36.0,95.0,74.0,3.0,0.73,3.0,14.1,,,,,,,,1,0.0,1.0,True
2022_08037121,1,hombre,62,86.75,165.5,31.67,112.1,0.677,modulo_2,158.0,4.0,300.0,5.9,126.0,123.0,22.3,207.0,37.0,136.0,222.0,8.1,0.98,3.9,14.8,,,,,,,,1,0.0,1.0,True
2022_08037125,1,hombre,49,71.65,172.3,24.13,94.0,0.546,modulo_1,125.0,4.0,690.0,,,,,,,,,,,,,,,,,,,,0,,,False
2022_08037126,1,hombre,33,93.4,162.9,35.2,114.8,0.705,modulo_1,130.0,3.0,240.0,,,,,,,,,,,,,,,,,,,,1,,,False
2022_08037127,2,mujer,26,74.0,153.5,31.41,100.5,0.655,modulo_1,119.0,2.0,500.0,,,,,,,,,,,,,,,,,,,,1,,,False
2022_08037134,1,hombre,45,54.1,158.9,21.43,88.2,0.555,modulo_1,134.0,1.0,660.0,,,,,,,,,,,,,,,,,,,,0,,,False
2022_08037136,2,mujer,54,63.75,154.7,26.64,95.9,0.62,modulo_1,100.0,4.0,220.0,4.2,79.0,74.0,19.6,165.0,48.0,77.0,168.0,3.5,0.59,3.4,9.2,,,,,,,,0,0.0,0.0,True
2022_08037145,2,mujer,38,70.5,150.8,31.0,89.5,0.594,modulo_1,116.0,4.0,500.0,,,,,,,,,,,,13.9,39.8,17.2,5.95,0.24,0.7,284.0,18.0,1,,,False
2022_08037147,1,hombre,49,93.7,169.5,32.61,109.1,0.644,modulo_1,156.0,3.0,500.0,,,,,,,,,,,,,,,,,,,,1,,,False
2022_08037151,2,mujer,30,82.1,169.0,28.75,101.1,0.598,modulo_1,93.0,5.0,510.0,,,,,,,,,,,,,,,,,,,,0,,,False
2022_08037156,2,mujer,61,76.45,152.1,33.05,102.7,0.675,modulo_2,114.0,2.0,360.0,5.6,77.0,114.0,4.0,224.0,41.0,144.0,199.0,6.7,0.73,3.5,14.5,,,,,,,,1,0.0,0.0,True
2022_08037169,2,mujer,46,116.95,167.1,41.88,135.9,0.813,modulo_1,128.0,4.0,180.0,,,,,,,,,,,,,,,,,,,,1,,,False
2022_08037175,2,mujer,29,72.4,152.1,31.3,152.1,1.0,modulo_1,101.0,3.0,180.0,,,,,,,,,,,,,,,,,,,,1,,,False
2022_08037176,2,mujer,39,67.6,155.2,28.06,83.5,0.538,modulo_1,126.0,5.0,705.0,5.3,87.0,105.0,21.5,171.0,42.0,110.0,127.0,4.1,0.66,4.0,15.1,65.8,13.7,9.03,0.26,1.1,301.0,21.3,1,0.0,0.0,True
2022_08037177,2,mujer,25,87.7,163.0,33.01,103.5,0.635,modulo_1,121.0,4.0,180.0,,,,,,,,,,,,,,,,,,,,1,,,False
2022_08037181,2,mujer,34,52.1,147.6,23.91,78.2,0.53,modulo_1,106.0,4.0,6255.0,,,,,,,,,,,,,,,,,,,,0,,,False
2022_08037183,2,mujer,35,81.05,151.4,35.36,95.0,0.627,modulo_1,120.0,2.0,660.0,,,,,,,,,,,,,,,,,,,,1,,,False
2022_08037184,2,mujer,29,80.15,156.5,32.72,95.9,0.613,modulo_1,110.0,1.0,300.0,,,,,,,,,,,,,,,,,,,,1,,,False
2022_08037192,2,mujer,26,63.8,157.2,25.82,,,modulo_1,106.0,1.0,540.0,,,,,,,,,,,,,,,,,,,,1,,,False
2022_08037194,1,hombre,43,63.7,181.0,19.44,79.5,0.439,modulo_1,125.0,4.0,155.0,,,,,,,,,,,,,,,,,,,,1,,,False
2022_08037196,1,hombre,39,72.75,161.1,28.03,96.5,0.599,modulo_1,138.0,5.0,840.0,11.9,293.0,295.0,5.9,178.0,40.0,129.0,115.0,1.7,0.64,3.2,17.0,,,,,,,,1,1.0,1.0,True
2022_08050001,2,mujer,59,80.1,157.5,32.29,110.1,0.699,modulo_1,146.0,2.0,110.0,,,,,,,,,,,,,,,,,,,,1,,,False
2022_08050002,1,hombre,62,71.95,161.3,27.65,101.9,0.632,modulo_2,150.0,4.0,1080.0,5.4,109.0,108.0,3.4,154.0,40.0,98.0,107.0,6.4,0.93,3.5,14.5,,,,,,,,0,0.0,0.0,True
2022_08050003,1,hombre,34,83.35,167.0,29.89,106.6,0.638,modulo_1,125.0,5.0,720.0,5.2,92.0,103.0,5.0,178.0,37.0,135.0,161.0,4.8,0.72,3.8,16.4,,,,,,,,1,0.0,0.0,True
2022_08050007,1,hombre,37,56.55,169.2,19.75,77.2,0.456,modulo_1,138.0,2.0,240.0,5.4,85.0,108.0,2.2,145.0,48.0,89.0,57.0,6.4,0.8,3.9,17.6,,,,,,,,0,0.0,0.0,True
2022_08050009,1,hombre,37,79.6,162.1,30.29,95.3,0.588,modulo_1,124.0,4.0,120.0,,,,,,,,,,,,,,,,,,,,1,,,False
2022_08050012,1,hombre,60,64.7,154.0,27.28,,,modulo_2,139.0,2.0,900.0,6.2,99.0,131.0,23.0,135.0,40.0,78.0,108.0,7.1,0.95,3.7,17.2,,,,,,,,0,0.0,1.0,True
2022_08050013,2,mujer,51,83.25,156.0,34.21,110.4,0.708,modulo_1,131.0,3.0,450.0,,,,,,,,,,,,,,,,,,,,1,,,False
2022_08050017,2,mujer,27,54.1,152.8,23.17,77.6,0.508,modulo_1,127.0,5.0,540.0,,,,,,,,,,,,,,,,,,,,0,,,False
2022_08050018,1,hombre,54,77.55,168.5,27.31,99.6,0.591,modulo_1,139.0,4.0,420.0,5.3,97.0,105.0,6.6,189.0,40.0,127.0,123.0,5.2,1.03,4.1,16.5,,,,,,,,1,0.0,0.0,True
2022_08050020,1,hombre,68,85.7,166.2,31.03,110.3,0.664,modulo_2,158.0,5.0,150.0,6.4,98.0,137.0,5.8,154.0,29.0,74.0,288.0,5.7,0.92,4.0,16.0,,,,,,,,1,0.0,1.0,True
2022_08050024,2,mujer,61,73.45,156.6,29.95,92.8,0.593,modulo_2,153.0,3.0,300.0,,,,,,,,,,,,,,,,,,,,0,,,False
2022_08050025,2,mujer,72,62.8,146.4,29.3,98.7,0.674,modulo_2,132.0,5.0,580.0,5.2,82.0,103.0,4.7,140.0,35.0,81.0,157.0,4.8,0.64,3.6,12.4,,,,,,,,0,0.0,0.0,True
2022_08050026,2,mujer,23,83.95,157.0,34.06,98.6,0.628,modulo_1,143.0,4.0,780.0,,,,,,,,,,,,,,,,,,,,1,,,False
2022_08050027,1,hombre,21,73.7,173.1,24.6,87.5,0.505,modulo_1,160.0,1.0,720.0,,,,,,,,,,,,,,,,,,,,0,,,False
2022_08050030,2,mujer,48,88.65,151.0,38.88,101.4,0.672,modulo_1,117.0,4.0,660.0,5.1,90.0,100.0,8.7,139.0,34.0,91.0,144.0,5.2,0.76,2.9,13.8,6.4,28.6,10.59,0.29,2.1,188.0,24.9,1,0.0,0.0,True
2022_08050031,1,hombre,17,53.25,174.5,17.49,,,modulo_1,115.0,4.0,630.0,,,,,,,,,,,,,,,,,,,,0,,,False
2022_08064001,1,hombre,59,66.95,168.1,23.69,88.1,0.524,modulo_1,200.0,3.0,240.0,5.3,131.0,105.0,9.0,221.0,64.0,107.0,212.0,6.9,0.9,4.4,16.1,,,,,,,,0,0.0,0.0,True
2022_08064002,1,hombre,53,74.65,168.4,26.32,102.5,0.609,modulo_1,151.0,5.0,480.0,,,,,,,,,,,,,,,,,,,,1,,,False
2022_08064010,2,mujer,84,83.3,165.1,30.56,106.9,0.647,modulo_1,138.0,2.0,420.0,,,,,,,,,,,,,,,,,,,,1,,,False
2022_08064012,2,mujer,26,65.3,160.3,25.41,77.4,0.483,modulo_1,97.0,4.0,115.0,,,,,,,,,,,,,,,,,,,,1,,,False
2022_09002010,2,mujer,65,80.8,150.6,35.63,104.9,0.697,modulo_2,131.0,4.0,570.0,,,,,,,,,,,,,,,,,,,,0,,,False
2022_09002013,2,mujer,76,75.35,144.0,36.34,105.4,0.732,modulo_2,110.0,4.0,320.0,,,,,,,,,,,,,,,,,,,,0,,,False
2022_09002016,2,mujer,68,59.45,148.8,26.85,95.0,0.638,modulo_2,130.0,3.0,60.0,5.9,97.0,123.0,6.7,166.0,41.0,110.0,115.0,3.5,0.5,3.6,14.1,,,,,,,,1,0.0,1.0,True
2022_09002018,2,mujer,35,64.75,157.7,26.04,87.4,0.554,modulo_1,111.0,3.0,240.0,,,,,,,,,,,,,,,,,,,,1,,,False
2022_09002022,1,hombre,61,89.15,171.4,30.35,111.6,0.651,modulo_2,146.0,2.0,345.0,,,,,,,,,,,,,,,,,,,,0,,,False
2022_09002023,2,mujer,61,60.8,160.5,23.6,94.6,0.589,modulo_2,122.0,4.0,250.0,5.6,89.0,114.0,7.4,198.0,50.0,129.0,70.0,4.0,0.94,3.4,15.4,,,,,,,,0,0.0,0.0,True
2022_09002027,2,mujer,62,98.4,151.8,42.7,115.8,0.763,modulo_2,180.0,4.0,310.0,,,,,,,,,,,,,,,,,,,,0,,,False
2022_09002029,1,hombre,63,76.15,161.5,29.2,104.3,0.646,modulo_2,129.0,3.0,120.0,5.3,94.0,105.0,9.2,171.0,37.0,97.0,254.0,4.4,0.84,3.6,17.5,,,,,,,,1,0.0,0.0,True
2022_09002033,2,mujer,51,69.85,150.8,30.72,90.6,0.601,modulo_1,132.0,4.0,525.0,,,,,,,,,,,,,,,,,,,,1,,,False
2022_09003001,2,mujer,66,57.15,140.6,28.91,,,modulo_2,167.0,5.0,340.0,,,,,,,,,,,,,,,,,,,,0,,,False
2022_09003002,2,mujer,45,70.25,147.8,32.16,96.5,0.653,modulo_1,131.0,4.0,380.0,,,,,,,,,,,,,,,,,,,,1,,,False
2022_09003005,1,hombre,31,81.45,163.7,30.39,95.2,0.582,modulo_1,116.0,2.0,550.0,,,,,,,,,,,,,,,,,,,,1,,,False
2022_09003007,2,mujer,48,92.55,157.6,37.26,123.0,0.78,modulo_1,127.0,2.0,750.0,5.3,78.0,105.0,13.3,157.0,42.0,103.0,156.0,4.7,0.63,3.3,14.6,,,,,,,,1,0.0,0.0,True
2022_09003008,2,mujer,61,60.85,157.6,24.5,,,modulo_2,137.0,3.0,900.0,5.8,88.0,120.0,7.1,203.0,41.0,142.0,158.0,4.8,0.94,3.4,14.0,,,,,,,,1,0.0,1.0,True
2022_09003009,2,mujer,47,69.3,149.3,31.09,90.5,0.606,modulo_1,104.0,2.0,720.0,,,,,,,,,,,,,,,,,,,,1,,,False
2022_09003010,2,mujer,29,85.75,163.3,32.16,92.8,0.568,modulo_1,132.0,2.0,630.0,,,,,,,,,,,,,,,,,,,,1,,,False
2022_09003015,1,hombre,64,61.45,167.2,21.98,83.4,0.499,modulo_2,139.0,3.0,500.0,,,,,,,,,,,,,,,,,,,,0,,,False
2022_09003021,1,hombre,29,58.6,159.6,23.01,79.4,0.497,modulo_1,116.0,2.0,760.0,,,,,,,,,,,,16.2,,,,,,,,0,,,False
2022_09003024,1,hombre,26,49.95,157.3,20.19,,,modulo_1,115.0,3.0,480.0,,,,,,,,,,,,,,,,,,,,0,,,False
2022_09003034,1,hombre,57,64.7,154.0,27.28,,,modulo_2,91.0,4.0,780.0,,,,,,,,,,,,,,,,,,,,0,,,False
2022_09005002,1,hombre,50,99.5,173.0,33.25,108.5,0.627,modulo_1,128.0,2.0,620.0,5.8,92.0,120.0,24.1,181.0,37.0,128.0,230.0,5.4,0.88,3.8,11.4,,,,,,,,1,0.0,1.0,True
2022_09005004,1,hombre,67,72.95,168.2,25.79,94.9,0.564,modulo_2,165.0,2.0,500.0,,,,,,,,,,,,,,,,,,,,0,,,False
2022_09005008,1,hombre,50,120.5,178.5,37.82,124.5,0.697,modulo_1,136.0,3.0,380.0,,,,,,,,,,,,,,,,,,,,1,,,False
2022_09005010,2,mujer,48,87.8,166.9,31.52,101.0,0.605,modulo_1,122.0,1.0,495.0,,,,,,,,,,,,11.3,93.2,23.4,8.77,0.22,1.0,146.0,16.1,1,,,False
2022_09005018,1,hombre,60,71.1,168.0,25.19,95.4,0.568,modulo_2,124.0,5.0,180.0,,,,,,,,,,,,,,,,,,,,0,,,False
2022_09005022,1,hombre,45,92.55,177.2,29.47,104.6,0.59,modulo_1,100.0,2.0,300.0,,,,,,,,,,,,,,,,,,,,0,,,False
2022_09005027,1,hombre,35,75.4,162.4,28.59,162.6,1.001,modulo_1,143.0,3.0,900.0,,,,,,,,,,,,,,,,,,,,1,,,False
2022_09005028,2,mujer,33,84.85,160.3,33.02,106.2,0.663,modulo_1,108.0,4.0,421.0,5.1,88.0,100.0,5.6,163.0,27.0,118.0,144.0,4.0,0.74,3.4,15.7,9.0,17.3,9.9,0.15,1.4,172.0,13.0,1,0.0,0.0,True
2022_09005029,2,mujer,56,69.85,164.5,25.81,,,modulo_1,115.0,3.0,660.0,,,,,,,,,,,,,,,,,,,,1,,,False
2022_09005030,2,mujer,42,77.45,153.0,33.09,105.0,0.686,modulo_1,112.0,2.0,420.0,,,,,,,,,,,,,,,,,,,,1,,,False
2022_09005034,2,mujer,67,51.3,144.8,24.47,89.5,0.618,modulo_2,125.0,2.0,540.0,8.4,146.0,194.0,4.4,138.0,60.0,65.0,57.0,4.1,0.66,3.6,15.0,,,,,,,,0,1.0,1.0,True
2022_09005035,1,hombre,56,84.95,167.7,30.21,105.6,0.63,modulo_1,149.0,2.0,780.0,,,,,,,,,,,,,,,,,,,,1,,,False
2022_09005036,2,mujer,32,66.95,153.9,28.27,87.5,0.569,modulo_1,105.0,4.0,280.0,,,,,,,,,,,,,,,,,,,,1,,,False
2022_09005037,1,hombre,52,98.8,169.5,34.39,115.9,0.684,modulo_1,124.0,1.0,120.0,,,,,,,,,,,,,,,,,,,,1,,,False
2022_09005043,2,mujer,52,61.6,148.5,27.93,100.5,0.677,modulo_1,138.0,2.0,350.0,5.4,102.0,108.0,10.7,102.0,27.0,57.0,152.0,6.2,0.8,3.3,13.5,,,,,,,,1,0.0,0.0,True
2022_09005061,2,mujer,46,85.4,157.1,34.6,113.8,0.724,modulo_1,118.0,1.0,1200.0,6.2,129.0,131.0,25.6,139.0,38.0,85.0,192.0,6.5,0.63,3.7,13.3,85.2,16.3,5.95,2.22,0.9,408.0,15.6,1,0.0,1.0,True
2022_09005063,2,mujer,24,64.05,145.7,30.17,88.7,0.609,modulo_1,106.0,4.0,240.0,,,,,,,,,,,,,,,,,,,,1,,,False
2022_09005068,1,hombre,22,50.15,145.0,23.85,,,modulo_1,115.0,2.0,230.0,,,,,,,,,,,,,,,,,,,,0,,,False
2022_09005071,2,mujer,65,67.85,153.8,28.68,95.3,0.62,modulo_2,123.0,2.0,390.0,,,,,,,,,,,,,,,,,,,,0,,,False
2022_09005072,2,mujer,64,75.4,157.8,30.28,111.8,0.708,modulo_2,131.0,4.0,260.0,,,,,,,,,,,,,,,,,,,,0,,,False
2022_09005073,1,hombre,47,55.2,155.1,22.95,85.7,0.553,modulo_1,116.0,4.0,290.0,,,,,,,,,,,,,,,,,,,,0,,,False
2022_09005074,1,hombre,60,91.4,176.4,29.37,110.5,0.626,modulo_2,119.0,4.0,960.0,,,,,,,,,,,,,,,,,,,,0,,,False
2022_09005075,1,hombre,53,84.1,167.5,29.98,97.5,0.582,modulo_1,132.0,3.0,615.0,,,,,,,,,,,,,,,,,,,,1,,,False
2022_09005076,2,mujer,59,64.9,151.6,28.24,92.8,0.612,modulo_1,117.0,4.0,240.0,,,,,,,,,,,,,,,,,,,,1,,,False
2022_09005077,2,mujer,45,44.15,156.4,18.05,75.0,0.48,modulo_1,122.0,4.0,593.0,4.6,75.0,85.0,1.4,81.0,29.0,33.0,82.0,2.7,4.96,2.4,6.7,520.0,6.3,15.23,10.3,1.3,435.0,19.7,0,0.0,0.0,True
2022_09005079,2,mujer,52,70.95,158.6,28.21,95.5,0.602,modulo_1,128.0,1.0,180.0,,,,,,,,,,,,,,,,,,,,1,,,False
2022_09005081,2,mujer,57,66.6,140.9,33.55,92.6,0.657,modulo_1,155.0,3.0,570.0,,,,,,,,,,,,,,,,,,,,1,,,False
2022_09005085,2,mujer,53,41.25,140.3,20.96,68.6,0.489,modulo_1,,5.0,180.0,,,,,,,,,,,,,,,,,,,,0,,,False
2022_09005086,1,hombre,54,86.45,162.1,32.9,106.7,0.658,modulo_1,113.0,3.0,735.0,,,,,,,,,,,,,,,,,,,,1,,,False
2022_09005087,1,hombre,67,67.95,161.1,26.18,96.6,0.6,modulo_2,109.0,3.0,1080.0,,,,,,,,,,,,,,,,,,,,0,,,False
2022_09005093,1,hombre,33,86.7,165.0,31.85,98.5,0.597,modulo_1,137.0,2.0,868.0,5.3,84.0,105.0,4.5,169.0,41.0,124.0,56.0,7.3,0.88,3.9,16.4,,,,,,,,1,0.0,0.0,True
2022_09005094,2,mujer,47,84.4,163.4,31.61,106.0,0.649,modulo_1,107.0,2.0,660.0,,,,,,,,,,,,,,,,,,,,1,,,False
2022_09005099,1,hombre,60,64.9,162.5,24.58,91.5,0.563,modulo_2,162.0,3.0,740.0,,,,,,,,,,,,,,,,,,,,0,,,False
2022_09005100,1,hombre,61,52.0,163.2,19.52,77.2,0.473,modulo_2,97.0,1.0,990.0,5.2,80.0,103.0,3.1,219.0,46.0,147.0,160.0,4.3,0.69,4.0,17.4,,,,,,,,1,0.0,0.0,True
2022_09005104,2,mujer,33,73.8,155.8,30.4,88.4,0.567,modulo_1,113.0,1.0,320.0,,,,,,,,,,,,,,,,,,,,1,,,False
2022_09005108,2,mujer,60,50.4,156.1,20.68,75.1,0.481,modulo_2,96.0,4.0,350.0,5.3,79.0,105.0,6.2,187.0,56.0,115.0,120.0,2.4,0.68,3.4,14.5,,,,,,,,0,0.0,0.0,True
2022_09006008,1,hombre,77,70.6,155.9,29.05,99.9,0.641,modulo_2,152.0,2.0,555.0,5.4,87.0,108.0,8.9,154.0,48.0,79.0,183.0,3.2,0.85,3.8,16.0,,,,,,,,0,0.0,0.0,True
2022_09006018,1,hombre,47,78.85,170.5,27.12,97.3,0.571,modulo_1,125.0,3.0,540.0,5.4,57.0,108.0,60.6,192.0,47.0,123.0,135.0,6.5,0.87,4.3,14.2,,,,,,,,1,0.0,0.0,True
2022_09006029,2,mujer,57,52.95,150.2,23.47,83.3,0.555,modulo_1,106.0,2.0,120.0,,,,,,,,,,,,,,,,,,,,1,,,False
2022_09006034,2,mujer,71,53.15,149.9,23.65,76.4,0.51,modulo_2,131.0,3.0,420.0,5.8,74.0,120.0,5.5,188.0,58.0,105.0,70.0,3.9,0.69,4.3,13.1,,,,,,,,0,0.0,1.0,True
2022_09006035,1,hombre,24,77.25,174.5,25.37,89.9,0.515,modulo_1,115.0,3.0,580.0,5.2,94.0,103.0,32.6,182.0,47.0,109.0,137.0,5.4,1.02,4.4,16.6,,,,,,,,1,0.0,0.0,True
2022_09006037,1,hombre,15,51.75,172.3,17.43,,,modulo_1,115.0,4.0,515.0,,,,,,,,,,,,,,,,,,,,0,,,False
2022_09007001,1,hombre,68,85.45,169.6,29.71,112.4,0.663,modulo_2,146.0,3.0,520.0,,,,,,,,,,,,,,,,,,,,0,,,False
2022_09007003,2,mujer,45,88.8,162.0,33.84,113.5,0.701,modulo_1,109.0,1.0,240.0,5.2,96.0,103.0,7.0,119.0,31.0,86.0,78.0,4.5,0.73,3.5,10.0,3.7,23.4,5.71,0.57,2.7,616.0,24.9,1,0.0,0.0,True
2022_09007005,1,hombre,60,67.1,167.3,23.97,93.3,0.558,modulo_2,124.0,1.0,510.0,,,,,,,,,,,,,,,,,,,,0,,,False
2022_09007006,2,mujer,33,70.5,165.4,25.77,94.3,0.57,modulo_1,97.0,1.0,610.0,,,,,,,,,,,,,,,,,,,,0,,,False
2022_09007007,1,hombre,68,62.85,157.3,25.4,92.1,0.586,modulo_2,125.0,4.0,750.0,,,,,,,,,,,,,,,,,,,,0,,,False
2022_09007012,1,hombre,50,74.6,160.8,28.85,,,modulo_1,,2.0,510.0,,,,,,,,,,,,,,,,,,,,1,,,False
2022_09007015,2,mujer,46,74.0,152.9,31.65,99.4,0.65,modulo_1,137.0,2.0,787.0,10.3,286.0,249.0,4.7,146.0,41.0,89.0,145.0,3.2,0.58,3.5,16.5,21.9,16.3,7.03,0.11,1.1,303.0,17.0,1,1.0,1.0,True
2022_09007016,1,hombre,46,75.1,156.7,30.58,104.9,0.669,modulo_1,112.0,2.0,520.0,,,,,,,,,,,,,,,,,,,,1,,,False
2022_09007020,2,mujer,55,51.1,147.2,23.58,87.6,0.595,modulo_1,101.0,1.0,630.0,,,,,,,,,,,,,,,,,,,,0,,,False
2022_09007023,2,mujer,66,63.9,146.0,29.98,101.1,0.692,modulo_2,111.0,2.0,420.0,,,,,,,,,,,,,,,,,,,,0,,,False
2022_09007024,2,mujer,59,64.75,141.9,32.16,104.9,0.739,modulo_1,129.0,1.0,120.0,5.7,104.0,117.0,14.8,249.0,62.0,176.0,149.0,4.2,0.67,4.0,14.2,,,,,,,,1,0.0,1.0,True
2022_09007030,1,hombre,48,64.65,155.2,26.84,102.3,0.659,modulo_1,138.0,2.0,255.0,,,,,,,,,,,,,,,,,,,,1,,,False
2022_09007034,2,mujer,58,66.6,157.3,26.92,92.1,0.586,modulo_1,149.0,3.0,280.0,,,,,,,,,,,,,,,,,,,,1,,,False
2022_09007037,1,hombre,59,70.7,164.0,26.29,88.5,0.54,modulo_1,115.0,4.0,360.0,,,,,,,,,,,,,,,,,,,,1,,,False
2022_09007038,1,hombre,48,88.4,170.0,30.59,111.1,0.654,modulo_1,124.0,2.0,300.0,,,,,,,,,,,,,,,,,,,,1,,,False
2022_09007041,1,hombre,54,79.0,160.7,30.59,105.5,0.657,modulo_1,127.0,1.0,390.0,6.8,191.0,148.0,53.5,131.0,54.0,66.0,101.0,4.1,0.8,4.1,15.1,,,,,,,,1,1.0,1.0,True
2022_09007042,2,mujer,45,68.2,153.9,28.79,91.8,0.596,modulo_1,116.0,4.0,360.0,,,,,,,,,,,,,,,,,,,,1,,,False
2022_09007043,2,mujer,70,69.4,151.1,30.4,102.5,0.678,modulo_2,130.0,4.0,500.0,7.5,118.0,169.0,55.3,213.0,48.0,117.0,276.0,5.8,0.48,4.0,14.4,,,,,,,,1,1.0,1.0,True
2022_09007045,2,mujer,65,67.05,150.1,29.76,88.2,0.588,modulo_2,115.0,1.0,210.0,,,,,,,,,,,,,,,,,,,,0,,,False
2022_09007048,1,hombre,46,87.8,171.8,29.75,110.4,0.643,modulo_1,138.0,3.0,540.0,6.1,145.0,128.0,7.7,114.0,46.0,45.0,173.0,7.0,0.72,4.5,17.9,,,,,,,,1,0.0,1.0,True
2022_09007051,2,mujer,49,71.9,152.5,30.92,93.7,0.614,modulo_1,121.0,3.0,420.0,,,,,,,,,,,,,,,,,,,,1,,,False
2022_09007052,1,hombre,43,91.35,176.1,29.46,112.3,0.638,modulo_1,148.0,4.0,360.0,,,,,,,,,,,,,,,,,,,,1,,,False
2022_09007055,2,mujer,41,86.9,159.3,34.24,110.2,0.692,modulo_1,120.0,4.0,270.0,,,,,,,,,,,,,,,,,,,,1,,,False
2022_09007057,2,mujer,27,74.15,167.8,26.33,90.4,0.539,modulo_1,112.0,5.0,255.0,,,,,,,,,,,,,,,,,,,,1,,,False
2022_09007059,2,mujer,52,62.0,152.4,26.69,98.0,0.643,modulo_1,122.0,3.0,90.0,,,,,,,,,,,,,,,,,,,,1,,,False
2022_09007061,2,mujer,73,51.7,143.9,24.97,85.2,0.592,modulo_2,140.0,4.0,300.0,,,,,,,,,,,,,,,,,,,,0,,,False
2022_09007062,2,mujer,57,74.35,150.4,32.87,105.8,0.703,modulo_1,134.0,3.0,540.0,,,,,,,,,,,,,,,,,,,,1,,,False
2022_09007067,2,mujer,32,40.65,150.5,17.95,68.4,0.454,modulo_1,93.0,3.0,220.0,,,,,,,,,,,,,,,,,,,,0,,,False
2022_09007069,2,mujer,42,77.95,146.8,36.17,101.7,0.693,modulo_1,154.0,3.0,629.0,,,,,,,,,,,,,,,,,,,,1,,,False
2022_09007070,1,hombre,55,79.05,158.9,31.31,106.4,0.67,modulo_1,151.0,3.0,310.0,5.9,98.0,123.0,19.2,289.0,42.0,200.0,200.0,8.0,0.99,4.5,17.9,,,,,,,,1,0.0,1.0,True
2022_09007077,1,hombre,58,66.25,157.8,26.61,96.5,0.612,modulo_1,115.0,3.0,375.0,,,,,,,,,,,,,,,,,,,,1,,,False
2022_09007079,2,mujer,49,54.2,155.2,22.5,79.5,0.512,modulo_1,102.0,3.0,540.0,,,,,,,,,,,,,,,,,,,,0,,,False
2022_09007084,2,mujer,65,63.9,146.6,29.73,114.0,0.778,modulo_2,122.0,4.0,1450.0,,,,,,,,,,,,,,,,,,,,0,,,False
2022_09007087,1,hombre,50,66.6,157.0,27.02,98.5,0.627,modulo_1,116.0,3.0,760.0,,,,,,,,,,,,,,,,,,,,1,,,False
2022_09007089,2,mujer,50,63.6,151.9,27.56,91.3,0.601,modulo_1,127.0,4.0,540.0,,,,,,,,,,,,,,,,,,,,1,,,False
2022_09007091,2,mujer,46,62.15,153.1,26.51,93.8,0.613,modulo_1,121.0,1.0,320.0,5.1,85.0,100.0,8.2,203.0,45.0,135.0,129.0,3.8,0.63,4.0,14.5,126.2,19.9,9.35,0.13,1.3,572.0,22.2,1,0.0,0.0,True
2022_09007093,1,hombre,53,67.0,158.3,26.74,82.3,0.52,modulo_1,135.0,2.0,550.0,,,,,,,,,,,,,,,,,,,,1,,,False
2022_09007096,1,hombre,22,75.3,179.2,23.45,83.1,0.464,modulo_1,106.0,1.0,400.0,,,,,,,,,,,,,,,,,,,,0,,,False
2022_09007097,2,mujer,65,64.55,149.9,28.73,93.4,0.623,modulo_2,144.0,4.0,340.0,,,,,,,,,,,,,,,,,,,,0,,,False
2022_09007098,1,hombre,51,72.15,167.9,25.59,87.8,0.523,modulo_1,144.0,2.0,480.0,,,,,,,,,,,,,,,,,,,,1,,,False
2022_09007100,2,mujer,51,61.7,161.5,23.66,85.3,0.528,modulo_1,126.0,2.0,360.0,,,,,,,,,,,,,,,,,,,,0,,,False
2022_09007101,2,mujer,24,79.15,154.1,33.33,97.9,0.635,modulo_1,117.0,1.0,660.0,,,,,,,,,,,,,,,,,,,,1,,,False
2022_09007109,2,mujer,46,51.15,154.9,21.32,95.4,0.616,modulo_1,105.0,2.0,570.0,,,,,,,,,,,,10.7,48.0,21.0,7.07,0.06,3.0,352.0,11.8,0,,,False
2022_09007110,1,hombre,48,62.45,167.7,22.21,82.4,0.491,modulo_1,106.0,4.0,920.0,,,,,,,,,,,,,,,,,,,,0,,,False
2022_09007115,1,hombre,51,69.25,162.4,26.26,87.2,0.537,modulo_1,103.0,4.0,330.0,5.1,75.0,100.0,5.1,177.0,39.0,87.0,440.0,5.1,1.05,4.3,16.3,,,,,,,,1,0.0,0.0,True
2022_09007116,2,mujer,70,65.5,147.4,30.15,94.7,0.642,modulo_2,127.0,4.0,540.0,,,,,,,,,,,,,,,,,,,,0,,,False
2022_09007117,1,hombre,56,94.65,162.1,36.02,,,modulo_1,101.0,3.0,420.0,,,,,,,,,,,,,,,,,,,,1,,,False
2022_09007118,1,hombre,53,81.35,161.2,31.31,98.7,0.612,modulo_1,148.0,1.0,422.0,9.4,209.0,223.0,22.6,111.0,26.0,54.0,342.0,4.5,0.73,4.5,16.9,,,,,,,,1,1.0,1.0,True
2022_09007119,1,hombre,38,62.6,160.2,24.39,88.2,0.551,modulo_1,98.0,4.0,360.0,,,,,,,,,,,,,,,,,,,,0,,,False
2022_09007121,2,mujer,22,82.75,159.2,32.65,,,modulo_1,96.0,2.0,810.0,,,,,,,,,,,,,,,,,,,,0,,,False
2022_09007122,2,mujer,63,151.2,151.2,66.14,102.4,0.677,modulo_2,192.0,4.0,600.0,,,,,,,,,,,,,,,,,,,,0,,,False
2022_09007131,1,hombre,45,70.7,168.1,25.02,92.5,0.55,modulo_1,122.0,3.0,442.0,,,,,,,,,,,,,,,,,,,,1,,,False
2022_09007133,2,mujer,38,75.3,159.1,29.75,104.3,0.656,modulo_1,102.0,3.0,150.0,,,,,,,,,,,,,,,,,,,,1,,,False
2022_09007134,1,hombre,19,76.75,177.4,24.39,,,modulo_1,115.0,2.0,420.0,,,,,,,,,,,,,,,,,,,,0,,,False
2022_09007139,2,mujer,52,85.9,159.2,33.89,110.9,0.697,modulo_1,138.0,2.0,300.0,,,,,,,,,,,,,,,,,,,,1,,,False
2022_09007144,2,mujer,45,69.0,157.0,27.99,90.7,0.578,modulo_1,154.0,2.0,720.0,,,,,,,,,,,,,,,,,,,,1,,,False
2022_09007145,2,mujer,60,63.25,157.2,25.6,87.6,0.557,modulo_2,118.0,4.0,632.0,,,,,,,,,,,,,,,,,,,,0,,,False
2022_09007149,2,mujer,50,53.2,152.4,22.91,83.6,0.549,modulo_1,80.0,2.0,555.0,5.5,88.0,111.0,9.4,162.0,56.0,97.0,60.0,3.8,0.66,3.5,14.5,,,,,,,,0,0.0,0.0,True
2022_09007150,1,hombre,49,103.55,172.2,34.92,118.3,0.687,modulo_1,123.0,3.0,145.0,5.2,82.0,103.0,19.9,185.0,31.0,122.0,257.0,6.2,0.91,3.9,17.0,,,,,,,,1,0.0,0.0,True
2022_09007158,1,hombre,62,56.45,168.6,19.86,75.3,0.447,modulo_2,121.0,3.0,246.0,5.2,80.0,103.0,8.4,154.0,46.0,93.0,58.0,3.2,1.01,4.2,14.3,,,,,,,,0,0.0,0.0,True
2022_09007163,2,mujer,42,52.15,163.4,19.53,80.6,0.493,modulo_1,99.0,5.0,380.0,,,,,,,,,,,,,,,,,,,,0,,,False
2022_09007167,1,hombre,37,96.45,181.3,29.34,102.2,0.564,modulo_1,135.0,2.0,780.0,,,,,,,,,,,,,,,,,,,,1,,,False
2022_09007169,2,mujer,62,75.85,157.0,30.77,108.6,0.692,modulo_2,139.0,3.0,190.0,,,,,,,,,,,,,,,,,,,,0,,,False
2022_09007175,1,hombre,45,77.95,166.7,28.05,99.3,0.596,modulo_1,128.0,3.0,510.0,,,,,,,,,,,,17.4,,,,,,,,1,,,False
2022_09007176,2,mujer,66,82.45,151.5,35.92,117.3,0.774,modulo_2,136.0,1.0,377.0,7.1,120.0,157.0,18.9,196.0,59.0,128.0,201.0,5.0,0.81,3.1,13.0,,,,,,,,0,1.0,1.0,True
2022_09007180,1,hombre,62,66.55,168.7,23.38,88.8,0.526,modulo_2,107.0,4.0,240.0,5.2,97.0,103.0,7.0,202.0,38.0,141.0,140.0,6.6,1.02,3.8,18.5,,,,,,,,1,0.0,0.0,True
2022_09007191,1,hombre,62,76.9,163.5,28.77,103.4,0.632,modulo_2,114.0,1.0,180.0,,,,,,,,,,,,,,,,,,,,0,,,False
2022_09007193,2,mujer,72,52.0,162.1,19.79,83.0,0.512,modulo_2,125.0,5.0,620.0,,,,,,,,,,,,,,,,,,,,0,,,False
2022_09007195,2,mujer,51,72.25,147.5,33.21,108.8,0.738,modulo_1,104.0,4.0,380.0,,,,,,,,,,,,,,,,,,,,1,,,False
2022_09007196,2,mujer,50,56.7,164.1,21.06,73.4,0.447,modulo_1,108.0,3.0,902.0,,,,,,,,,,,,,,,,,,,,0,,,False
2022_09007197,1,hombre,62,63.65,164.2,23.61,87.4,0.532,modulo_2,,2.0,300.0,,,,,,,,,,,,,,,,,,,,0,,,False
2022_09007198,1,hombre,73,131.35,172.6,44.09,140.1,0.812,modulo_1,124.0,4.0,690.0,,,,,,,,,,,,,,,,,,,,1,,,False
2022_09007200,2,mujer,21,56.75,175.1,18.51,,,modulo_1,115.0,2.0,900.0,,,,,,,,,,,,,,,,,,,,0,,,False
2022_09007201,2,mujer,62,57.4,152.0,24.84,88.6,0.583,modulo_2,142.0,3.0,110.0,,,,,,,,,,,,,,,,,,,,1,,,False
2022_09007202,2,mujer,23,49.75,158.0,19.93,75.2,0.476,modulo_1,95.0,4.0,400.0,5.1,77.0,100.0,9.5,178.0,51.0,109.0,169.0,4.1,0.76,4.5,14.7,,,,,,,,0,0.0,0.0,True
2022_09007203,1,hombre,47,92.6,158.8,36.72,112.8,0.71,modulo_1,143.0,2.0,600.0,,,,,,,,,,,,,,,,,,,,1,,,False
2022_09007206,2,mujer,30,91.5,147.6,42.0,121.7,0.825,modulo_1,113.0,3.0,225.0,,,,,,,,,,,,,,,,,,,,1,,,False
2022_09007208,1,hombre,54,96.7,161.9,36.89,117.2,0.724,modulo_1,135.0,3.0,355.0,6.2,164.0,131.0,126.9,182.0,42.0,122.0,204.0,7.0,0.99,3.5,18.0,,,,,,,,1,0.0,1.0,True
2022_09007210,2,mujer,46,63.8,152.2,27.54,89.5,0.588,modulo_1,102.0,4.0,703.0,5.9,94.0,123.0,7.3,195.0,38.0,117.0,236.0,4.4,0.68,3.3,11.1,3.3,11.7,5.66,0.05,2.6,816.0,20.2,1,0.0,1.0,True
2022_09007216,2,mujer,59,74.55,141.2,37.39,106.1,0.751,modulo_1,172.0,2.0,316.0,,,,,,,,,,,,,,,,,,,,1,,,False
2022_09007218,2,mujer,52,70.2,153.8,29.68,98.3,0.639,modulo_1,123.0,2.0,260.0,,,,,,,,,,,,,,,,,,,,1,,,False
2022_09007220,1,hombre,26,52.3,160.3,20.35,77.2,0.482,modulo_1,97.0,4.0,930.0,,,,,,,,,,,,,,,,,,,,0,,,False
2022_09007221,2,mujer,66,74.6,145.6,35.19,108.4,0.745,modulo_2,143.0,3.0,694.0,7.6,127.0,171.0,16.9,157.0,42.0,98.0,137.0,3.8,0.73,3.8,15.2,,,,,,,,0,1.0,1.0,True
2022_09007223,2,mujer,55,75.45,152.7,32.36,114.3,0.749,modulo_1,171.0,3.0,460.0,,,,,,,,,,,,,,,,,,,,1,,,False
2022_09007225,2,mujer,46,84.95,149.4,38.06,114.6,0.767,modulo_1,111.0,5.0,205.0,5.6,94.0,114.0,16.1,175.0,49.0,106.0,192.0,5.8,0.53,3.8,12.0,3.6,15.1,5.77,0.5,2.3,474.0,20.0,1,0.0,0.0,True
2022_09007228,1,hombre,51,79.3,163.9,29.52,100.2,0.611,modulo_1,112.0,2.0,860.0,,,,,,,,,,,,,,,,,,,,1,,,False
2022_09007230,1,hombre,43,77.2,167.7,27.45,95.0,0.566,modulo_1,127.0,1.0,540.0,,,,,,,,,,,,,,,,,,,,1,,,False
2022_09007233,2,mujer,15,55.75,146.6,25.94,,,modulo_1,115.0,5.0,450.0,,,,,,,,,,,,13.2,21.2,10.1,7.65,0.06,1.3,243.0,21.5,1,,,False
2022_09007234,2,mujer,65,61.75,147.8,28.27,95.7,0.647,modulo_2,131.0,4.0,130.0,,,,,,,,,,,,,,,,,,,,1,,,False
2022_09007235,2,mujer,38,78.8,153.3,33.53,100.4,0.655,modulo_1,104.0,3.0,420.0,,,,,,,,,,,,13.1,28.1,10.3,11.05,0.07,1.2,103.0,16.6,1,,,False
2022_09007236,1,hombre,58,76.75,163.2,28.82,102.4,0.627,modulo_1,122.0,2.0,540.0,,,,,,,,,,,,,,,,,,,,1,,,False
2022_09007237,2,mujer,44,62.25,159.2,24.56,94.7,0.595,modulo_1,111.0,4.0,330.0,5.6,96.0,114.0,19.3,163.0,40.0,109.0,131.0,3.0,0.8,4.0,10.2,2.2,23.4,8.38,0.09,3.1,251.0,22.4,0,0.0,0.0,True
2022_09007238,2,mujer,56,72.9,152.5,31.35,102.8,0.674,modulo_1,142.0,3.0,180.0,,,,,,,,,,,,,,,,,,,,1,,,False
2022_09008002,2,mujer,25,59.65,155.8,24.57,77.6,0.498,modulo_1,100.0,3.0,270.0,,,,,,,,,,,,,,,,,,,,0,,,False
2022_09008003,2,mujer,61,66.35,147.5,30.5,105.6,0.716,modulo_2,155.0,3.0,180.0,,,,,,,,,,,,,,,,,,,,0,,,False
2022_09008006,2,mujer,59,85.15,157.5,34.33,113.8,0.723,modulo_1,114.0,4.0,90.0,,,,,,,,,,,,,,,,,,,,1,,,False
2022_09008010,1,hombre,37,66.35,171.3,22.61,84.8,0.495,modulo_1,118.0,3.0,1620.0,,,,,,,,,,,,,,,,,,,,0,,,False
2022_09008013,2,mujer,55,71.0,152.8,30.41,109.3,0.715,modulo_1,134.0,3.0,80.0,,,,,,,,,,,,,,,,,,,,1,,,False
2022_09008014,2,mujer,66,64.7,158.8,25.66,97.2,0.612,modulo_2,122.0,2.0,1380.0,5.2,91.0,103.0,7.8,142.0,52.0,82.0,82.0,3.0,0.56,3.3,14.9,,,,,,,,0,0.0,0.0,True
2022_09008015,1,hombre,59,67.75,163.7,25.28,91.5,0.559,modulo_1,138.0,2.0,400.0,,,,,,,,,,,,,,,,,,,,1,,,False
2022_09008019,1,hombre,53,70.15,157.6,28.24,101.5,0.644,modulo_1,103.0,1.0,600.0,,,,,,,,,,,,,,,,,,,,1,,,False
2022_09008022,2,mujer,63,73.55,138.2,38.51,118.5,0.857,modulo_2,154.0,4.0,575.0,6.4,110.0,137.0,26.5,236.0,50.0,161.0,175.0,5.4,0.58,4.3,16.1,,,,,,,,0,0.0,1.0,True
2022_09008026,1,hombre,50,48.45,169.2,16.92,,,modulo_1,115.0,1.0,210.0,,,,,,,,,,,,,,,,,,,,0,,,False
2022_09008027,1,hombre,42,78.75,173.2,26.25,97.8,0.565,modulo_1,102.0,2.0,295.0,,,,,,,,,,,,,,,,,,,,1,,,False
2022_09008029,2,mujer,63,65.4,157.4,26.4,86.3,0.548,modulo_2,121.0,3.0,390.0,,,,,,,,,,,,,,,,,,,,0,,,False
2022_09010005,1,hombre,30,94.95,175.5,30.83,105.5,0.601,modulo_1,163.0,4.0,560.0,,,,,,,,,,,,,,,,,,,,1,,,False
2022_09010006,2,mujer,62,75.8,151.9,32.85,115.5,0.76,modulo_2,100.0,1.0,300.0,,,,,,,,,,,,,,,,,,,,0,,,False
2022_09010018,2,mujer,79,53.3,144.0,25.7,88.0,0.611,modulo_2,154.0,3.0,821.0,,,,,,,,,,,,,,,,,,,,0,,,False
2022_09010021,2,mujer,56,74.45,155.1,30.95,117.5,0.758,modulo_1,104.0,1.0,6330.0,,,,,,,,,,,,,,,,,,,,1,,,False
2022_09010025,2,mujer,56,63.15,139.5,32.45,100.5,0.72,modulo_1,135.0,2.0,320.0,,,,,,,,,,,,,,,,,,,,1,,,False
2022_09010026,2,mujer,31,127.5,167.9,45.23,134.5,0.801,modulo_1,104.0,4.0,450.0,5.2,85.0,103.0,15.5,141.0,56.0,146.0,91.0,5.0,0.78,4.0,10.5,1.8,8.5,8.07,0.39,1.5,428.0,12.6,1,0.0,0.0,True
2022_09010036,1,hombre,51,95.15,170.8,32.62,111.0,0.65,modulo_1,123.0,2.0,308.0,,,,,,,,,,,,,,,,,,,,1,,,False
2022_09010048,2,mujer,52,67.6,149.5,30.25,95.0,0.635,modulo_1,99.0,5.0,180.0,,,,,,,,,,,,,,,,,,,,0,,,False
2022_09010050,2,mujer,62,45.6,155.2,18.93,73.0,0.47,modulo_2,109.0,4.0,465.0,,,,,,,,,,,,,,,,,,,,0,,,False
2022_09010067,1,hombre,70,70.2,139.5,36.07,101.0,0.724,modulo_1,118.0,4.0,180.0,,,,,,,,,,,,,,,,,,,,1,,,False
2022_09010068,1,hombre,55,47.15,158.9,18.67,,,modulo_1,115.0,5.0,430.0,,,,,,,,,,,,,,,,,,,,0,,,False
2022_09012001,1,hombre,50,102.15,178.4,32.1,116.5,0.653,modulo_1,115.0,1.0,360.0,5.5,89.0,111.0,5.8,165.0,34.0,98.0,194.0,7.1,0.79,4.3,18.0,,,,,,,,1,0.0,0.0,True
2022_09012006,2,mujer,66,67.05,154.2,28.2,98.9,0.641,modulo_2,93.0,4.0,40.0,,,,,,,,,,,,,,,,,,,,1,,,False
2022_09012010,2,mujer,49,72.9,155.0,30.34,102.8,0.663,modulo_1,129.0,2.0,180.0,,,,,,,,,,,,,,,,,,,,1,,,False
2022_09012013,1,hombre,27,94.6,176.9,30.23,106.2,0.6,modulo_1,136.0,4.0,480.0,4.6,97.0,85.0,8.8,280.0,29.0,115.0,1040.0,10.3,0.77,5.1,17.8,,,,,,,,1,0.0,0.0,True
2022_09012014,2,mujer,68,102.5,162.8,38.67,126.8,0.779,modulo_2,120.0,3.0,600.0,,,,,,,,,,,,,,,,,,,,0,,,False
2022_09012016,2,mujer,64,,,,,,modulo_2,174.0,2.0,600.0,,,,,,,,,,,,,,,,,,,,0,,,False
2022_09012017,1,hombre,50,83.35,165.7,30.36,102.1,0.616,modulo_1,129.0,3.0,726.0,,,,,,,,,,,,,,,,,,,,1,,,False
2022_09012021,1,hombre,43,93.85,171.6,31.87,108.1,0.63,modulo_1,108.0,2.0,810.0,5.5,87.0,111.0,14.2,242.0,56.0,144.0,167.0,5.9,0.89,4.4,13.8,,,,,,,,1,0.0,0.0,True
2022_09012022,2,mujer,50,95.55,177.8,30.23,105.3,0.592,modulo_1,124.0,3.0,714.0,,,,,,,,,,,,,,,,,,,,1,,,False
2022_09012024,1,hombre,48,69.95,157.5,28.2,98.7,0.627,modulo_1,110.0,1.0,530.0,,,,,,,,,,,,,,,,,,,,1,,,False
2022_09012025,2,mujer,49,70.65,156.6,28.81,94.3,0.602,modulo_1,142.0,1.0,960.0,,,,,,,,,,,,,,,,,,,,1,,,False
2022_09012026,2,mujer,34,66.1,151.5,28.8,104.2,0.688,modulo_1,101.0,1.0,45.0,5.6,95.0,114.0,8.3,159.0,38.0,86.0,238.0,4.7,0.51,3.8,12.3,4.8,19.6,5.21,0.82,1.8,220.0,25.5,1,0.0,0.0,True
2022_09012027,1,hombre,63,82.05,164.0,30.51,107.1,0.653,modulo_2,148.0,2.0,350.0,,,,,,,,,,,,,,,,,,,,0,,,False
2022_09012032,1,hombre,59,90.0,161.8,34.38,109.4,0.676,modulo_1,173.0,2.0,700.0,,,,,,,,,,,,,,,,,,,,1,,,False
2022_09012036,2,mujer,53,61.7,148.9,27.83,92.2,0.619,modulo_1,110.0,4.0,750.0,,,,,,,,,,,,,,,,,,,,1,,,False
2022_09012042,1,hombre,24,63.25,166.0,22.95,85.4,0.514,modulo_1,147.0,4.0,580.0,,,,,,,,,,,,,,,,,,,,0,,,False
2022_09012044,2,mujer,22,81.55,157.8,32.75,,,modulo_1,115.0,1.0,1500.0,,,,,,,,,,,,,,,,,,,,1,,,False
2022_09012051,2,mujer,32,78.45,160.0,30.64,111.1,0.694,modulo_1,125.0,2.0,260.0,5.7,91.0,117.0,12.3,133.0,38.0,72.0,141.0,5.9,0.47,4.0,15.0,4.8,18.2,6.37,0.28,1.6,151.0,19.9,1,0.0,1.0,True
2022_09012053,1,hombre,39,88.0,159.0,34.81,108.3,0.681,modulo_1,114.0,4.0,300.0,,,,,,,,,,,,,,,,,,,,1,,,False
2022_09012054,2,mujer,52,65.15,162.9,24.55,91.0,0.559,modulo_1,130.0,4.0,420.0,,,,,,,,,,,,,,,,,,,,0,,,False
2022_09012056,2,mujer,44,64.45,152.3,27.79,89.8,0.59,modulo_1,114.0,2.0,370.0,5.0,98.0,97.0,6.5,226.0,70.0,134.0,112.0,4.1,0.59,4.5,12.6,16.8,24.2,3.98,0.07,3.1,926.0,11.9,1,0.0,0.0,True
2022_09012057,1,hombre,25,72.65,163.9,27.04,90.5,0.552,modulo_1,114.0,2.0,180.0,,,,,,,,,,,,,,,,,,,,1,,,False
2022_09012058,1,hombre,44,66.35,158.9,26.28,93.4,0.588,modulo_1,119.0,3.0,65.0,,,,,,,,,,,,,,,,,,,,1,,,False
2022_09012059,2,mujer,65,44.85,141.9,22.27,77.2,0.544,modulo_2,122.0,1.0,293.0,,,,,,,,,,,,,,,,,,,,0,,,False
2022_09012061,2,mujer,60,96.45,171.5,32.79,118.1,0.689,modulo_1,140.0,5.0,450.0,,,,,,,,,,,,,,,,,,,,1,,,False
2022_09012063,2,mujer,43,68.75,149.9,30.6,93.8,0.626,modulo_1,126.0,1.0,800.0,5.9,99.0,123.0,15.3,192.0,54.0,106.0,187.0,4.3,0.69,4.5,15.3,186.9,21.5,10.03,0.08,0.9,127.0,15.8,1,0.0,1.0,True
2022_09012065,1,hombre,41,79.35,164.0,29.5,96.7,0.59,modulo_1,115.0,1.0,1430.0,5.9,94.0,123.0,15.9,201.0,35.0,107.0,390.0,5.6,0.86,4.5,17.5,,,,,,,,1,0.0,1.0,True
2022_09013001,1,hombre,36,95.15,168.4,33.55,109.3,0.649,modulo_1,114.0,2.0,900.0,,,,,,,,,,,,,,,,,,,,1,,,False
2022_09013002,1,hombre,60,85.4,163.4,31.99,111.4,0.682,modulo_2,161.0,5.0,680.0,5.8,97.0,120.0,6.7,131.0,25.0,102.0,128.0,5.2,0.8,2.9,16.3,,,,,,,,0,0.0,1.0,True
2022_09013005,1,hombre,66,64.2,154.9,26.76,97.0,0.626,modulo_1,95.0,2.0,760.0,,,,,,,,,,,,,,,,,,,,0,,,False
2022_09013009,1,hombre,57,70.45,160.7,27.28,94.8,0.59,modulo_1,148.0,4.0,6000.0,,,,,,,,,,,,,,,,,,,,1,,,False
2022_09013012,1,hombre,55,95.15,173.2,31.72,97.3,0.562,modulo_1,112.0,4.0,740.0,,,,,,,,,,,,,,,,,,,,1,,,False
2022_09013013,2,mujer,61,62.75,156.3,25.69,91.5,0.585,modulo_2,124.0,2.0,270.0,,,,,,,,,,,,,,,,,,,,0,,,False
2022_09013023,1,hombre,51,92.3,168.2,32.62,104.2,0.62,modulo_1,124.0,2.0,445.0,6.7,144.0,146.0,13.5,173.0,32.0,111.0,159.0,6.8,1.01,3.9,16.6,,,,,,,,1,1.0,1.0,True
2022_09013026,2,mujer,31,70.3,164.5,25.98,81.0,0.492,modulo_1,105.0,4.0,100.0,,,,,,,,,,,,,,,,,,,,1,,,False
2022_09014016,2,mujer,33,71.3,146.1,33.4,103.6,0.709,modulo_1,98.0,2.0,315.0,,,,,,,,,,,,14.4,31.2,17.2,10.02,0.94,1.1,215.0,31.0,0,,,False
2022_09014018,1,hombre,68,70.1,157.2,28.37,105.1,0.669,modulo_2,119.0,4.0,420.0,,,,,,,,,,,,,,,,,,,,0,,,False
2022_09014021,1,hombre,69,82.3,159.1,32.51,109.3,0.687,modulo_2,147.0,2.0,1050.0,,,,,,,,,,,,,,,,,,,,0,,,False
2022_09014025,2,mujer,68,62.9,144.5,30.12,97.1,0.672,modulo_2,130.0,1.0,420.0,5.1,89.0,100.0,4.6,245.0,77.0,119.0,62.0,4.8,0.77,3.6,10.3,,,,,,,,0,0.0,0.0,True
2022_09014027,2,mujer,56,76.9,161.3,29.56,98.8,0.613,modulo_1,111.0,1.0,330.0,5.6,91.0,114.0,5.0,213.0,44.0,134.0,193.0,4.4,0.79,3.8,14.0,,,,,,,,1,0.0,0.0,True
2022_09015012,1,hombre,49,77.45,163.1,29.11,91.5,0.561,modulo_1,109.0,4.0,220.0,,,,,,,,,,,,,,,,,,,,1,,,False
2022_09015017,2,mujer,36,63.0,158.4,25.11,85.5,0.54,modulo_1,92.0,5.0,495.0,5.4,74.0,108.0,10.0,93.0,33.0,50.0,115.0,3.4,0.35,2.7,10.5,1.1,9.7,7.91,0.2,2.1,181.0,15.9,0,0.0,0.0,True
2022_09015022,2,mujer,49,53.1,162.8,20.03,71.5,0.439,modulo_1,133.0,2.0,580.0,,,,,,,,,,,,,,,,,,,,0,,,False
2022_09015029,2,mujer,39,72.6,153.1,30.97,91.7,0.599,modulo_1,109.0,4.0,315.0,,,,,,,,,,,,,,,,,,,,1,,,False
2022_09015030,1,hombre,57,68.45,171.7,23.22,80.2,0.467,modulo_1,144.0,3.0,810.0,,,,,,,,,,,,,,,,,,,,0,,,False
2022_09016001,1,hombre,69,77.55,162.5,29.37,110.5,0.68,modulo_2,160.0,2.0,120.0,6.3,76.0,134.0,2.7,199.0,35.0,152.0,115.0,7.2,0.97,3.8,15.5,,,,,,,,1,0.0,1.0,True
2022_09016002,2,mujer,62,67.35,154.6,28.18,105.0,0.679,modulo_2,100.0,3.0,630.0,5.5,75.0,111.0,10.2,138.0,30.0,101.0,83.0,6.3,0.61,3.5,14.6,,,,,,,,0,0.0,0.0,True
2022_09016005,1,hombre,34,85.45,169.3,29.81,96.3,0.569,modulo_1,128.0,4.0,290.0,,,,,,,,,,,,,,,,,,,,1,,,False
2022_09016008,2,mujer,49,76.3,154.4,32.01,113.9,0.738,modulo_1,116.0,2.0,405.0,,,,,,,,,,,,,,,,,,,,1,,,False
2022_09016011,2,mujer,31,67.25,155.4,27.85,90.6,0.583,modulo_1,87.0,2.0,570.0,,,,,,,,,,,,,,,,,,,,0,,,False
2022_09016019,1,hombre,28,76.7,168.7,26.95,87.2,0.517,modulo_1,121.0,1.0,1045.0,,,,,,,,,,,,,,,,,,,,1,,,False
2022_09016024,1,hombre,38,89.39,172.6,30.01,103.7,0.601,modulo_1,114.0,2.0,360.0,5.2,81.0,103.0,7.7,144.0,36.0,81.0,145.0,5.9,0.91,3.8,15.0,,,,,,,,1,0.0,0.0,True
2022_09016028,1,hombre,69,79.65,171.1,27.21,110.9,0.648,modulo_2,127.0,5.0,150.0,,,,,,,,,,,,,,,,,,,,1,,,False
2022_09016029,1,hombre,69,73.7,166.5,26.59,100.8,0.605,modulo_2,155.0,3.0,480.0,,,,,,,,,,,,,,,,,,,,0,,,False
2022_09016031,2,mujer,69,52.25,159.2,20.62,87.8,0.552,modulo_2,98.0,3.0,422.0,5.0,83.0,97.0,3.6,176.0,47.0,108.0,98.0,3.5,0.7,4.0,15.5,,,,,,,,0,0.0,0.0,True
2022_09017001,2,mujer,55,65.75,158.6,26.14,96.0,0.605,modulo_1,134.0,3.0,380.0,5.4,93.0,108.0,16.2,229.0,50.0,155.0,132.0,7.2,0.76,4.3,15.8,,,,,,,,1,0.0,0.0,True
2022_09017007,2,mujer,18,45.2,153.9,19.08,,,modulo_1,115.0,4.0,320.0,,,,,,,,,,,,15.3,75.9,15.2,6.48,1.98,1.0,249.0,19.6,0,,,False
2022_09017011,2,mujer,40,62.55,158.2,24.99,,,modulo_1,110.0,4.0,200.0,,,,,,,,,,,,,,,,,,,,1,,,False
2022_09017013,2,mujer,43,86.6,152.5,37.24,105.6,0.692,modulo_1,119.0,2.0,15.0,5.4,112.0,108.0,12.6,94.0,34.0,78.0,122.0,6.2,0.64,4.1,5.5,1.0,13.1,3.98,0.28,16.2,1504.0,9.5,1,0.0,0.0,True
2022_09017018,2,mujer,65,55.7,156.0,22.89,75.2,0.482,modulo_2,100.0,4.0,440.0,5.3,78.0,105.0,5.6,240.0,77.0,140.0,57.0,5.1,0.88,4.0,14.5,,,,,,,,0,0.0,0.0,True
2022_09017019,2,mujer,61,51.4,145.2,24.38,88.2,0.607,modulo_2,103.0,4.0,660.0,,,,,,,,,,,,,,,,,,,,0,,,False
2022_09017023,2,mujer,62,59.9,151.4,26.13,87.4,0.577,modulo_2,142.0,3.0,190.0,5.7,84.0,117.0,4.7,174.0,41.0,127.0,89.0,5.2,0.73,4.1,15.5,,,,,,,,0,0.0,1.0,True
2022_09017026,1,hombre,16,67.85,177.3,21.58,,,modulo_1,115.0,2.0,360.0,,,,,,,,,,,,,,,,,,,,0,,,False
2022_09017027,2,mujer,25,55.55,151.3,24.27,81.3,0.537,modulo_1,98.0,3.0,255.0,,,,,,,,,,,,,,,,,,,,0,,,False
2022_09017029,1,hombre,53,67.25,160.0,26.27,92.8,0.58,modulo_1,146.0,2.0,40.0,5.2,98.0,103.0,15.8,228.0,34.0,106.0,832.0,5.0,0.97,5.0,18.7,,,,,,,,1,0.0,0.0,True
2022_09017031,2,mujer,39,75.65,161.5,29.0,91.2,0.565,modulo_1,101.0,2.0,1080.0,,,,,,,,,,,,,,,,,,,,1,,,False
2022_09017032,2,mujer,38,68.95,162.2,26.21,90.0,0.555,modulo_1,114.0,4.0,300.0,,,,,,,,,,,,,,,,,,,,1,,,False
2022_09017034,2,mujer,55,52.15,143.2,25.43,84.6,0.591,modulo_1,116.0,4.0,568.0,,,,,,,,,,,,,,,,,,,,1,,,False
2022_09017035,2,mujer,53,57.15,152.8,24.48,83.0,0.543,modulo_1,104.0,3.0,450.0,,,,,,,,,,,,,,,,,,,,0,,,False
2022_09017036,2,mujer,79,68.8,144.9,32.77,87.7,0.605,modulo_2,130.0,3.0,525.0,6.0,130.0,126.0,31.1,196.0,53.0,110.0,210.0,5.5,0.72,4.1,14.4,,,,,,,,0,0.0,1.0,True
2022_09017037,2,mujer,46,75.6,168.6,26.6,89.8,0.533,modulo_1,110.0,1.0,515.0,,,,,,,,,,,,,,,,,,,,1,,,False
2022_09017042,2,mujer,58,78.1,149.4,34.99,108.8,0.728,modulo_1,124.0,4.0,450.0,,,,,,,,,,,,,,,,,,,,1,,,False
2022_09017045,2,mujer,62,65.1,143.3,31.7,101.0,0.705,modulo_2,144.0,3.0,495.0,,,,,,,,,,,,,,,,,,,,0,,,False
2022_09017046,2,mujer,61,95.25,155.8,39.24,117.0,0.751,modulo_2,119.0,2.0,300.0,5.7,94.0,117.0,16.9,130.0,39.0,86.0,123.0,6.5,0.74,3.2,16.0,,,,,,,,0,0.0,1.0,True
2022_09017047,1,hombre,64,70.0,165.0,25.71,99.1,0.601,modulo_2,109.0,1.0,120.0,,,,,,,,,,,,,,,,,,,,1,,,False
2022_09017050,1,hombre,63,94.0,162.2,35.73,,,modulo_2,127.0,4.0,195.0,,,,,,,,,,,,,,,,,,,,0,,,False
2022_09017051,1,hombre,50,66.8,163.0,25.14,90.0,0.552,modulo_1,93.0,4.0,110.0,,,,,,,,,,,,,,,,,,,,1,,,False
2022_09017054,2,mujer,39,64.15,150.8,28.21,89.0,0.59,modulo_1,116.0,1.0,250.0,,,,,,,,,,,,,,,,,,,,1,,,False
2022_09017055,2,mujer,54,66.0,153.0,28.19,88.5,0.578,modulo_1,125.0,5.0,210.0,,,,,,,,,,,,,,,,,,,,1,,,False
2022_09017057,2,mujer,31,84.05,156.8,34.19,106.9,0.682,modulo_1,124.0,2.0,440.0,9.6,289.0,229.0,14.5,179.0,50.0,197.0,137.0,4.3,0.69,4.1,15.5,61.4,8.1,8.5,1.21,1.0,406.0,13.9,1,1.0,1.0,True
2022_09017058,2,mujer,44,51.7,154.8,21.57,80.3,0.519,modulo_1,98.0,4.0,330.0,,,,,,,,,,,,,,,,,,,,0,,,False
2022_10005009,2,mujer,47,64.7,154.0,27.28,,,modulo_2,,5.0,480.0,,,,,,,,,,,,,,,,,,,,1,,,False
2022_10005011,2,mujer,64,61.1,157.8,24.54,95.2,0.603,modulo_2,145.0,1.0,510.0,9.4,147.0,223.0,7.3,206.0,48.0,120.0,254.0,4.8,0.64,4.1,15.9,,,,,,,,1,1.0,1.0,True
2022_10005017,2,mujer,27,77.4,163.2,29.06,80.5,0.493,modulo_1,89.0,4.0,240.0,,,,,,,,,,,,,,,,,,,,0,,,False
2022_10005022,1,hombre,79,55.75,152.1,24.1,87.6,0.576,modulo_2,108.0,5.0,610.0,,,,,,,,,,,,,,,,,,,,0,,,False
2022_10005025,1,hombre,59,74.9,170.2,25.86,93.4,0.549,modulo_1,133.0,4.0,283.0,5.2,90.0,103.0,4.6,267.0,66.0,168.0,134.0,6.6,0.81,4.8,18.4,,,,,,,,1,0.0,0.0,True
2022_10005028,1,hombre,68,70.3,162.7,26.56,91.0,0.559,modulo_2,125.0,3.0,235.0,,,,,,,,,,,,,,,,,,,,0,,,False
2022_10005035,2,mujer,21,68.25,165.6,24.89,,,modulo_1,101.0,5.0,285.0,4.9,86.0,94.0,11.6,134.0,48.0,63.0,111.0,3.6,0.66,4.2,14.4,34.5,15.7,5.6,0.34,1.2,260.0,21.6,1,0.0,0.0,True
2022_10005041,2,mujer,60,88.0,158.3,35.12,119.3,0.754,modulo_2,113.0,5.0,150.0,,,,,,,,,,,,,,,,,,,,1,,,False
2022_10005051,2,mujer,39,59.75,151.3,26.1,87.1,0.576,modulo_1,138.0,5.0,120.0,4.7,91.0,88.0,7.2,202.0,51.0,122.0,146.0,4.1,0.62,4.1,14.6,14.1,31.2,8.31,0.27,1.2,611.0,14.7,1,0.0,0.0,True
2022_10005056,2,mujer,22,65.45,158.5,26.05,,,modulo_1,82.0,4.0,430.0,5.4,80.0,108.0,11.0,183.0,57.0,99.0,178.0,4.5,0.67,4.7,14.5,19.0,15.5,8.8,0.08,1.8,162.0,19.9,0,0.0,0.0,True
2022_10005059,2,mujer,28,68.3,156.4,27.92,88.0,0.563,modulo_1,130.0,4.0,520.0,4.7,84.0,88.0,21.0,124.0,42.0,64.0,132.0,4.8,0.88,5.1,14.3,53.8,30.4,7.8,0.03,1.0,252.0,19.0,1,0.0,0.0,True
2022_10005066,1,hombre,24,70.45,160.5,27.35,84.0,0.523,modulo_1,130.0,4.0,350.0,,,,,,,,,,,,,,,,,,,,1,,,False
2022_10005070,2,mujer,47,108.35,160.0,42.32,123.4,0.771,modulo_1,127.0,4.0,310.0,9.3,219.0,220.0,64.7,156.0,42.0,85.0,215.0,6.7,0.56,3.9,9.3,11.5,20.9,9.2,2.2,2.6,141.0,20.5,1,1.0,1.0,True
2022_10005076,1,hombre,43,30.95,140.2,15.75,,,modulo_1,115.0,2.0,540.0,,,,,,,,,,,,,,,,,,,,0,,,False
2022_10005079,1,hombre,38,90.8,176.9,29.02,100.1,0.566,modulo_1,109.0,4.0,843.0,,,,,,,,,,,,,,,,,,,,1,,,False
2022_10005080,2,mujer,46,87.75,158.6,34.89,,,modulo_1,122.0,2.0,240.0,6.0,122.0,126.0,19.8,154.0,37.0,94.0,88.0,4.0,0.62,3.9,14.7,147.6,23.3,7.56,0.75,1.2,189.0,20.7,1,0.0,1.0,True
2022_10005083,1,hombre,66,79.7,178.3,25.07,97.7,0.548,modulo_2,139.0,2.0,5310.0,,,,,,,,,,,,,,,,,,,,0,,,False
2022_10005084,1,hombre,35,80.85,170.6,27.78,99.2,0.581,modulo_1,159.0,3.0,860.0,,,,,,,,,,,,,,,,,,,,1,,,False
2022_10005085,2,mujer,30,78.7,166.2,28.49,96.6,0.581,modulo_1,118.0,3.0,480.0,5.3,88.0,105.0,13.7,169.0,32.0,110.0,156.0,4.8,0.67,4.4,13.7,83.5,21.4,4.5,0.46,0.8,642.0,13.0,1,0.0,0.0,True
2022_10005089,2,mujer,55,100.2,166.5,36.14,122.2,0.734,modulo_1,141.0,2.0,620.0,5.1,83.0,100.0,10.5,219.0,46.0,116.0,299.0,4.2,0.53,4.3,13.0,,,,,,,,1,0.0,0.0,True
2022_10005091,1,hombre,48,89.4,170.3,30.83,114.6,0.673,modulo_1,125.0,3.0,360.0,,,,,,,,,,,,,,,,,,,,1,,,False
2022_10005097,1,hombre,54,80.1,175.7,25.95,99.4,0.566,modulo_1,118.0,3.0,480.0,,,,,,,,,,,,,,,,,,,,1,,,False
2022_10005100,1,hombre,31,72.45,169.4,25.25,88.3,0.521,modulo_1,125.0,3.0,540.0,,,,,,,,,,,,,,,,,,,,1,,,False
2022_10005101,1,hombre,20,66.15,177.6,20.97,77.0,0.434,modulo_1,135.0,1.0,520.0,4.6,68.0,85.0,6.7,140.0,61.0,56.0,74.0,5.8,0.86,4.6,19.0,,,,,,,,0,0.0,0.0,True
2022_10005102,1,hombre,36,93.0,173.8,30.79,109.0,0.627,modulo_1,112.0,3.0,675.0,,,,,,,,,,,,,,,,,,,,1,,,False
2022_10005105,1,hombre,34,73.4,173.5,24.38,86.0,0.496,modulo_1,108.0,4.0,500.0,5.3,85.0,105.0,4.9,206.0,54.0,126.0,109.0,5.5,0.88,4.7,16.0,,,,,,,,0,0.0,0.0,True
2022_10005106,2,mujer,40,89.8,160.4,34.9,109.0,0.68,modulo_1,107.0,4.0,285.0,,,,,,,,,,,,,,,,,,,,1,,,False
2022_10005112,1,hombre,56,73.3,164.1,27.22,97.7,0.595,modulo_1,101.0,5.0,90.0,,,,,,,,,,,,,,,,,,,,1,,,False
2022_10005118,2,mujer,37,72.0,153.4,30.6,90.0,0.587,modulo_1,88.0,2.0,285.0,,,,,,,,,,,,14.1,35.6,10.2,9.85,0.16,1.0,202.0,19.2,0,,,False
2022_10007004,2,mujer,30,75.05,164.8,27.63,94.9,0.576,modulo_1,119.0,3.0,645.0,5.4,92.0,108.0,9.7,171.0,47.0,107.0,77.0,3.7,0.6,4.6,16.0,7.1,15.6,8.56,0.08,1.4,141.0,27.4,1,0.0,0.0,True
2022_10007007,2,mujer,36,77.25,167.7,27.47,97.0,0.578,modulo_1,132.0,4.0,520.0,5.1,89.0,100.0,9.9,190.0,46.0,115.0,123.0,3.7,0.6,4.0,11.7,3.8,19.0,7.14,0.08,1.9,185.0,27.3,1,0.0,0.0,True
2022_10007012,1,hombre,60,80.05,162.9,30.17,107.0,0.657,modulo_2,,2.0,780.0,,,,,,,,,,,,,,,,,,,,0,,,False
2022_10007013,1,hombre,37,87.8,166.7,31.6,,,modulo_1,115.0,5.0,180.0,,,,,,,,,,,,,,,,,,,,1,,,False
2022_10007014,2,mujer,32,63.15,166.2,22.86,82.0,0.493,modulo_1,132.0,3.0,375.0,,,,,,,,,,,,,,,,,,,,0,,,False
2022_10007016,2,mujer,36,84.6,154.4,35.49,110.7,0.717,modulo_1,130.0,3.0,740.0,11.3,322.0,278.0,16.7,124.0,29.0,78.0,182.0,2.3,0.51,4.0,13.1,10.1,15.3,9.14,0.27,1.4,178.0,27.8,1,1.0,1.0,True
2022_10007018,1,hombre,48,89.05,167.0,31.93,108.6,0.65,modulo_1,163.0,3.0,300.0,4.8,86.0,91.0,9.3,117.0,27.0,68.0,167.0,7.5,1.03,4.1,16.5,,,,,,,,1,0.0,0.0,True
2022_10007020,2,mujer,33,55.55,150.5,24.53,87.0,0.578,modulo_1,103.0,3.0,330.0,,,,,,,,,,,,,,,,,,,,0,,,False
2022_10007022,2,mujer,46,66.45,156.4,27.17,84.6,0.541,modulo_1,131.0,1.0,210.0,5.2,93.0,103.0,6.0,144.0,38.0,85.0,141.0,4.8,0.71,4.0,13.6,13.6,13.6,5.58,0.22,0.9,287.0,23.6,1,0.0,0.0,True
2022_10007023,1,hombre,58,80.1,163.2,30.07,107.1,0.656,modulo_1,156.0,3.0,540.0,,,,,,,,,,,,,,,,,,,,1,,,False
2022_10007024,1,hombre,45,98.5,165.4,36.01,117.5,0.71,modulo_1,143.0,3.0,120.0,5.9,70.0,123.0,39.9,205.0,36.0,153.0,165.0,8.3,0.94,4.6,15.9,,,,,,,,1,0.0,1.0,True
2022_10007026,2,mujer,25,106.85,165.1,39.2,110.6,0.67,modulo_1,100.0,4.0,630.0,5.2,85.0,103.0,11.8,147.0,51.0,75.0,111.0,5.8,0.64,4.0,11.9,6.1,15.3,8.73,0.95,1.8,234.0,14.9,0,0.0,0.0,True
2022_10007030,2,mujer,40,58.75,148.5,26.64,88.0,0.593,modulo_1,108.0,2.0,195.0,5.5,91.0,111.0,7.4,246.0,48.0,159.0,140.0,4.6,0.64,4.7,14.9,22.8,19.0,7.02,0.82,1.6,242.0,26.6,1,0.0,0.0,True
2022_10007033,2,mujer,46,59.9,149.7,26.73,94.8,0.633,modulo_1,156.0,2.0,465.0,,,,,,,,,,,,,,,,,,,,1,,,False
2022_10007038,2,mujer,37,75.15,158.2,30.03,98.5,0.623,modulo_1,108.0,4.0,540.0,,,,,,,,,,,,6.4,1.3,11.8,6.6,0.19,10.4,190.0,22.4,1,,,False
2022_10007041,2,mujer,37,86.1,155.0,35.84,110.4,0.712,modulo_1,115.0,4.0,230.0,,,,,,,,,,,,,,,,,,,,1,,,False
2022_10007043,2,mujer,18,82.0,168.0,29.05,,,modulo_1,115.0,1.0,540.0,,,,,,,,,,,,,,,,,,,,1,,,False
2022_10007047,1,hombre,47,67.7,167.1,24.25,84.7,0.507,modulo_1,106.0,4.0,555.0,,,,,,,,,,,,,,,,,,,,0,,,False
2022_10007050,2,mujer,62,66.25,145.9,31.12,101.1,0.693,modulo_2,144.0,5.0,580.0,,,,,,,,,,,,,,,,,,,,0,,,False
2022_10007052,1,hombre,45,73.45,155.0,30.57,89.8,0.579,modulo_1,95.0,3.0,435.0,,,,,,,,,,,,,,,,,,,,0,,,False
2022_10007056,2,mujer,65,83.6,155.8,34.44,117.1,0.752,modulo_2,120.0,5.0,180.0,9.7,110.0,232.0,15.6,148.0,41.0,91.0,100.0,5.0,0.71,3.7,12.1,,,,,,,,0,1.0,1.0,True
2022_10007063,1,hombre,57,73.5,174.8,24.05,100.4,0.574,modulo_1,128.0,3.0,1020.0,,,,,,,,,,,,,,,,,,,,0,,,False
2022_10007064,1,hombre,43,77.55,164.9,28.52,100.5,0.609,modulo_1,144.0,2.0,1110.0,,,,,,,,,,,,,,,,,,,,1,,,False
2022_10007065,1,hombre,46,55.1,158.0,22.07,89.5,0.566,modulo_1,145.0,4.0,270.0,,,,,,,,,,,,,,,,,,,,0,,,False
2022_10007066,1,hombre,20,72.85,176.0,23.52,84.0,0.477,modulo_1,120.0,4.0,460.0,,,,,,,,,,,,,,,,,,,,0,,,False
2022_10007067,2,mujer,16,49.0,157.3,19.8,,,modulo_1,115.0,2.0,540.0,,,,,,,,,,,,,,,,,,,,0,,,False
2022_10007069,2,mujer,45,64.8,160.5,25.16,93.6,0.583,modulo_1,110.0,1.0,120.0,11.0,290.0,269.0,8.0,122.0,22.0,51.0,453.0,5.1,0.6,4.0,13.9,20.0,31.6,5.75,0.64,2.2,350.0,18.3,1,1.0,1.0,True
2022_10007070,2,mujer,62,72.3,156.5,29.52,104.5,0.668,modulo_2,160.0,4.0,330.0,,,,,,,,,,,,,,,,,,,,0,,,False
2022_10007074,2,mujer,64,55.75,152.2,24.07,90.5,0.595,modulo_2,199.0,5.0,720.0,,,,,,,,,,,,,,,,,,,,0,,,False
2022_10007075,2,mujer,64,93.55,161.0,36.09,112.3,0.698,modulo_2,165.0,1.0,720.0,,,,,,,,,,,,,,,,,,,,0,,,False
2022_10008002,1,hombre,26,84.45,175.0,27.58,92.9,0.531,modulo_1,124.0,2.0,240.0,,,,,,,,,,,,,,,,,,,,1,,,False
2022_10008003,2,mujer,58,61.5,151.5,26.79,96.6,0.638,modulo_1,115.0,3.0,385.0,8.4,174.0,194.0,10.0,290.0,114.0,112.0,72.0,5.1,0.47,3.4,13.3,,,,,,,,1,1.0,1.0,True
2022_10008004,1,hombre,57,68.4,164.0,25.43,86.0,0.524,modulo_1,131.0,3.0,960.0,5.1,80.0,100.0,5.0,213.0,52.0,133.0,247.0,8.0,0.85,4.4,15.1,,,,,,,,1,0.0,0.0,True
2022_10008006,2,mujer,44,85.75,151.0,37.61,105.9,0.701,modulo_1,122.0,4.0,180.0,,,,,,,,,,,,,,,,,,,,1,,,False
2022_10008014,1,hombre,57,64.7,154.0,27.28,,,modulo_2,124.0,4.0,330.0,9.2,223.0,217.0,8.0,153.0,35.0,104.0,140.0,4.4,0.6,4.3,15.3,,,,,,,,1,1.0,1.0,True
2022_10008016,1,hombre,46,107.3,175.4,34.88,114.2,0.651,modulo_1,171.0,4.0,880.0,5.2,91.0,103.0,15.0,184.0,34.0,127.0,92.0,6.9,1.03,4.6,16.2,,,,,,,,1,0.0,0.0,True
2022_10008017,2,mujer,30,63.55,153.8,26.87,89.5,0.582,modulo_1,120.0,5.0,450.0,4.9,74.0,94.0,4.6,93.0,33.0,40.0,87.0,4.4,0.58,3.3,14.4,20.2,23.9,4.08,0.93,1.1,421.0,44.9,1,0.0,0.0,True
2022_10008028,2,mujer,39,91.1,160.2,35.5,115.5,0.721,modulo_1,122.0,3.0,80.0,,,,,,,,,,,,,3.03,17.3,5.8,0.36,2.3,224.0,24.1,1,,,False
2022_10012013,2,mujer,36,73.25,171.3,24.96,83.5,0.487,modulo_1,110.0,2.0,480.0,,,,,,,,,,,,,,,,,,,,1,,,False
2022_10012020,1,hombre,39,88.3,170.7,30.3,,,modulo_1,143.0,4.0,330.0,4.6,86.0,85.0,3.1,195.0,30.0,116.0,160.0,7.6,8.27,3.1,11.2,,,,,,,,1,0.0,0.0,True
2022_10012021,2,mujer,51,66.2,157.8,26.59,91.1,0.577,modulo_1,109.0,5.0,265.0,5.5,92.0,111.0,7.5,192.0,50.0,120.0,186.0,4.5,0.47,3.7,13.2,,,,,,,,1,0.0,0.0,True
2022_10012025,1,hombre,17,63.95,156.5,26.11,,,modulo_1,115.0,2.0,552.0,,,,,,,,,,,,,,,,,,,,1,,,False
2022_10012031,1,hombre,79,74.65,157.8,29.98,93.7,0.594,modulo_1,96.0,3.0,615.0,,,,,,,,,,,,,,,,,,,,0,,,False
2022_10012036,2,mujer,62,75.8,153.2,32.3,97.8,0.638,modulo_2,120.0,1.0,490.0,,,,,,,,,,,,,,,,,,,,0,,,False
2022_10012039,2,mujer,36,85.15,171.8,28.85,97.3,0.566,modulo_1,118.0,4.0,240.0,5.5,83.0,111.0,9.8,147.0,43.0,92.0,129.0,4.7,0.55,4.4,13.8,64.5,15.2,6.5,0.45,0.9,264.0,32.8,1,0.0,0.0,True
2022_10012047,2,mujer,54,82.2,158.8,32.6,116.4,0.733,modulo_1,114.0,5.0,480.0,,,,,,,,,,,,,,,,,,,,1,,,False
2022_10012058,1,hombre,27,83.15,170.2,28.7,95.0,0.558,modulo_1,130.0,4.0,260.0,,,,,,,,,,,,,,,,,,,,1,,,False
2022_10012060,1,hombre,48,83.7,168.2,29.59,102.0,0.606,modulo_1,124.0,1.0,435.0,6.0,61.0,126.0,10.0,181.0,38.0,122.0,129.0,8.2,0.79,4.5,14.0,,,,,,,,1,0.0,1.0,True
2022_10012062,2,mujer,54,64.45,150.0,28.64,94.1,0.627,modulo_1,116.0,2.0,105.0,5.4,85.0,108.0,8.5,200.0,55.0,118.0,101.0,7.3,0.94,4.2,13.7,,,,,,,,1,0.0,0.0,True
2022_10028001,2,mujer,47,64.3,166.6,23.17,83.9,0.504,modulo_1,127.0,4.0,190.0,,,,,,,,,,,,,,,,,,,,0,,,False
2022_10028002,2,mujer,37,79.5,153.7,33.65,106.7,0.694,modulo_1,126.0,4.0,320.0,,,,,,,,,,,,,,,,,,,,1,,,False
2022_10028004,1,hombre,54,80.05,166.9,28.74,99.3,0.595,modulo_1,127.0,3.0,330.0,,,,,,,,,,,,,,,,,,,,1,,,False
2022_10028014,1,hombre,48,130.5,171.7,44.27,144.1,0.839,modulo_1,118.0,2.0,610.0,,,,,,,,,,,,,,,,,,,,1,,,False
2022_10028015,2,mujer,30,86.05,156.6,35.09,105.4,0.673,modulo_1,96.0,2.0,300.0,4.7,95.0,88.0,21.9,153.0,45.0,80.0,88.0,5.0,0.61,4.0,12.6,12.5,17.7,7.64,0.42,1.3,218.0,23.3,0,0.0,0.0,True
2022_10028016,2,mujer,63,67.3,151.8,29.21,99.1,0.653,modulo_2,125.0,1.0,120.0,,,,,,,,,,,,,,,,,,,,1,,,False
2022_10028019,2,mujer,42,102.2,156.9,41.51,126.4,0.806,modulo_1,162.0,5.0,300.0,7.1,138.0,157.0,15.7,156.0,33.0,102.0,147.0,3.2,0.39,4.0,16.2,,,,,,,,1,1.0,1.0,True
2022_10028023,2,mujer,35,81.5,159.2,32.16,99.5,0.625,modulo_1,113.0,1.0,220.0,5.5,96.0,111.0,6.4,183.0,54.0,101.0,239.0,3.8,0.82,4.8,14.3,20.7,15.3,8.0,0.06,1.5,159.0,17.6,1,0.0,0.0,True
2022_10028024,2,mujer,67,74.2,148.1,33.83,,,modulo_2,101.0,1.0,180.0,,,,,,,,,,,,,,,,,,,,0,,,False
2022_10028026,1,hombre,40,66.35,162.8,25.03,85.2,0.523,modulo_1,116.0,3.0,375.0,,,,,,,,,,,,,,,,,,,,1,,,False
2022_10028027,1,hombre,68,82.1,164.1,30.49,105.6,0.644,modulo_2,150.0,3.0,840.0,10.1,192.0,243.0,7.4,174.0,36.0,104.0,239.0,3.8,0.78,4.2,17.6,,,,,,,,1,1.0,1.0,True
2022_11001023,2,mujer,55,70.2,149.7,31.33,102.0,0.681,modulo_1,123.0,3.0,250.0,12.0,87.0,298.0,6.7,176.0,49.0,103.0,164.0,4.7,0.66,4.1,16.1,,,,,,,,1,1.0,1.0,True
2022_11001026,1,hombre,50,84.35,169.3,29.43,102.5,0.605,modulo_1,151.0,4.0,600.0,,,,,,,,,,,,,,,,,,,,1,,,False
2022_11001027,2,mujer,58,81.9,156.8,33.31,120.5,0.768,modulo_1,155.0,1.0,300.0,5.4,85.0,108.0,13.0,222.0,44.0,141.0,241.0,4.5,0.52,4.2,14.6,,,,,,,,1,0.0,0.0,True
2022_11001028,2,mujer,68,72.4,150.4,32.01,105.3,0.7,modulo_2,116.0,1.0,420.0,,,,,,,,,,,,,,,,,,,,0,,,False
2022_11001036,1,hombre,33,63.5,163.9,23.64,83.0,0.506,modulo_1,108.0,4.0,450.0,5.6,99.0,114.0,3.4,221.0,86.0,100.0,101.0,6.9,0.94,4.4,17.2,,,,,,,,0,0.0,0.0,True
2022_11001037,2,mujer,34,74.4,160.6,28.85,94.0,0.585,modulo_1,99.0,4.0,480.0,,,,,,,,,,,,,,,,,,,,0,,,False
2022_11003001,2,mujer,82,47.65,,,,,modulo_2,137.0,5.0,495.0,,,,,,,,,,,,,,,,,,,,0,,,False
2022_11003009,2,mujer,58,69.35,149.7,30.95,100.9,0.674,modulo_1,132.0,3.0,200.0,9.9,115.0,237.0,50.5,139.0,34.0,49.0,456.0,4.3,1.41,3.3,13.0,,,,,,,,1,1.0,1.0,True
2022_11003014,2,mujer,53,91.1,154.5,38.16,112.6,0.729,modulo_1,98.0,5.0,600.0,,,,,,,,,,,,,,,,,,,,0,,,False
2022_11003015,2,mujer,53,68.55,161.0,26.45,94.6,0.588,modulo_1,123.0,2.0,240.0,,,,,,,,,,,,,,,,,,,,1,,,False
2022_11003018,2,mujer,61,62.4,149.5,27.92,98.7,0.66,modulo_2,149.0,5.0,420.0,5.5,102.0,111.0,9.5,197.0,45.0,66.0,393.0,6.2,0.56,4.5,14.0,,,,,,,,0,0.0,0.0,True
2022_11003019,2,mujer,47,72.3,160.5,28.07,94.7,0.59,modulo_1,126.0,2.0,450.0,5.5,96.0,111.0,7.0,168.0,54.0,79.0,295.0,5.7,0.67,4.4,15.2,78.7,22.5,4.8,0.56,0.8,594.0,19.2,1,0.0,0.0,True
2022_11003020,1,hombre,68,80.8,163.4,30.26,111.3,0.681,modulo_2,155.0,3.0,480.0,5.6,95.0,114.0,6.2,244.0,40.0,146.0,325.0,8.9,0.9,4.1,15.9,,,,,,,,1,0.0,0.0,True
2022_11003021,1,hombre,58,52.4,149.4,23.48,90.9,0.608,modulo_1,119.0,4.0,370.0,4.5,172.0,82.0,31.5,190.0,64.0,72.0,157.0,8.0,0.8,3.5,14.2,,,,,,,,0,0.0,0.0,True
2022_11003024,1,hombre,45,72.1,158.5,28.7,89.4,0.564,modulo_1,120.0,3.0,100.0,,,,,,,,,,,,,,,,,,,,1,,,False
2022_11003025,2,mujer,54,51.1,156.8,20.78,73.3,0.467,modulo_1,89.0,2.0,240.0,,,,,,,,,,,,,,,,,,,,0,,,False
2022_11003028,2,mujer,54,64.5,149.2,28.97,92.5,0.62,modulo_1,111.0,4.0,390.0,,,,,,,,,,,,,,,,,,,,1,,,False
2022_11003030,2,mujer,47,68.85,153.4,29.26,98.0,0.639,modulo_1,116.0,3.0,264.0,5.1,92.0,100.0,11.6,133.0,38.0,73.0,167.0,6.3,0.55,3.8,14.9,26.8,28.5,5.8,0.21,1.1,296.0,10.1,1,0.0,0.0,True
2022_11007001,2,mujer,50,75.55,147.0,34.96,,,modulo_1,147.0,2.0,420.0,,,,,,,,,,,,,,,,,,,,1,,,False
2022_11007003,1,hombre,55,74.2,162.9,27.96,96.8,0.594,modulo_1,161.0,2.0,240.0,5.3,102.0,105.0,36.8,161.0,44.0,81.0,297.0,5.8,0.97,4.4,15.9,,,,,,,,1,0.0,0.0,True
2022_11007004,2,mujer,23,62.6,158.5,24.92,89.0,0.562,modulo_1,102.0,5.0,330.0,5.4,92.0,108.0,5.7,162.0,37.0,98.0,115.0,4.5,0.62,4.2,14.0,,,,,,,,1,0.0,0.0,True
2022_11007008,2,mujer,51,64.4,152.7,27.62,100.4,0.657,modulo_1,113.0,4.0,120.0,5.6,70.0,114.0,4.8,233.0,50.0,138.0,304.0,4.5,0.68,3.8,12.8,,,,,,,,1,0.0,0.0,True
2022_11007009,1,hombre,38,73.15,167.8,25.98,98.6,0.588,modulo_1,125.0,3.0,390.0,,,,,,,,,,,,,,,,,,,,1,,,False
2022_11007013,1,hombre,64,90.1,161.5,34.54,115.7,0.716,modulo_2,156.0,1.0,70.0,,,,,,,,,,,,,,,,,,,,1,,,False
2022_11007032,2,mujer,46,79.45,148.5,36.03,104.5,0.704,modulo_1,106.0,3.0,388.0,,,,,,,,,,,,,,,,,,,,1,,,False
2022_11007035,2,mujer,64,74.15,154.2,31.18,105.7,0.685,modulo_2,141.0,3.0,270.0,9.3,182.0,220.0,7.8,200.0,45.0,108.0,229.0,6.0,0.71,4.4,15.7,,,,,,,,1,1.0,1.0,True
2022_11007039,2,mujer,32,57.35,154.3,24.09,83.4,0.541,modulo_1,105.0,4.0,210.0,,,,,,,,,,,,11.0,3.0,16.4,6.36,0.05,2.0,227.0,21.9,0,,,False
2022_11015001,2,mujer,75,75.6,151.8,32.81,,,modulo_2,112.0,3.0,323.0,5.2,110.0,103.0,16.9,114.0,42.0,54.0,130.0,2.9,0.61,3.8,11.3,,,,,,,,0,0.0,0.0,True
2022_11015004,2,mujer,38,75.85,152.9,32.44,106.7,0.698,modulo_1,122.0,4.0,190.0,5.1,105.0,100.0,23.2,85.0,21.0,44.0,204.0,5.5,0.69,3.0,14.9,16.4,19.6,5.9,0.13,0.8,248.0,31.1,1,0.0,0.0,True
2022_11015006,2,mujer,42,53.5,158.2,21.38,77.8,0.492,modulo_1,105.0,5.0,600.0,,,,,,,,,,,,,,,,,,,,0,,,False
2022_11015007,2,mujer,15,45.85,147.2,21.16,,,modulo_1,115.0,4.0,450.0,,,,,,,,,,,,,,,,,,,,0,,,False
2022_11015008,2,mujer,45,78.05,157.3,31.54,96.6,0.614,modulo_1,97.0,5.0,480.0,,,,,,,,,,,,,,,,,,,,0,,,False
2022_11015010,1,hombre,23,102.85,,,,,modulo_1,,3.0,380.0,,,,,,,,,,,,,,,,,,,,0,,,False
2022_11015012,1,hombre,38,74.9,173.0,25.03,,,modulo_1,115.0,1.0,420.0,,,,,,,,,,,,,,,,,,,,1,,,False
2022_11015014,1,hombre,30,73.6,174.9,24.06,83.2,0.476,modulo_1,122.0,3.0,600.0,5.5,97.0,111.0,6.5,235.0,69.0,120.0,179.0,4.9,1.07,4.2,17.3,,,,,,,,0,0.0,0.0,True
2022_11015018,2,mujer,52,75.05,151.1,32.87,98.1,0.649,modulo_1,130.0,4.0,440.0,8.3,120.0,192.0,18.7,181.0,41.0,122.0,131.0,5.8,0.96,3.8,14.0,,,,,,,,1,1.0,1.0,True
2022_11015021,2,mujer,38,72.3,156.4,29.56,96.4,0.616,modulo_1,103.0,2.0,630.0,,,,,,,,,,,,13.9,20.2,16.1,6.9,0.1,1.1,193.0,15.4,1,,,False
2022_11015027,1,hombre,62,82.34,161.4,31.61,109.2,0.677,modulo_2,132.0,1.0,180.0,,,,,,,,,,,,,,,,,,,,0,,,False
2022_11017037,2,mujer,58,72.0,160.7,27.88,97.0,0.604,modulo_1,115.0,2.0,300.0,5.4,100.0,108.0,13.6,157.0,54.0,96.0,102.0,4.0,0.67,4.1,14.1,,,,,,,,1,0.0,0.0,True
2022_11017043,2,mujer,53,41.15,153.5,17.46,,,modulo_1,115.0,4.0,430.0,5.7,104.0,117.0,67.6,138.0,39.0,66.0,209.0,7.4,0.65,4.0,15.9,,,,,,,,0,0.0,1.0,True
2022_11017045,2,mujer,53,59.9,156.2,24.55,79.3,0.508,modulo_1,125.0,1.0,450.0,,,,,,,,,,,,,,,,,,,,0,,,False
2022_11017047,2,mujer,30,64.25,155.0,26.74,85.4,0.551,modulo_1,117.0,2.0,540.0,5.4,89.0,108.0,8.9,182.0,50.0,113.0,89.0,5.4,0.63,4.1,14.7,15.0,14.8,6.11,0.07,0.9,457.0,14.7,1,0.0,0.0,True
2022_11017049,2,mujer,59,61.4,147.7,28.15,99.2,0.672,modulo_1,135.0,5.0,120.0,6.5,95.0,140.0,16.4,110.0,52.0,46.0,73.0,3.5,0.7,3.0,12.0,,,,,,,,1,1.0,1.0,True
2022_11017050,1,hombre,56,76.05,167.4,27.14,100.5,0.6,modulo_1,123.0,2.0,540.0,5.4,90.0,108.0,3.8,220.0,48.0,132.0,202.0,8.1,0.77,4.5,17.9,,,,,,,,1,0.0,0.0,True
2022_11017051,1,hombre,41,112.45,159.5,44.2,137.2,0.86,modulo_1,155.0,5.0,420.0,6.4,86.0,137.0,36.7,215.0,46.0,125.0,276.0,5.9,0.7,4.4,15.3,,,,,,,,1,0.0,1.0,True
2022_11017052,1,hombre,65,78.5,156.8,31.93,106.8,0.681,modulo_2,143.0,4.0,300.0,,,,,,,,,,,,,,,,,,,,0,,,False
2022_11017054,1,hombre,29,61.65,156.4,25.2,89.5,0.572,modulo_1,127.0,4.0,300.0,5.2,87.0,103.0,14.3,199.0,50.0,118.0,168.0,5.8,0.93,4.7,16.2,,,,,,,,1,0.0,0.0,True
2022_11017058,1,hombre,59,53.45,162.7,20.19,82.2,0.505,modulo_1,91.0,1.0,180.0,,,,,,,,,,,,,,,,,,,,0,,,False
2022_11017059,2,mujer,61,54.55,136.0,29.49,,,modulo_2,115.0,4.0,420.0,,,,,,,,,,,,,,,,,,,,0,,,False
2022_11017061,1,hombre,20,78.9,173.8,26.12,82.9,0.477,modulo_1,109.0,4.0,760.0,5.1,92.0,100.0,11.4,184.0,50.0,95.0,140.0,4.9,0.7,3.3,16.6,,,,,,,,1,0.0,0.0,True
2022_11017062,2,mujer,55,68.35,149.5,30.58,98.0,0.656,modulo_1,166.0,5.0,630.0,,,,,,,,,,,,,,,,,,,,1,,,False
2022_11017063,2,mujer,72,51.9,156.7,21.14,84.1,0.537,modulo_2,107.0,2.0,650.0,5.1,88.0,100.0,5.6,156.0,54.0,97.0,107.0,4.0,0.76,3.7,13.0,,,,,,,,0,0.0,0.0,True
2022_11020208,2,mujer,52,69.9,156.1,28.69,100.4,0.643,modulo_1,121.0,2.0,380.0,,,,,,,,,,,,,,,,,,,,1,,,False
2022_11020211,2,mujer,66,82.9,154.9,34.55,109.8,0.709,modulo_2,135.0,1.0,320.0,,,,,,,,,,,,,,,,,,,,0,,,False
2022_11020213,2,mujer,47,63.65,164.4,23.55,90.2,0.549,modulo_1,106.0,1.0,600.0,5.5,87.0,111.0,4.4,183.0,50.0,98.0,96.0,3.2,0.67,4.3,13.7,76.4,13.6,9.94,0.14,1.3,336.0,27.6,0,0.0,0.0,True
2022_11020214,1,hombre,52,61.6,156.8,25.05,84.6,0.54,modulo_1,127.0,4.0,210.0,5.2,86.0,103.0,6.7,205.0,51.0,109.0,186.0,5.5,0.75,4.3,15.1,,,,,,,,1,0.0,0.0,True
2022_11020215,1,hombre,30,57.9,170.1,20.01,71.6,0.421,modulo_1,116.0,1.0,80.0,,,,,,,,,,,,,,,,,,,,1,,,False
2022_11020218,1,hombre,53,69.4,163.2,26.06,97.5,0.597,modulo_1,123.0,3.0,810.0,,,,,,,,,,,,,,,,,,,,1,,,False
2022_11020221,2,mujer,57,71.5,151.7,31.07,105.6,0.696,modulo_1,146.0,5.0,151.0,,,,,,,,,,,,,,,,,,,,1,,,False
2022_11020222,1,hombre,60,65.9,163.3,24.71,91.6,0.561,modulo_2,162.0,5.0,420.0,,,,,,,,,,,,,,,,,,,,0,,,False
2022_11020228,2,mujer,68,53.75,151.5,23.42,87.4,0.577,modulo_2,128.0,3.0,482.0,,,,,,,,,,,,,,,,,,,,0,,,False
2022_11020235,1,hombre,38,81.9,168.8,28.74,99.4,0.589,modulo_1,112.0,2.0,1590.0,,,,,,,,,,,,,,,,,,,,1,,,False
2022_11020237,2,mujer,52,54.15,146.9,25.09,89.2,0.607,modulo_1,125.0,3.0,320.0,6.2,106.0,131.0,6.4,175.0,45.0,99.0,188.0,5.2,0.62,4.2,14.9,,,,,,,,1,0.0,1.0,True
2022_11020239,1,hombre,38,52.1,160.6,20.2,77.6,0.483,modulo_1,114.0,4.0,330.0,,,,,,,,,,,,,,,,,,,,0,,,False
2022_11020240,2,mujer,70,74.9,148.7,33.87,110.1,0.74,modulo_2,133.0,3.0,300.0,,,,,,,,,,,,,,,,,,,,0,,,False
2022_11020241,1,hombre,51,91.85,160.8,35.52,120.1,0.747,modulo_1,130.0,3.0,450.0,,,,,,,,,,,,,,,,,,,,1,,,False
2022_11020243,2,mujer,59,76.85,153.8,32.49,100.6,0.654,modulo_1,120.0,2.0,590.0,6.2,106.0,131.0,10.8,120.0,37.0,67.0,130.0,5.6,0.57,3.0,13.5,,,,,,,,1,0.0,1.0,True
2022_11020245,1,hombre,54,91.9,170.9,31.47,109.1,0.638,modulo_1,132.0,2.0,906.0,,,,,,,,,,,,,,,,,,,,1,,,False
2022_11020250,2,mujer,24,74.55,161.8,28.48,99.5,0.615,modulo_1,111.0,4.0,200.0,4.9,97.0,94.0,19.2,146.0,40.0,73.0,74.0,3.0,0.58,4.2,14.0,96.9,13.8,6.53,0.26,0.7,248.0,22.7,1,0.0,0.0,True
2022_11020253,2,mujer,55,71.25,151.9,30.88,103.1,0.679,modulo_1,122.0,1.0,620.0,,,,,,,,,,,,,,,,,,,,1,,,False
2022_11020254,2,mujer,45,90.5,168.6,31.84,100.7,0.597,modulo_1,124.0,5.0,480.0,5.2,76.0,103.0,12.0,217.0,35.0,132.0,213.0,4.9,0.46,4.0,10.8,3.0,15.1,8.53,1.74,2.2,270.0,20.2,1,0.0,0.0,True
2022_11020255,2,mujer,30,71.05,161.4,27.27,85.1,0.527,modulo_1,115.0,4.0,250.0,,,,,,,,,,,,,,,,,,,,1,,,False
2022_11020256,2,mujer,44,64.65,151.3,28.24,94.1,0.622,modulo_1,113.0,2.0,120.0,5.5,95.0,111.0,7.0,234.0,65.0,138.0,137.0,4.4,1.01,4.4,14.8,147.3,15.3,9.95,0.24,0.8,280.0,25.4,1,0.0,0.0,True
2022_11020257,1,hombre,31,100.15,177.8,31.68,104.7,0.589,modulo_1,126.0,3.0,600.0,,,,,,,,,,,,,,,,,,,,1,,,False
2022_11020258,2,mujer,49,91.7,156.2,37.58,109.8,0.703,modulo_1,141.0,5.0,300.0,8.8,220.0,206.0,20.0,216.0,39.0,113.0,500.0,4.4,0.36,4.0,14.8,46.0,11.8,4.84,0.53,1.0,438.0,10.3,1,1.0,1.0,True
2022_11020259,2,mujer,53,70.7,156.5,28.87,100.3,0.641,modulo_1,128.0,4.0,380.0,6.6,146.0,143.0,9.1,190.0,51.0,116.0,130.0,5.5,0.65,4.5,14.0,,,,,,,,1,1.0,1.0,True
2022_11020260,1,hombre,44,84.9,161.7,32.47,109.0,0.674,modulo_1,115.0,5.0,540.0,,,,,,,,,,,,,,,,,,,,1,,,False
2022_11020261,1,hombre,44,84.35,169.1,29.5,104.0,0.615,modulo_1,135.0,2.0,720.0,,,,,,,,,,,,,,,,,,,,1,,,False
2022_11020262,2,mujer,25,72.4,163.0,27.25,89.7,0.55,modulo_1,115.0,1.0,180.0,,,,,,,,,,,,14.4,43.8,16.6,7.37,0.05,1.1,234.0,32.0,1,,,False
2022_11020263,2,mujer,51,82.35,150.2,36.5,112.0,0.746,modulo_1,119.0,2.0,540.0,,,,,,,,,,,,,,,,,,,,1,,,False
2022_11020264,1,hombre,48,41.2,154.4,17.28,65.9,0.427,modulo_1,91.0,4.0,600.0,,,,,,,,,,,,,,,,,,,,0,,,False
2022_11020268,2,mujer,47,60.9,147.0,28.18,79.1,0.538,modulo_1,126.0,4.0,510.0,,,,,,,,,,,,,,,,,,,,1,,,False
2022_11020269,2,mujer,60,82.45,145.2,39.11,105.6,0.727,modulo_2,143.0,3.0,570.0,,,,,,,,,,,,,,,,,,,,0,,,False
2022_11020271,2,mujer,48,75.8,154.4,31.8,104.9,0.679,modulo_1,120.0,3.0,300.0,,,,,,,,,,,,14.9,6.7,19.3,6.73,0.81,1.6,265.0,24.1,1,,,False
2022_11020272,2,mujer,19,66.0,160.6,25.59,,,modulo_1,115.0,4.0,30.0,,,,,,,,,,,,13.9,22.7,11.0,8.82,0.22,0.8,377.0,20.8,1,,,False
2022_11020273,1,hombre,22,60.0,176.7,19.22,66.2,0.375,modulo_1,111.0,4.0,120.0,4.8,82.0,91.0,2.6,125.0,52.0,73.0,33.0,6.4,0.92,5.0,16.9,,,,,,,,1,0.0,0.0,True
2022_11020274,1,hombre,27,97.65,167.9,34.64,114.1,0.68,modulo_1,121.0,4.0,825.0,,,,,,,,,,,,,,,,,,,,1,,,False
2022_11020276,1,hombre,40,69.1,140.1,35.2,104.9,0.749,modulo_1,159.0,2.0,95.0,,,,,,,,,,,,,,,,,,,,1,,,False
2022_11020277,2,mujer,47,65.55,152.4,28.22,99.3,0.652,modulo_1,105.0,1.0,610.0,,,,,,,,,,,,,,,,,,,,1,,,False
2022_11020278,1,hombre,26,80.35,177.6,25.47,92.2,0.519,modulo_1,137.0,2.0,840.0,,,,,,,,,,,,,,,,,,,,1,,,False
2022_11020279,2,mujer,60,88.0,154.8,36.72,114.1,0.737,modulo_2,121.0,2.0,540.0,,,,,,,,,,,,,,,,,,,,0,,,False
2022_11020283,2,mujer,42,60.6,160.1,23.64,86.7,0.542,modulo_1,99.0,4.0,537.0,,,,,,,,,,,,,,,,,,,,0,,,False
2022_11020290,1,hombre,18,62.35,171.2,21.27,,,modulo_1,115.0,5.0,882.0,,,,,,,,,,,,,,,,,,,,0,,,False
2022_11020319,2,mujer,28,79.05,150.5,34.9,107.6,0.715,modulo_1,126.0,5.0,260.0,,,,,,,,,,,,16.1,38.5,13.4,9.7,0.25,1.0,168.0,25.3,1,,,False
2022_11020321,2,mujer,37,88.7,150.9,38.95,101.4,0.672,modulo_1,141.0,5.0,400.0,5.9,87.0,123.0,8.7,93.0,26.0,35.0,210.0,3.6,0.47,2.0,13.5,10.7,13.4,5.7,0.98,1.1,212.0,23.1,1,0.0,1.0,True
2022_11020323,2,mujer,28,66.2,160.3,25.76,91.3,0.57,modulo_1,119.0,4.0,60.0,4.6,75.0,85.0,5.9,145.0,26.0,105.0,148.0,4.5,0.47,2.5,15.2,613.2,15.4,4.9,0.48,0.8,140.0,19.5,1,0.0,0.0,True
2022_11020325,1,hombre,58,51.0,155.7,21.04,69.9,0.449,modulo_1,106.0,3.0,80.0,,,,,,,,,,,,,,,,,,,,1,,,False
2022_11020329,2,mujer,49,101.7,151.2,44.49,134.5,0.89,modulo_1,114.0,4.0,260.0,,,,,,,,,,,,,,,,,,,,1,,,False
2022_11020330,2,mujer,56,106.85,147.2,49.31,126.7,0.861,modulo_1,155.0,5.0,200.0,,,,,,,,,,,,,,,,,,,,1,,,False
2022_11020332,1,hombre,50,84.0,166.5,30.3,105.3,0.632,modulo_1,161.0,4.0,605.0,,,,,,,,,,,,,,,,,,,,1,,,False
2022_11020333,1,hombre,16,53.15,173.5,17.66,,,modulo_1,115.0,4.0,540.0,,,,,,,,,,,,,,,,,,,,0,,,False
2022_11020334,2,mujer,62,67.4,150.4,29.8,102.2,0.68,modulo_2,144.0,3.0,200.0,,,,,,,,,,,,,,,,,,,,0,,,False
2022_11020335,2,mujer,55,90.35,151.1,39.57,125.8,0.833,modulo_1,120.0,4.0,210.0,,,,,,,,,,,,,,,,,,,,1,,,False
2022_11020336,1,hombre,57,82.05,160.7,31.77,104.2,0.648,modulo_1,155.0,2.0,28.0,,,,,,,,,,,,,,,,,,,,1,,,False
2022_11020338,2,mujer,41,67.65,163.9,25.18,89.4,0.545,modulo_1,118.0,3.0,510.0,,,,,,,,,,,,,,,,,,,,1,,,False
2022_11020339,2,mujer,38,75.55,157.4,30.49,102.2,0.649,modulo_1,118.0,5.0,490.0,4.6,65.0,85.0,6.5,88.0,28.0,48.0,116.0,3.2,0.49,2.1,12.3,9.0,16.5,5.7,0.28,1.0,134.0,18.5,1,0.0,0.0,True
2022_11020340,2,mujer,37,73.45,163.1,27.61,95.7,0.587,modulo_1,111.0,5.0,420.0,5.2,94.0,103.0,4.0,126.0,32.0,83.0,97.0,5.0,0.75,2.9,13.9,24.8,17.6,7.6,0.28,1.3,223.0,16.7,1,0.0,0.0,True
2022_11020341,1,hombre,47,60.9,170.0,21.07,80.2,0.472,modulo_1,119.0,4.0,430.0,5.4,75.0,108.0,1.6,99.0,27.0,70.0,68.0,3.9,0.72,2.5,14.5,,,,,,,,0,0.0,0.0,True
2022_11020343,2,mujer,44,65.35,154.0,27.56,93.2,0.605,modulo_1,128.0,4.0,110.0,,,,,,,,,,,,11.3,3.1,7.4,4.6,1.6,3.4,291.0,25.0,1,,,False
2022_11020345,1,hombre,68,77.2,177.9,24.39,104.4,0.587,modulo_2,123.0,5.0,530.0,6.2,119.0,131.0,6.0,262.0,22.0,93.0,797.0,7.8,0.9,3.7,17.7,,,,,,,,0,0.0,1.0,True
2022_11020349,1,hombre,67,76.0,163.8,28.33,105.9,0.647,modulo_2,139.0,4.0,500.0,,,,,,,,,,,,,,,,,,,,0,,,False
2022_11020350,1,hombre,55,69.05,167.2,24.7,88.7,0.531,modulo_1,173.0,4.0,480.0,5.2,90.0,103.0,4.0,142.0,38.0,107.0,79.0,3.7,0.77,2.2,15.3,,,,,,,,0,0.0,0.0,True
2022_11020353,1,hombre,61,85.3,164.8,31.41,104.3,0.633,modulo_2,170.0,3.0,210.0,,,,,,,,,,,,,,,,,,,,0,,,False
2022_11020354,2,mujer,66,52.85,144.4,25.35,90.6,0.627,modulo_2,151.0,3.0,190.0,,,,,,,,,,,,,,,,,,,,0,,,False
2022_11020355,1,hombre,49,86.85,172.5,29.19,105.7,0.613,modulo_1,144.0,4.0,190.0,,,,,,,,,,,,,,,,,,,,1,,,False
2022_11027005,1,hombre,63,69.8,167.5,24.88,97.9,0.584,modulo_2,141.0,4.0,470.0,,,,,,,,,,,,,,,,,,,,0,,,False
2022_11027014,2,mujer,43,53.45,166.3,19.33,68.9,0.414,modulo_1,109.0,3.0,120.0,,,,,,,,,,,,13.0,20.8,26.6,6.7,0.96,1.2,561.0,21.0,1,,,False
2022_11027047,1,hombre,48,78.75,166.0,28.58,96.9,0.584,modulo_1,153.0,4.0,240.0,5.7,116.0,117.0,16.4,143.0,31.0,80.0,196.0,6.4,0.77,4.7,15.2,,,,,,,,1,0.0,1.0,True
2022_11027049,2,mujer,29,81.6,160.9,31.52,98.5,0.612,modulo_1,142.0,3.0,465.0,5.0,,97.0,,,,,,,,,14.7,11.9,20.9,7.89,0.09,1.1,148.0,24.7,1,0.0,0.0,True
2022_11027052,2,mujer,27,73.85,153.6,31.3,102.6,0.668,modulo_1,105.0,3.0,210.0,,,,,,,,,,,,,,,,,,,,1,,,False
2022_11027053,2,mujer,62,70.35,146.4,32.82,117.3,0.801,modulo_2,152.0,3.0,300.0,,,,,,,,,,,,,,,,,,,,0,,,False
2022_11027054,2,mujer,44,64.4,151.1,28.21,98.2,0.65,modulo_1,144.0,1.0,180.0,,,,,,,,,,,,,,,,,,,,1,,,False
2022_11027055,2,mujer,52,60.2,144.9,28.67,105.0,0.725,modulo_1,172.0,2.0,440.0,,,,,,,,,,,,,,,,,,,,1,,,False
2022_11027061,2,mujer,31,73.85,152.8,31.63,104.8,0.686,modulo_1,113.0,1.0,250.0,5.2,100.0,103.0,25.6,140.0,40.0,85.0,123.0,5.2,0.64,4.2,13.6,27.0,12.5,4.67,0.25,1.8,233.0,26.9,1,0.0,0.0,True
2022_11027064,1,hombre,24,90.7,175.2,29.55,104.5,0.596,modulo_1,133.0,3.0,180.0,,,,,,,,,,,,,,,,,,,,1,,,False
2022_11027065,1,hombre,28,56.15,145.0,26.71,91.8,0.633,modulo_1,125.0,4.0,902.0,4.9,74.0,94.0,8.0,141.0,46.0,72.0,124.0,4.8,0.87,4.5,16.6,,,,,,,,1,0.0,0.0,True
2022_11027068,2,mujer,42,64.05,143.5,31.1,95.7,0.667,modulo_1,122.0,3.0,1200.0,7.0,122.0,154.0,15.3,193.0,48.0,107.0,189.0,3.4,0.5,4.3,10.6,,,,,,,,1,1.0,1.0,True
2022_11027070,2,mujer,36,47.15,150.1,20.93,78.1,0.52,modulo_1,110.0,4.0,210.0,,,,,,,,,,,,,,,,,,,,0,,,False
2022_11027071,1,hombre,45,76.2,162.2,28.96,97.9,0.604,modulo_1,118.0,4.0,130.0,,,,,,,,,,,,,,,,,,,,1,,,False
2022_11027072,2,mujer,53,72.3,157.4,29.18,96.2,0.611,modulo_1,152.0,4.0,270.0,,,,,,,,,,,,,,,,,,,,1,,,False
2022_11027073,2,mujer,25,109.15,171.8,36.98,113.5,0.661,modulo_1,137.0,5.0,395.0,5.1,89.0,100.0,26.9,208.0,35.0,132.0,227.0,5.7,0.59,4.4,13.7,28.2,11.2,13.02,0.17,1.1,195.0,24.6,1,0.0,0.0,True
2022_11027076,2,mujer,44,67.8,150.1,30.09,100.3,0.668,modulo_1,110.0,5.0,330.0,,,,,,,,,,,,,,,,,,,,1,,,False
2022_11032002,2,mujer,49,78.6,148.8,35.5,105.4,0.708,modulo_1,139.0,4.0,100.0,,,,,,,,,,,,,,,,,,,,1,,,False
2022_11032004,2,mujer,47,71.9,155.3,29.81,90.4,0.582,modulo_1,143.0,4.0,210.0,5.0,107.0,97.0,7.1,158.0,54.0,84.0,117.0,3.3,0.6,4.7,14.3,18.0,13.9,6.6,0.14,1.4,204.0,31.0,1,0.0,0.0,True
2022_11032011,1,hombre,37,65.05,165.2,23.84,89.5,0.542,modulo_1,132.0,4.0,1065.0,4.8,96.0,91.0,6.7,148.0,42.0,89.0,193.0,6.0,0.85,4.5,18.4,,,,,,,,0,0.0,0.0,True
2022_11032012,1,hombre,45,69.1,165.2,25.32,86.5,0.524,modulo_1,106.0,4.0,480.0,,,,,,,,,,,,,,,,,,,,1,,,False
2022_11032015,2,mujer,53,89.1,158.3,35.56,117.8,0.744,modulo_1,124.0,2.0,620.0,4.8,90.0,91.0,11.5,161.0,42.0,92.0,145.0,6.2,0.73,4.3,16.0,,,,,,,,1,0.0,0.0,True
2022_11032019,2,mujer,69,77.1,143.2,37.6,112.0,0.782,modulo_2,170.0,5.0,415.0,5.4,87.0,108.0,6.7,176.0,49.0,103.0,164.0,4.7,0.66,4.1,14.6,,,,,,,,0,0.0,0.0,True
2022_11032020,2,mujer,54,52.1,149.7,23.25,92.2,0.616,modulo_1,110.0,5.0,60.0,,,,,,,,,,,,,,,,,,,,1,,,False
2022_11032023,2,mujer,38,68.6,157.8,27.55,105.6,0.669,modulo_1,108.0,3.0,280.0,5.4,89.0,108.0,10.8,114.0,40.0,71.0,52.0,4.1,0.53,4.1,14.9,29.4,18.1,7.7,0.2,1.1,202.0,14.7,1,0.0,0.0,True
2022_11032024,2,mujer,62,64.85,140.3,32.95,103.2,0.736,modulo_2,144.0,5.0,840.0,5.6,96.0,114.0,8.0,141.0,42.0,85.0,79.0,4.4,0.73,4.1,15.2,,,,,,,,0,0.0,0.0,True
2022_11032025,1,hombre,64,82.9,153.7,35.09,112.1,0.729,modulo_1,91.0,2.0,360.0,,,,,,,,,,,,,,,,,,,,0,,,False
2022_11032027,1,hombre,36,75.8,167.3,27.08,89.8,0.537,modulo_1,114.0,3.0,180.0,5.5,98.0,111.0,5.6,130.0,25.0,50.0,446.0,9.6,1.11,4.2,16.1,,,,,,,,1,0.0,0.0,True
2022_11032032,1,hombre,44,72.1,161.4,27.68,92.6,0.574,modulo_1,106.0,4.0,690.0,,,,,,,,,,,,,,,,,,,,1,,,False
2022_11032033,1,hombre,52,75.75,157.9,30.38,109.0,0.69,modulo_1,117.0,3.0,330.0,,,,,,,,,,,,,,,,,,,,1,,,False
2022_11032034,2,mujer,46,57.45,146.6,26.73,98.1,0.669,modulo_1,107.0,5.0,190.0,,,,,,,,,,,,,,,,,,,,1,,,False
2022_11037001,2,mujer,68,88.3,153.9,37.28,116.4,0.756,modulo_2,173.0,2.0,360.0,,,,,,,,,,,,,,,,,,,,0,,,False
2022_11037003,2,mujer,61,80.1,144.6,38.31,113.6,0.786,modulo_2,111.0,4.0,420.0,,,,,,,,,,,,,,,,,,,,0,,,False
2022_11037005,2,mujer,46,44.6,,,,,modulo_1,130.0,5.0,300.0,,,,,,,,,,,,,,,,,,,,0,,,False
2022_11037006,1,hombre,25,103.8,172.3,34.96,107.9,0.626,modulo_1,121.0,3.0,300.0,5.4,78.0,108.0,7.3,183.0,34.0,109.0,241.0,6.0,0.69,4.4,16.5,,,,,,,,1,0.0,0.0,True
2022_11037020,2,mujer,36,58.9,140.6,29.8,96.4,0.686,modulo_1,116.0,3.0,270.0,,,,,,,,,,,,,,,,,,,,1,,,False
2022_11037022,1,hombre,18,79.25,177.9,25.04,,,modulo_1,115.0,4.0,6140.0,,,,,,,,,,,,,,,,,,,,1,,,False
2022_11037023,2,mujer,57,78.75,162.6,29.79,105.6,0.649,modulo_1,143.0,2.0,310.0,5.3,41.0,105.0,18.2,146.0,54.0,91.0,112.0,3.2,0.45,2.9,11.7,,,,,,,,1,0.0,0.0,True
2022_11037024,2,mujer,62,78.25,146.7,36.36,120.2,0.819,modulo_2,155.0,3.0,255.0,5.5,105.0,111.0,25.2,210.0,57.0,106.0,134.0,5.1,0.61,3.9,15.7,,,,,,,,0,0.0,0.0,True
2022_11037025,1,hombre,68,51.2,165.5,18.69,78.1,0.472,modulo_2,157.0,1.0,90.0,5.5,87.0,111.0,2.5,116.0,31.0,74.0,78.0,5.6,0.88,3.1,15.4,,,,,,,,1,0.0,0.0,True
2022_11037026,2,mujer,52,70.0,154.4,29.36,99.9,0.647,modulo_1,92.0,4.0,280.0,,,,,,,,,,,,,,,,,,,,0,,,False
2022_11037027,2,mujer,52,66.9,152.7,28.69,106.3,0.696,modulo_1,115.0,5.0,15.0,,,,,,,,,,,,,,,,,,,,1,,,False
2022_11037028,1,hombre,43,50.9,155.5,21.05,,,modulo_1,115.0,4.0,510.0,,,,,,,,,,,,,,,,,,,,0,,,False
2022_11037029,2,mujer,47,63.55,156.6,25.91,93.4,0.596,modulo_1,105.0,2.0,460.0,5.7,107.0,117.0,8.4,128.0,31.0,83.0,81.0,3.1,0.4,3.5,7.6,1.8,19.0,6.4,0.06,4.9,173.0,28.3,1,0.0,1.0,True
2022_12001003,1,hombre,47,72.4,164.0,26.92,93.3,0.569,modulo_1,91.0,1.0,330.0,,,,,,,,,,,,,,,,,,,,0,,,False
2022_12001010,2,mujer,47,69.6,151.2,30.44,94.9,0.628,modulo_1,188.0,2.0,260.0,,,,,,,,,,,,,,,,,,,,1,,,False
2022_12001013,1,hombre,60,67.55,158.0,27.06,101.9,0.645,modulo_2,137.0,5.0,900.0,,,,,,,,,,,,,,,,,,,,0,,,False
2022_12001020,2,mujer,49,60.7,154.0,25.59,80.8,0.525,modulo_1,107.0,2.0,285.0,5.6,81.0,114.0,9.8,144.0,45.0,92.0,81.0,4.1,0.54,3.6,11.8,,,,,,,,1,0.0,0.0,True
2022_12001029,1,hombre,65,69.8,159.8,27.33,97.0,0.607,modulo_2,107.0,4.0,390.0,,,,,,,,,,,,,,,,,,,,0,,,False
2022_12001032,2,mujer,48,50.6,150.8,22.25,72.3,0.479,modulo_1,100.0,1.0,240.0,5.2,83.0,103.0,2.0,124.0,45.0,70.0,48.0,3.9,0.55,3.2,15.2,61.1,22.7,7.0,0.03,0.8,1383.0,40.9,0,0.0,0.0,True
2022_12001037,2,mujer,54,66.75,156.6,27.22,98.2,0.627,modulo_1,114.0,1.0,290.0,,,,,,,,,,,,,,,,,,,,1,,,False
2022_12001038,2,mujer,53,78.75,156.5,32.15,101.5,0.649,modulo_1,143.0,4.0,370.0,,,,,,,,,,,,,,,,,,,,1,,,False
2022_12001040,2,mujer,43,58.5,162.8,22.07,84.6,0.52,modulo_1,121.0,5.0,330.0,,,,,,,,,,,,14.5,20.5,27.7,7.8,0.69,1.3,108.0,20.5,0,,,False
2022_12001042,1,hombre,50,67.85,162.8,25.6,91.7,0.563,modulo_1,138.0,4.0,1020.0,,,,,,,,,,,,,,,,,,,,1,,,False
2022_12001046,2,mujer,46,63.3,150.0,28.13,90.1,0.601,modulo_1,154.0,5.0,650.0,,,,,,,,,,,,,,,,,,,,1,,,False
2022_12001047,2,mujer,20,53.35,150.2,23.65,77.4,0.515,modulo_1,108.0,4.0,310.0,,,,,,,,,,,,,,,,,,,,0,,,False
2022_12001053,2,mujer,29,57.5,153.8,24.31,79.7,0.518,modulo_1,96.0,4.0,560.0,,,,,,,,,,,,,,,,,,,,0,,,False
2022_12001055,2,mujer,67,59.9,147.4,27.57,85.7,0.581,modulo_2,137.0,4.0,420.0,,,,,,,,,,,,,,,,,,,,0,,,False
2022_12001056,1,hombre,43,78.8,171.2,26.89,95.4,0.557,modulo_1,118.0,4.0,360.0,,,,,,,,,,,,,,,,,,,,1,,,False
2022_12001059,2,mujer,46,73.35,159.5,28.83,87.9,0.551,modulo_1,153.0,2.0,360.0,,,,,,,,,,,,,,,,,,,,1,,,False
2022_12001065,1,hombre,74,72.45,162.5,27.44,102.2,0.629,modulo_2,182.0,5.0,105.0,6.2,88.0,131.0,9.0,146.0,35.0,80.0,157.0,4.8,0.84,3.5,14.0,,,,,,,,1,0.0,1.0,True
2022_12001067,1,hombre,64,73.4,157.2,29.7,100.2,0.637,modulo_2,139.0,3.0,200.0,,,,,,,,,,,,,,,,,,,,0,,,False
2022_12001075,2,mujer,43,74.95,150.8,32.96,103.7,0.688,modulo_1,143.0,1.0,620.0,5.3,94.0,105.0,9.7,122.0,23.0,97.0,120.0,5.9,0.65,2.2,14.2,92.2,7.9,6.1,0.55,0.7,264.0,42.5,1,0.0,0.0,True
2022_12001076,2,mujer,52,88.55,150.2,39.25,112.5,0.749,modulo_1,156.0,2.0,420.0,5.5,99.0,111.0,8.7,150.0,37.0,89.0,201.0,5.2,0.5,3.6,13.2,,,,,,,,1,0.0,0.0,True
2022_12001080,2,mujer,67,45.8,150.5,20.22,83.5,0.555,modulo_2,138.0,4.0,210.0,,,,,,,,,,,,,,,,,,,,0,,,False
2022_12001083,1,hombre,36,72.95,165.8,26.54,97.0,0.585,modulo_1,141.0,3.0,90.0,6.5,130.0,140.0,6.7,100.0,26.0,57.0,95.0,6.0,0.54,3.0,15.6,,,,,,,,1,1.0,1.0,True
2022_12001085,1,hombre,23,107.5,172.3,36.21,109.1,0.633,modulo_1,123.0,4.0,1020.0,4.9,84.0,94.0,6.4,138.0,34.0,73.0,190.0,7.2,1.1,3.0,15.3,,,,,,,,1,0.0,0.0,True
2022_12001087,2,mujer,52,75.2,159.9,29.41,100.2,0.627,modulo_1,101.0,3.0,410.0,5.7,228.0,117.0,3.3,114.0,35.0,61.0,102.0,2.8,0.43,3.2,12.6,,,,,,,,1,0.0,1.0,True
2022_12001089,2,mujer,57,70.05,142.4,34.55,114.0,0.801,modulo_1,115.0,3.0,370.0,,,,,,,,,,,,,,,,,,,,1,,,False
2022_12001092,2,mujer,36,87.3,158.9,34.58,113.8,0.716,modulo_1,112.0,4.0,190.0,,,,,,,,,,,,,,,,,,,,1,,,False
2022_12001094,2,mujer,51,60.6,153.8,25.62,80.5,0.523,modulo_1,105.0,4.0,255.0,,,,,,,,,,,,,,,,,,,,1,,,False
2022_12001099,2,mujer,57,61.6,163.5,23.04,90.0,0.55,modulo_1,156.0,3.0,425.0,,,,,,,,,,,,,,,,,,,,0,,,False
2022_12001101,1,hombre,56,68.35,165.5,24.95,90.3,0.546,modulo_1,115.0,4.0,255.0,5.4,92.0,108.0,4.2,157.0,40.0,118.0,103.0,6.7,0.65,3.5,15.0,,,,,,,,1,0.0,0.0,True
2022_12001102,2,mujer,37,87.05,153.1,37.14,106.8,0.698,modulo_1,90.0,4.0,360.0,,,,,,,,,,,,,,,,,,,,0,,,False
2022_12001103,2,mujer,72,77.6,157.9,31.12,109.6,0.694,modulo_2,127.0,5.0,180.0,,,,,,,,,,,,,,,,,,,,0,,,False
2022_12001105,1,hombre,45,101.0,175.4,32.83,113.4,0.647,modulo_1,134.0,4.0,777.0,,,,,,,,,,,,,,,,,,,,1,,,False
2022_12001116,1,hombre,68,78.1,164.8,28.76,102.4,0.621,modulo_2,159.0,3.0,275.0,,,,,,,,,,,,,,,,,,,,0,,,False
2022_12001120,1,hombre,23,55.95,176.3,18.0,66.3,0.376,modulo_1,123.0,2.0,910.0,,,,,,,,,,,,,,,,,,,,0,,,False
2022_12001121,2,mujer,46,63.95,146.2,29.92,94.5,0.646,modulo_1,139.0,5.0,60.0,,,,,,,,,,,,,,,,,,,,1,,,False
2022_12001124,1,hombre,44,80.9,172.2,27.28,94.8,0.551,modulo_1,144.0,4.0,400.0,,,,,,,,,,,,,,,,,,,,1,,,False
2022_12001126,2,mujer,52,54.9,142.5,27.04,82.8,0.581,modulo_1,197.0,3.0,250.0,,,,,,,,,,,,,,,,,,,,1,,,False
2022_12001130,1,hombre,69,,,,,,modulo_2,114.0,2.0,300.0,,,,,,,,,,,,,,,,,,,,0,,,False
2022_12007001,1,hombre,47,87.85,168.1,31.09,115.2,0.685,modulo_1,147.0,3.0,6570.0,7.3,102.0,163.0,9.2,135.0,28.0,104.0,102.0,3.3,0.6,2.5,15.3,,,,,,,,1,1.0,1.0,True
2022_12007003,2,mujer,51,64.0,149.0,28.83,100.8,0.677,modulo_1,172.0,3.0,75.0,,,,,,,,,,,,,,,,,,,,1,,,False
2022_12007007,2,mujer,58,61.35,148.9,27.67,98.9,0.664,modulo_1,162.0,2.0,50.0,8.0,85.0,183.0,3.4,109.0,24.0,58.0,255.0,4.6,0.41,2.3,11.7,,,,,,,,1,1.0,1.0,True
2022_12007017,2,mujer,51,83.5,148.5,37.86,108.8,0.733,modulo_1,96.0,5.0,470.0,5.1,80.0,100.0,6.0,131.0,41.0,72.0,94.0,4.1,0.8,3.4,17.5,,,,,,,,0,0.0,0.0,True
2022_12007018,2,mujer,46,76.5,154.2,32.17,95.8,0.621,modulo_1,132.0,4.0,120.0,,,,,,,,,,,,,,,,,,,,1,,,False
2022_12007019,1,hombre,43,83.4,170.7,28.62,97.3,0.57,modulo_1,133.0,3.0,660.0,,,,,,,,,,,,,,,,,,,,1,,,False
2022_12007020,1,hombre,65,73.9,161.5,28.33,98.6,0.611,modulo_2,151.0,2.0,540.0,6.1,97.0,128.0,5.7,130.0,38.0,75.0,102.0,5.4,0.78,3.1,15.9,,,,,,,,0,0.0,1.0,True
2022_12007021,1,hombre,38,76.9,157.4,31.04,103.5,0.658,modulo_1,106.0,4.0,330.0,,,,,,,,,,,,,,,,,,,,1,,,False
2022_12007033,1,hombre,48,86.75,165.5,31.67,108.8,0.657,modulo_1,138.0,5.0,600.0,6.0,62.0,126.0,5.2,67.0,20.0,44.0,74.0,3.6,0.6,1.6,15.4,,,,,,,,1,0.0,1.0,True
2022_12029002,1,hombre,56,91.7,166.6,33.04,115.1,0.691,modulo_1,122.0,2.0,390.0,5.4,86.0,108.0,26.3,95.0,19.0,48.0,317.0,5.8,0.64,3.4,17.2,,,,,,,,1,0.0,0.0,True
2022_12029010,2,mujer,40,79.1,152.8,33.88,102.8,0.673,modulo_1,116.0,4.0,75.0,5.8,92.0,120.0,8.8,267.0,36.0,129.0,777.0,4.1,0.55,4.0,15.7,10.4,9.5,9.2,0.26,1.1,122.0,21.4,1,0.0,1.0,True
2022_12029013,2,mujer,64,68.15,148.2,31.03,104.9,0.708,modulo_2,145.0,2.0,60.0,,,,,,,,,,,,,,,,,,,,1,,,False
2022_12029018,2,mujer,60,73.65,148.5,33.4,116.5,0.785,modulo_2,130.0,4.0,195.0,,,,,,,,,,,,,,,,,,,,0,,,False
2022_12029021,2,mujer,56,66.25,158.9,26.24,88.4,0.556,modulo_1,106.0,3.0,135.0,,,,,,,,,,,,,,,,,,,,1,,,False
2022_12029022,2,mujer,53,67.5,146.5,31.45,98.4,0.672,modulo_1,144.0,3.0,120.0,5.7,93.0,117.0,7.8,158.0,37.0,112.0,152.0,3.6,0.46,2.9,15.4,,,,,,,,1,0.0,1.0,True
2022_12029025,1,hombre,35,86.9,171.7,29.48,106.9,0.623,modulo_1,151.0,1.0,1710.0,6.5,140.0,140.0,12.6,146.0,37.0,92.0,148.0,6.2,0.68,3.4,16.5,,,,,,,,1,1.0,1.0,True
2022_12029028,2,mujer,21,75.7,161.2,29.13,94.4,0.586,modulo_1,112.0,3.0,200.0,5.2,85.0,103.0,16.7,100.0,31.0,66.0,74.0,4.3,0.57,3.0,14.2,24.5,12.0,5.5,0.3,1.0,123.0,15.9,1,0.0,0.0,True
2022_12029030,2,mujer,56,48.3,149.4,21.64,76.0,0.509,modulo_1,115.0,3.0,480.0,,,,,,,,,,,,,,,,,,,,0,,,False
2022_12029036,2,mujer,40,59.9,149.4,26.84,88.9,0.595,modulo_1,99.0,3.0,20.0,,,,,,,,,,,,,,,,,,,,1,,,False
2022_12031001,1,hombre,67,68.55,165.5,25.03,89.2,0.539,modulo_2,137.0,3.0,260.0,,,,,,,,,,,,,,,,,,,,0,,,False
2022_12031002,2,mujer,33,72.7,163.0,27.36,90.1,0.553,modulo_1,105.0,3.0,425.0,5.1,77.0,100.0,15.9,107.0,21.0,64.0,268.0,3.1,0.42,2.5,14.2,35.5,13.5,7.2,0.36,1.3,159.0,31.0,1,0.0,0.0,True
2022_12031005,1,hombre,61,52.85,150.6,23.3,82.0,0.544,modulo_2,124.0,2.0,120.0,,,,,,,,,,,,,,,,,,,,1,,,False
2022_12031009,1,hombre,22,64.85,173.7,21.49,85.4,0.492,modulo_1,124.0,4.0,60.0,,,,,,,,,,,,,,,,,,,,1,,,False
2022_12031010,2,mujer,54,66.4,145.0,31.58,94.0,0.648,modulo_1,108.0,4.0,277.0,5.2,69.0,103.0,4.7,130.0,41.0,72.0,127.0,3.2,0.47,2.6,15.7,,,,,,,,1,0.0,0.0,True
2022_12032002,2,mujer,42,66.2,157.0,26.86,84.2,0.536,modulo_1,119.0,3.0,756.0,5.4,83.0,108.0,3.7,117.0,28.0,65.0,70.0,3.6,0.52,2.7,8.2,3.2,14.8,8.4,0.07,4.1,207.0,34.0,1,0.0,0.0,True
2022_12032003,1,hombre,56,93.0,158.8,36.88,111.2,0.7,modulo_1,139.0,4.0,525.0,6.2,113.0,131.0,25.5,279.0,,152.0,582.0,9.4,0.83,3.6,17.7,,,,,,,,1,0.0,1.0,True
2022_12032005,1,hombre,67,77.0,171.5,26.18,96.6,0.563,modulo_2,144.0,3.0,585.0,5.4,90.0,108.0,7.2,162.0,40.0,103.0,178.0,7.5,0.77,3.6,15.8,,,,,,,,0,0.0,0.0,True
2022_12032007,2,mujer,49,92.3,159.6,36.24,110.8,0.694,modulo_1,106.0,4.0,75.0,5.5,99.0,111.0,16.2,182.0,38.0,119.0,100.0,4.5,0.43,4.0,16.6,39.0,9.3,8.2,0.55,0.9,128.0,18.0,1,0.0,0.0,True
2022_12032008,1,hombre,69,74.85,154.8,31.24,105.2,0.68,modulo_2,130.0,3.0,570.0,,,,,,,,,,,,,,,,,,,,0,,,False
2022_12032010,1,hombre,56,109.25,171.5,37.14,,,modulo_1,116.0,3.0,970.0,,,,,,,,,,,,,,,,,,,,1,,,False
2022_12032012,2,mujer,35,61.65,153.2,26.27,,,modulo_1,110.0,4.0,45.0,5.5,72.0,111.0,10.1,139.0,28.0,103.0,259.0,3.6,0.54,2.4,14.6,61.0,30.1,6.4,0.53,0.7,152.0,35.6,1,0.0,0.0,True
2022_12032014,1,hombre,40,77.45,174.5,25.43,95.5,0.547,modulo_1,116.0,3.0,100.0,,,,,,,,,,,,,,,,,,,,1,,,False
2022_12032018,2,mujer,41,58.9,139.2,30.4,95.5,0.686,modulo_1,142.0,4.0,135.0,,,,,,,,,,,,,,,,,,,,1,,,False
2022_12032019,2,mujer,67,80.45,155.9,33.1,113.5,0.728,modulo_2,157.0,4.0,310.0,,,,,,,,,,,,,,,,,,,,0,,,False
2022_12032020,2,mujer,21,62.45,160.7,24.18,84.3,0.525,modulo_1,132.0,4.0,128.0,,,,,,,,,,,,,,,,,,,,1,,,False
2022_12032021,2,mujer,27,63.8,158.5,25.4,87.6,0.553,modulo_1,104.0,4.0,240.0,,,,,,,,,,,,,,,,,,,,1,,,False
2022_12032026,2,mujer,35,60.95,158.2,24.35,90.6,0.573,modulo_1,112.0,4.0,390.0,,,,,,,,,,,,,,,,,,,,0,,,False
2022_12032027,1,hombre,50,59.4,158.4,23.67,84.5,0.533,modulo_1,116.0,5.0,195.0,5.2,80.0,103.0,6.3,143.0,27.0,78.0,201.0,6.4,0.78,3.6,15.2,,,,,,,,0,0.0,0.0,True
2022_12032028,2,mujer,28,59.6,151.5,25.97,84.3,0.556,modulo_1,110.0,4.0,1230.0,,,,,,,,,,,,14.8,21.7,8.3,8.9,0.38,1.3,190.0,14.4,1,,,False
2022_12032031,2,mujer,65,71.1,158.4,28.34,107.6,0.679,modulo_2,162.0,5.0,105.0,10.8,212.0,263.0,12.8,154.0,35.0,103.0,215.0,3.3,1.1,3.1,12.8,,,,,,,,1,1.0,1.0,True
2022_12035007,2,mujer,68,66.6,141.1,33.45,103.5,0.734,modulo_2,154.0,3.0,580.0,,,,,,,,,,,,,,,,,,,,0,,,False
2022_12035008,2,mujer,26,89.3,148.5,40.49,103.5,0.697,modulo_1,117.0,4.0,300.0,4.8,51.0,91.0,7.9,83.0,22.0,61.0,72.0,2.4,0.27,1.7,16.3,23.8,14.7,8.2,0.87,0.8,115.0,19.4,1,0.0,0.0,True
2022_12035011,2,mujer,65,76.2,154.6,31.88,107.2,0.693,modulo_2,121.0,3.0,270.0,5.5,123.0,111.0,30.0,290.0,80.0,181.0,243.0,4.4,0.79,5.3,14.9,,,,,,,,0,0.0,0.0,True
2022_12035028,2,mujer,67,77.9,150.2,34.53,111.1,0.74,modulo_2,185.0,5.0,190.0,7.9,111.0,180.0,10.6,112.0,29.0,75.0,112.0,4.1,0.55,3.2,12.5,,,,,,,,0,1.0,1.0,True
2022_12035029,2,mujer,63,63.85,145.0,30.37,99.8,0.688,modulo_2,131.0,5.0,250.0,5.0,73.0,97.0,4.1,95.0,22.0,53.0,121.0,3.2,0.32,2.9,11.4,,,,,,,,0,0.0,0.0,True
2022_12051004,1,hombre,56,71.85,163.5,26.88,91.4,0.559,modulo_1,134.0,4.0,445.0,5.0,80.0,97.0,4.7,135.0,33.0,83.0,190.0,3.7,0.81,3.4,15.9,,,,,,,,1,0.0,0.0,True
2022_12051006,2,mujer,35,45.75,145.5,21.61,,,modulo_1,119.0,4.0,170.0,,,,,,,,,,,,13.5,72.3,6.3,5.6,0.18,0.8,338.0,30.7,1,,,False
2022_12051011,2,mujer,26,63.9,147.8,29.25,90.1,0.61,modulo_1,108.0,5.0,5940.0,,,,,,,,,,,,,,,,,,,,1,,,False
2022_12051012,2,mujer,74,57.05,143.7,27.63,101.5,0.706,modulo_2,135.0,4.0,120.0,8.1,117.0,186.0,12.2,90.0,26.0,53.0,91.0,2.9,0.48,3.0,14.7,,,,,,,,1,1.0,1.0,True
2022_12051014,2,mujer,44,61.85,142.7,30.37,94.2,0.66,modulo_1,149.0,5.0,80.0,,,,,,,,,,,,,,,,,,,,1,,,False
2022_12051018,1,hombre,69,62.5,163.9,23.27,92.2,0.563,modulo_2,167.0,4.0,260.0,,,,,,,,,,,,,,,,,,,,0,,,False
2022_12051021,2,mujer,30,73.5,150.8,32.32,108.7,0.721,modulo_1,116.0,4.0,210.0,5.5,79.0,111.0,44.6,202.0,46.0,128.0,155.0,3.8,0.69,4.2,15.4,69.2,14.7,8.2,0.05,0.8,193.0,29.2,1,0.0,0.0,True
2022_12051025,1,hombre,50,67.15,163.8,25.03,87.8,0.536,modulo_1,118.0,4.0,1157.0,5.2,87.0,103.0,6.3,147.0,38.0,80.0,226.0,5.3,0.99,2.9,13.5,,,,,,,,1,0.0,0.0,True
2022_12051026,1,hombre,54,69.25,154.1,29.16,94.2,0.611,modulo_1,100.0,4.0,990.0,,,,,,,,,,,,,,,,,,,,0,,,False
2022_12051027,2,mujer,28,62.25,152.6,26.73,,,modulo_1,119.0,4.0,495.0,,,,,,,,,,,,,,,,,,,,1,,,False
2022_12051028,2,mujer,21,80.5,146.1,37.71,106.9,0.732,modulo_1,110.0,3.0,300.0,,,,,,,,,,,,13.5,13.2,6.3,13.5,0.14,1.1,147.0,25.0,1,,,False
2022_12051030,1,hombre,58,79.25,163.8,29.54,105.9,0.647,modulo_1,158.0,4.0,330.0,7.3,180.0,163.0,32.8,101.0,24.0,60.0,228.0,3.7,0.71,2.2,15.9,,,,,,,,1,1.0,1.0,True
2022_12051031,1,hombre,50,71.75,162.6,27.14,96.3,0.592,modulo_1,129.0,4.0,720.0,,,,,,,,,,,,,,,,,,,,1,,,False
2022_12051032,2,mujer,49,62.5,156.5,25.52,94.7,0.605,modulo_1,139.0,3.0,270.0,,,,,,,,,,,,,,,,,,,,1,,,False
2022_12061001,1,hombre,49,52.85,155.0,22.0,76.9,0.496,modulo_1,91.0,1.0,98.0,,,,,,,,,,,,,,,,,,,,1,,,False
2022_12061011,2,mujer,33,54.0,155.5,22.33,,,modulo_1,115.0,4.0,380.0,,,,,,,,,,,,,,,,,,,,0,,,False
2022_12061015,2,mujer,59,51.6,147.0,23.88,86.8,0.59,modulo_1,112.0,3.0,240.0,,,,,,,,,,,,,,,,,,,,0,,,False
2022_12061019,2,mujer,53,82.4,158.5,32.8,100.0,0.631,modulo_1,108.0,3.0,100.0,,,,,,,,,,,,,,,,,,,,1,,,False
2022_12061022,2,mujer,50,68.85,145.0,32.75,104.6,0.721,modulo_1,164.0,3.0,625.0,,,,,,,,,,,,,,,,,,,,1,,,False
2022_12061026,2,mujer,49,88.2,149.6,39.41,114.4,0.765,modulo_1,88.0,4.0,200.0,,,,,,,,,,,,14.0,161.4,12.3,7.7,0.16,1.0,204.0,11.9,0,,,False
2022_12064004,2,mujer,51,66.35,151.9,28.76,,,modulo_1,120.0,2.0,120.0,,,,,,,,,,,,,,,,,,,,1,,,False
2022_12064006,1,hombre,47,87.15,157.4,35.18,113.2,0.719,modulo_1,118.0,1.0,660.0,,,,,,,,,,,,,,,,,,,,1,,,False
2022_12064007,2,mujer,49,69.8,154.2,29.36,103.5,0.671,modulo_1,188.0,5.0,90.0,,,,,,,,,,,,12.1,71.6,11.4,14.8,1.0,1.1,140.0,18.0,1,,,False
2022_12064010,2,mujer,38,66.35,150.2,29.41,102.2,0.68,modulo_1,103.0,4.0,6360.0,,,,,,,,,,,,,,,,,,,,1,,,False
2022_12064014,2,mujer,40,73.6,155.2,30.56,95.6,0.616,modulo_1,117.0,5.0,330.0,,,,,,,,,,,,,,,,,,,,1,,,False
2022_12064015,1,hombre,49,63.2,147.0,29.25,,,modulo_1,101.0,4.0,570.0,,,,,,,,,,,,,,,,,,,,1,,,False
2022_12064016,1,hombre,27,86.2,164.6,31.82,107.8,0.655,modulo_1,112.0,4.0,480.0,,,,,,,,,,,,,,,,,,,,1,,,False
2022_13002002,2,mujer,52,53.5,147.2,24.69,83.6,0.568,modulo_1,107.0,4.0,210.0,,,,,,,,,,,,,,,,,,,,0,,,False
2022_13002007,2,mujer,30,66.75,158.0,26.74,99.3,0.628,modulo_1,132.0,4.0,45.0,,,,,,,,,,,,,,,,,,,,1,,,False
2022_13002010,2,mujer,51,70.45,147.2,32.51,107.7,0.732,modulo_1,138.0,3.0,250.0,,,,,,,,,,,,,,,,,,,,1,,,False
2022_13002023,2,mujer,53,86.15,156.5,35.17,114.1,0.729,modulo_1,179.0,4.0,440.0,,,,,,,,,,,,,,,,,,,,1,,,False
2022_13002025,1,hombre,41,78.0,164.9,28.68,100.5,0.609,modulo_1,115.0,4.0,310.0,,,,,,,,,,,,,,,,,,,,1,,,False
2022_13002030,2,mujer,48,94.15,150.0,41.84,117.6,0.784,modulo_1,152.0,1.0,60.0,,,,,,,,,,,,,,,,,,,,1,,,False
2022_13027002,1,hombre,65,65.85,145.2,31.23,98.8,0.68,modulo_2,119.0,2.0,330.0,,,,,,,,,,,,,,,,,,,,0,,,False
2022_13027004,1,hombre,59,74.5,156.9,30.26,102.7,0.655,modulo_1,126.0,1.0,100.0,,,,,,,,,,,,,,,,,,,,1,,,False
2022_13027006,1,hombre,51,123.6,181.0,37.73,129.5,0.715,modulo_1,138.0,3.0,975.0,5.4,112.0,108.0,28.4,104.0,24.0,75.0,83.0,6.4,0.75,3.0,15.0,,,,,,,,1,0.0,0.0,True
2022_13027007,2,mujer,69,62.7,154.0,26.44,92.5,0.601,modulo_2,142.0,1.0,210.0,,,,,,,,,,,,,,,,,,,,0,,,False
2022_13027009,2,mujer,67,78.55,147.4,36.15,112.5,0.763,modulo_2,130.0,1.0,300.0,,,,,,,,,,,,,,,,,,,,0,,,False
2022_13027014,2,mujer,49,68.2,143.2,33.26,102.1,0.713,modulo_1,120.0,1.0,210.0,,,,,,,,,,,,15.3,21.0,21.9,6.72,0.21,1.2,1058.0,24.0,1,,,False
2022_13027015,1,hombre,73,75.0,164.6,27.68,100.0,0.608,modulo_2,184.0,2.0,520.0,,,,,,,,,,,,,,,,,,,,0,,,False
2022_13027019,2,mujer,34,63.0,153.2,26.84,90.1,0.588,modulo_1,102.0,4.0,360.0,,,,,,,,,,,,,,,,,,,,1,,,False
2022_13027020,2,mujer,25,81.45,159.9,31.86,101.3,0.634,modulo_1,113.0,4.0,310.0,,,,,,,,,,,,,,,,,,,,1,,,False
2022_13027021,2,mujer,72,64.7,154.0,27.28,,,modulo_2,141.0,4.0,1200.0,,,,,,,,,,,,,,,,,,,,0,,,False
2022_13027024,2,mujer,49,69.7,153.2,29.7,91.1,0.595,modulo_1,124.0,3.0,420.0,,,,,,,,,,,,,,,,,,,,1,,,False
2022_13027026,1,hombre,55,90.35,168.0,32.01,112.5,0.67,modulo_1,109.0,2.0,480.0,,,,,,,,,,,,,,,,,,,,1,,,False
2022_13027033,2,mujer,65,54.95,142.7,26.98,99.8,0.699,modulo_2,112.0,3.0,140.0,,,,,,,,,,,,,,,,,,,,1,,,False
2022_13027035,2,mujer,48,64.3,148.7,29.08,92.5,0.622,modulo_1,117.0,4.0,60.0,4.9,68.0,94.0,9.7,119.0,43.0,66.0,134.0,3.2,0.55,3.4,13.8,34.4,18.0,6.65,0.28,1.3,204.0,37.6,1,0.0,0.0,True
2022_13027038,2,mujer,63,57.55,151.5,25.07,92.5,0.611,modulo_2,186.0,1.0,30.0,,,,,,,,,,,,,,,,,,,,1,,,False
2022_13027042,2,mujer,31,89.15,157.5,35.94,111.4,0.707,modulo_1,104.0,4.0,660.0,5.6,84.0,114.0,8.8,125.0,23.0,64.0,325.0,5.6,0.57,3.5,14.6,9.2,23.6,11.72,0.23,0.2,95.0,27.3,1,0.0,0.0,True
2022_13041005,2,mujer,50,64.75,147.2,29.88,93.7,0.637,modulo_1,107.0,2.0,200.0,,,,,,,,,,,,,,,,,,,,1,,,False
2022_13041007,2,mujer,54,73.1,156.5,29.85,99.4,0.635,modulo_1,134.0,1.0,150.0,,,,,,,,,,,,,,,,,,,,1,,,False
2022_13041010,1,hombre,54,80.2,163.3,30.07,113.5,0.695,modulo_1,178.0,5.0,660.0,,,,,,,,,,,,,,,,,,,,1,,,False
2022_13041011,2,mujer,48,68.75,151.4,29.99,101.5,0.67,modulo_1,112.0,4.0,660.0,,,,,,,,,,,,13.4,14.9,19.6,6.98,0.15,1.0,226.0,15.1,1,,,False
2022_13041013,2,mujer,48,63.15,154.4,26.49,97.8,0.633,modulo_1,105.0,5.0,300.0,,,,,,,,,,,,13.1,23.8,12.4,9.51,0.51,1.1,65.0,18.1,1,,,False
2022_13041014,2,mujer,45,107.3,148.1,48.92,143.4,0.968,modulo_1,112.0,5.0,720.0,6.4,102.0,137.0,22.4,124.0,48.0,76.0,80.0,4.3,0.5,3.3,14.5,2.9,12.7,5.46,1.47,5.6,294.0,13.7,1,0.0,1.0,True
2022_13041015,2,mujer,58,75.45,159.0,29.84,103.2,0.649,modulo_1,122.0,3.0,750.0,,,,,,,,,,,,,,,,,,,,1,,,False
2022_13041017,2,mujer,32,76.6,153.5,32.51,97.8,0.637,modulo_1,114.0,3.0,240.0,,,,,,,,,,,,,,,,,,,,1,,,False
2022_13041018,1,hombre,58,97.6,158.9,38.65,126.3,0.795,modulo_1,116.0,2.0,415.0,,,,,,,,,,,,,,,,,,,,1,,,False
2022_13041019,2,mujer,64,72.05,154.6,30.14,101.2,0.655,modulo_2,115.0,1.0,180.0,8.3,136.0,192.0,10.4,205.0,48.0,140.0,152.0,2.8,0.61,3.9,14.3,,,,,,,,1,1.0,1.0,True
2022_13041021,2,mujer,36,81.65,151.0,35.81,93.3,0.618,modulo_1,155.0,2.0,140.0,5.5,162.0,111.0,167.8,165.0,37.0,120.0,248.0,3.9,0.45,3.6,11.7,29.5,6.7,7.8,0.61,0.9,232.0,18.2,1,0.0,0.0,True
2022_13041022,2,mujer,46,81.2,159.3,32.0,90.2,0.566,modulo_1,120.0,4.0,540.0,,,,,,,,,,,,,,,,,,,,1,,,False
2022_13041025,2,mujer,58,77.2,153.0,32.98,112.5,0.735,modulo_1,126.0,4.0,210.0,,,,,,,,,,,,,,,,,,,,1,,,False
2022_13041028,2,mujer,41,60.15,150.4,26.59,93.4,0.621,modulo_1,106.0,5.0,525.0,,,,,,,,,,,,,,,,,,,,1,,,False
2022_13041031,2,mujer,53,76.05,151.0,33.35,108.7,0.72,modulo_1,167.0,3.0,270.0,10.5,259.0,255.0,25.0,189.0,44.0,132.0,115.0,2.7,0.74,3.6,14.6,,,,,,,,1,1.0,1.0,True
2022_13041032,2,mujer,32,78.5,147.3,36.18,107.3,0.728,modulo_1,113.0,2.0,330.0,,,,,,,,,,,,,,,,,,,,1,,,False
2022_13041033,2,mujer,57,68.75,142.3,33.95,108.5,0.762,modulo_1,139.0,5.0,200.0,,,,,,,,,,,,,,,,,,,,1,,,False
2022_13041034,2,mujer,49,64.45,158.2,25.75,100.5,0.635,modulo_1,155.0,4.0,210.0,,,,,,,,,,,,,,,,,,,,1,,,False
2022_13041035,2,mujer,73,53.1,148.5,24.08,90.0,0.606,modulo_2,145.0,5.0,120.0,,,,,,,,,,,,,,,,,,,,1,,,False
2022_13041036,2,mujer,50,60.7,149.1,27.3,91.5,0.614,modulo_1,120.0,5.0,360.0,,,,,,,,,,,,,,,,,,,,1,,,False
2022_13041038,2,mujer,63,65.85,146.4,30.72,102.1,0.697,modulo_2,155.0,4.0,600.0,,,,,,,,,,,,,,,,,,,,0,,,False
2022_13041039,2,mujer,42,71.6,150.2,31.74,103.7,0.69,modulo_1,140.0,5.0,300.0,,,,,,,,,,,,,,,,,,,,1,,,False
2022_13046001,2,mujer,40,63.25,154.0,26.67,83.5,0.542,modulo_1,119.0,4.0,30.0,,,,,,,,,,,,,,,,,,,,1,,,False
2022_13046002,1,hombre,85,46.85,145.1,22.25,85.5,0.589,modulo_2,145.0,2.0,540.0,,,,,,,,,,,,,,,,,,,,0,,,False
2022_13046004,2,mujer,51,66.45,150.8,29.22,88.5,0.587,modulo_1,170.0,4.0,60.0,,,,,,,,,,,,,,,,,,,,1,,,False
2022_13046006,1,hombre,61,63.35,156.2,25.96,92.5,0.592,modulo_2,127.0,4.0,540.0,,,,,,,,,,,,,,,,,,,,0,,,False
2022_13046007,1,hombre,63,78.1,164.7,28.79,102.9,0.625,modulo_2,133.0,3.0,320.0,,,,,,,,,,,,,,,,,,,,0,,,False
2022_13046009,1,hombre,36,57.7,164.6,21.3,,,modulo_1,115.0,4.0,315.0,,,,,,,,,,,,,,,,,,,,0,,,False
2022_13046014,1,hombre,50,53.75,143.1,26.25,,,modulo_1,115.0,4.0,700.0,,,,,,,,,,,,,,,,,,,,1,,,False
2022_13046015,2,mujer,67,45.2,148.0,20.64,77.5,0.524,modulo_2,190.0,2.0,500.0,,,,,,,,,,,,,,,,,,,,0,,,False
2022_13046016,2,mujer,32,66.75,151.5,29.08,92.3,0.609,modulo_1,126.0,4.0,380.0,4.9,84.0,94.0,12.1,180.0,37.0,72.0,550.0,4.3,0.57,3.4,13.0,81.8,19.5,4.1,0.77,1.1,7500.0,20.6,1,0.0,0.0,True
2022_13046017,2,mujer,59,50.75,148.5,23.01,70.8,0.477,modulo_1,112.0,3.0,380.0,,,,,,,,,,,,,,,,,,,,0,,,False
2022_13046018,2,mujer,29,62.8,164.4,23.24,,,modulo_1,103.0,4.0,300.0,5.2,78.0,103.0,6.3,126.0,49.0,58.0,69.0,3.8,0.57,4.0,13.3,27.1,20.3,4.9,0.69,1.0,158.0,30.1,0,0.0,0.0,True
2022_13046019,2,mujer,55,44.75,147.5,20.57,71.6,0.485,modulo_1,111.0,3.0,750.0,,,,,,,,,,,,,,,,,,,,0,,,False
2022_13046022,2,mujer,60,63.15,146.4,29.46,96.2,0.657,modulo_2,118.0,2.0,260.0,,,,,,,,,,,,,,,,,,,,0,,,False
2022_13046025,1,hombre,64,59.55,164.2,22.09,86.2,0.525,modulo_2,130.0,2.0,600.0,,,,,,,,,,,,,,,,,,,,0,,,False
2022_13046027,2,mujer,37,56.25,151.3,24.57,82.2,0.543,modulo_1,102.0,3.0,150.0,5.3,87.0,105.0,6.9,177.0,50.0,101.0,193.0,3.2,0.44,3.8,12.1,16.4,13.9,4.5,0.06,0.7,1121.0,20.9,1,0.0,0.0,True
2022_13046029,2,mujer,50,49.2,136.6,26.37,86.4,0.633,modulo_1,124.0,4.0,240.0,,,,,,,,,,,,,,,,,,,,1,,,False
2022_13046031,2,mujer,46,63.45,136.8,33.9,96.1,0.702,modulo_1,166.0,4.0,60.0,,,,,,,,,,,,,,,,,,,,1,,,False
2022_13046032,2,mujer,62,64.7,154.0,27.28,,,modulo_2,194.0,4.0,720.0,,,,,,,,,,,,,,,,,,,,0,,,False
2022_13046033,2,mujer,87,45.25,141.6,22.57,79.2,0.559,modulo_2,116.0,5.0,320.0,,,,,,,,,,,,,,,,,,,,0,,,False
2022_13046034,2,mujer,22,51.25,158.1,20.5,74.3,0.47,modulo_1,104.0,4.0,450.0,,,,,,,,,,,,,,,,,,,,0,,,False
2022_13048006,2,mujer,31,62.9,154.4,26.38,85.4,0.553,modulo_1,119.0,4.0,490.0,,,,,,,,,,,,,,,,,,,,1,,,False
2022_13048007,1,hombre,63,110.35,182.6,33.1,122.1,0.669,modulo_2,151.0,4.0,481.0,,,,,,,,,,,,,,,,,,,,0,,,False
2022_13048013,1,hombre,81,64.05,160.2,24.96,97.6,0.609,modulo_2,131.0,5.0,540.0,5.5,103.0,111.0,6.9,165.0,41.0,94.0,157.0,6.9,1.09,4.1,14.6,,,,,,,,0,0.0,0.0,True
2022_13048017,2,mujer,36,70.05,153.5,29.73,94.6,0.616,modulo_1,120.0,1.0,780.0,,,,,,,,,,,,,,,,,,,,1,,,False
2022_13048021,1,hombre,57,80.0,167.5,28.51,104.5,0.624,modulo_1,135.0,2.0,495.0,,,,,,,,,,,,,,,,,,,,1,,,False
2022_13048024,2,mujer,51,63.2,142.8,30.99,101.3,0.709,modulo_1,116.0,1.0,990.0,,,,,,,,,,,,,,,,,,,,1,,,False
2022_13048027,1,hombre,47,95.7,170.3,33.0,106.5,0.625,modulo_1,163.0,3.0,120.0,,,,,,,,,,,,,,,,,,,,1,,,False
2022_13051002,2,mujer,27,63.4,154.4,26.59,91.0,0.589,modulo_1,115.0,4.0,345.0,,,,,,,,,,,,,,,,,,,,1,,,False
2022_13051007,2,mujer,28,53.0,160.0,20.7,76.6,0.479,modulo_1,92.0,4.0,60.0,,,,,,,,,,,,,,,,,,,,1,,,False
2022_13051012,1,hombre,43,65.75,170.5,22.62,82.3,0.483,modulo_1,129.0,1.0,360.0,,,,,,,,,,,,,,,,,,,,0,,,False
2022_13051016,1,hombre,33,75.35,158.6,29.96,98.9,0.624,modulo_1,142.0,2.0,240.0,,,,,,,,,,,,,,,,,,,,1,,,False
2022_13051017,1,hombre,58,91.0,163.2,34.17,112.3,0.688,modulo_1,130.0,4.0,680.0,,,,,,,,,,,,,,,,,,,,1,,,False
2022_13051018,2,mujer,44,52.85,148.6,23.93,83.4,0.561,modulo_1,105.0,3.0,30.0,,,,,,,,,,,,14.8,30.3,23.0,9.2,0.25,0.8,283.0,24.6,1,,,False
2022_13051020,2,mujer,44,93.55,159.0,37.0,117.6,0.74,modulo_1,144.0,4.0,600.0,,,,,,,,,,,,,,,,,,,,1,,,False
2022_13051021,2,mujer,46,77.4,163.0,29.13,96.5,0.592,modulo_1,116.0,4.0,390.0,,,,,,,,,,,,,,,,,,,,1,,,False
2022_13051024,1,hombre,51,88.95,168.1,31.48,111.7,0.664,modulo_1,143.0,2.0,680.0,,,,,,,,,,,,,,,,,,,,1,,,False
2022_13051028,2,mujer,31,55.8,148.0,25.47,,,modulo_1,98.0,4.0,180.0,,,,,,,,,,,,13.3,22.1,11.8,5.8,0.22,0.8,85.0,12.9,0,,,False
2022_13051030,1,hombre,36,64.0,172.5,21.51,88.7,0.514,modulo_1,108.0,4.0,600.0,,,,,,,,,,,,,,,,,,,,0,,,False
2022_13056002,2,mujer,49,70.65,160.0,27.6,96.7,0.604,modulo_1,109.0,4.0,210.0,,,,,,,,,,,,,,,,,,,,1,,,False
2022_13056003,1,hombre,37,85.05,171.8,28.82,101.0,0.588,modulo_1,123.0,2.0,680.0,,,,,,,,,,,,,,,,,,,,1,,,False
2022_13056006,2,mujer,38,56.45,164.5,20.86,,,modulo_1,115.0,5.0,390.0,,,,,,,,,,,,,,,,,,,,0,,,False
2022_13056007,2,mujer,50,56.6,154.4,23.74,79.8,0.517,modulo_1,109.0,3.0,720.0,,,,,,,,,,,,,,,,,,,,0,,,False
2022_13056009,1,hombre,46,81.9,169.8,28.41,109.7,0.646,modulo_1,123.0,3.0,430.0,5.1,98.0,100.0,8.9,110.0,23.0,81.0,126.0,3.8,0.9,2.8,18.5,,,,,,,,1,0.0,0.0,True
2022_13056012,2,mujer,60,53.45,156.2,21.91,84.9,0.544,modulo_2,100.0,4.0,60.0,5.3,82.0,105.0,4.6,54.0,26.0,28.0,55.0,4.3,0.65,2.1,15.9,,,,,,,,1,0.0,0.0,True
2022_13056014,1,hombre,20,78.4,173.0,26.2,88.5,0.512,modulo_1,98.0,4.0,990.0,,,,,,,,,,,,,,,,,,,,0,,,False
2022_13056016,2,mujer,53,59.1,142.0,29.31,96.1,0.677,modulo_1,119.0,4.0,390.0,,,,,,,,,,,,,,,,,,,,1,,,False
2022_13056020,1,hombre,69,70.65,165.2,25.89,92.9,0.562,modulo_2,118.0,5.0,170.0,,,,,,,,,,,,,,,,,,,,1,,,False
2022_13056021,2,mujer,35,80.2,157.5,32.33,,,modulo_1,106.0,3.0,270.0,,,,,,,,,,,,,,,,,,,,1,,,False
2022_13056022,2,mujer,36,55.7,157.5,22.45,83.5,0.53,modulo_1,118.0,4.0,270.0,5.5,76.0,111.0,3.1,126.0,41.0,80.0,58.0,2.6,0.51,3.3,11.5,2.7,27.3,23.9,2.7,2.2,88.0,13.1,0,0.0,0.0,True
2022_13056023,1,hombre,36,87.05,166.4,31.44,102.0,0.613,modulo_1,130.0,2.0,1170.0,,,,,,,,,,,,,,,,,,,,1,,,False
2022_13056026,2,mujer,27,59.3,151.4,25.87,84.5,0.558,modulo_1,125.0,4.0,445.0,,,,,,,,,,,,,,,,,,,,1,,,False
2022_13056030,2,mujer,36,59.7,151.8,25.91,90.1,0.594,modulo_1,114.0,2.0,660.0,,,,,,,,,,,,,,,,,,,,1,,,False
2022_13057001,2,mujer,60,47.1,140.9,23.72,71.2,0.505,modulo_2,164.0,4.0,480.0,,,,,,,,,,,,,,,,,,,,0,,,False
2022_13057003,2,mujer,45,60.4,146.3,28.22,101.6,0.694,modulo_1,123.0,2.0,420.0,,,,,,,,,,,,,,,,,,,,1,,,False
2022_13057004,2,mujer,52,66.1,152.5,28.42,95.8,0.628,modulo_1,118.0,4.0,360.0,,,,,,,,,,,,,,,,,,,,1,,,False
2022_13057006,1,hombre,54,82.2,162.0,31.32,104.3,0.644,modulo_1,126.0,3.0,540.0,,,,,,,,,,,,,,,,,,,,1,,,False
2022_13057007,1,hombre,53,77.05,165.0,28.3,103.2,0.625,modulo_1,110.0,3.0,660.0,,,,,,,,,,,,,,,,,,,,1,,,False
2022_13057008,1,hombre,22,59.75,166.4,21.58,71.8,0.431,modulo_1,110.0,2.0,600.0,5.0,83.0,97.0,5.1,141.0,40.0,88.0,54.0,5.5,0.7,4.5,16.8,,,,,,,,0,0.0,0.0,True
2022_13057009,2,mujer,64,51.1,147.8,23.39,88.1,0.596,modulo_2,124.0,2.0,660.0,,,,,,,,,,,,,,,,,,,,0,,,False
2022_13057012,2,mujer,60,62.55,148.4,28.4,98.0,0.66,modulo_2,121.0,4.0,680.0,6.1,124.0,128.0,5.5,206.0,28.0,103.0,432.0,6.5,0.68,3.9,15.1,,,,,,,,1,0.0,1.0,True
2022_13057013,1,hombre,43,74.6,160.4,29.0,99.4,0.62,modulo_1,117.0,4.0,135.0,4.9,104.0,94.0,10.3,138.0,29.0,83.0,218.0,6.5,0.95,3.6,18.9,,,,,,,,1,0.0,0.0,True
2022_13057014,2,mujer,58,76.1,150.2,33.73,107.2,0.714,modulo_1,118.0,4.0,180.0,,,,,,,,,,,,,,,,,,,,1,,,False
2022_13057015,1,hombre,60,56.55,153.5,24.0,85.1,0.554,modulo_2,129.0,5.0,480.0,5.3,89.0,105.0,2.4,114.0,44.0,58.0,67.0,3.5,0.37,3.5,17.6,,,,,,,,0,0.0,0.0,True
2022_13057018,2,mujer,36,97.55,155.5,40.34,125.8,0.809,modulo_1,115.0,4.0,405.0,,,,,,,,,,,,,,,,,,,,1,,,False
2022_13057019,2,mujer,30,96.9,155.9,39.87,129.0,0.827,modulo_1,109.0,4.0,270.0,,,,,,,,,,,,16.7,69.0,10.3,5.6,1.2,0.7,108.0,21.8,1,,,False
2022_13057020,1,hombre,55,89.2,161.3,34.28,107.6,0.667,modulo_1,124.0,4.0,150.0,6.1,109.0,128.0,21.7,224.0,35.0,132.0,408.0,7.0,0.93,4.2,16.6,,,,,,,,1,0.0,1.0,True
2022_13057022,2,mujer,30,64.2,148.4,29.15,103.5,0.697,modulo_1,119.0,5.0,210.0,,,,,,,,,,,,,,,,,,,,1,,,False
2022_13057023,1,hombre,23,,,,,,modulo_1,115.0,5.0,80.0,,,,,,,,,,,,,,,,,,,,1,,,False
2022_13057025,1,hombre,26,81.2,159.0,32.12,84.0,0.528,modulo_1,137.0,4.0,600.0,4.8,93.0,91.0,3.3,129.0,36.0,66.0,201.0,4.5,0.74,4.7,18.0,,,,,,,,1,0.0,0.0,True
2022_13057026,2,mujer,22,42.05,144.5,20.14,83.0,0.574,modulo_1,120.0,5.0,660.0,5.0,85.0,97.0,4.3,107.0,42.0,55.0,93.0,4.9,0.67,3.7,14.5,30.9,16.7,6.2,0.25,1.3,189.0,25.5,0,0.0,0.0,True
2022_13057030,1,hombre,38,67.1,156.0,27.57,92.3,0.592,modulo_1,117.0,4.0,360.0,5.2,97.0,103.0,4.5,156.0,33.0,90.0,229.0,4.5,0.73,4.3,14.2,,,,,,,,1,0.0,0.0,True
2022_13057037,1,hombre,47,86.35,164.0,32.11,106.6,0.65,modulo_1,,5.0,150.0,5.5,100.0,111.0,15.9,189.0,43.0,111.0,304.0,7.5,1.04,4.3,18.8,,,,,,,,1,0.0,0.0,True
2022_13057039,2,mujer,48,71.7,149.5,32.08,94.5,0.632,modulo_1,137.0,2.0,910.0,,,,,,,,,,,,,,,,,,,,1,,,False
2022_13057040,2,mujer,37,69.9,152.6,30.02,89.5,0.587,modulo_1,115.0,4.0,160.0,,,,,,,,,,,,,,,,,,,,1,,,False
2022_13057041,2,mujer,58,63.5,144.7,30.33,99.8,0.69,modulo_1,142.0,4.0,225.0,,,,,,,,,,,,,,,,,,,,1,,,False
2022_13076001,2,mujer,29,71.45,159.5,28.09,97.2,0.609,modulo_1,123.0,2.0,390.0,,,,,,,,,,,,,,,,,,,,1,,,False
2022_13076005,1,hombre,50,70.45,153.2,30.02,103.6,0.676,modulo_1,103.0,1.0,150.0,,,,,,,,,,,,,,,,,,,,1,,,False
2022_13076007,1,hombre,61,93.85,168.3,33.13,116.4,0.692,modulo_2,141.0,5.0,550.0,,,,,,,,,,,,,,,,,,,,0,,,False
2022_13076009,2,mujer,42,99.15,154.0,41.81,154.0,1.0,modulo_1,157.0,4.0,300.0,5.4,90.0,108.0,15.9,121.0,29.0,74.0,135.0,4.4,0.58,3.4,10.2,1.4,21.3,5.21,0.19,4.6,171.0,20.4,1,0.0,0.0,True
2022_13076010,1,hombre,53,60.6,166.0,21.99,87.1,0.525,modulo_1,118.0,1.0,570.0,,,,,,,,,,,,,,,,,,,,0,,,False
2022_13076015,2,mujer,36,55.85,154.9,23.28,82.1,0.53,modulo_1,95.0,2.0,170.0,,,,,,,,,,,,,,,,,,,,1,,,False
2022_13076016,1,hombre,45,65.4,174.0,21.6,82.5,0.474,modulo_1,111.0,4.0,225.0,,,,,,,,,,,,,,,,,,,,0,,,False
2022_13076019,1,hombre,37,91.95,163.3,34.48,113.4,0.694,modulo_1,150.0,2.0,240.0,,,,,,,,,,,,,,,,,,,,1,,,False
2022_13076022,2,mujer,55,56.7,147.3,26.13,93.1,0.632,modulo_1,107.0,5.0,705.0,,,,,,,,,,,,,,,,,,,,1,,,False
2022_13076025,2,mujer,48,52.75,154.7,22.04,93.7,0.606,modulo_1,104.0,4.0,6030.0,,,,,,,,,,,,,,,,,,,,0,,,False
2022_13076027,2,mujer,50,77.7,157.5,31.32,111.2,0.706,modulo_1,143.0,2.0,450.0,,,,,,,,,,,,,,,,,,,,1,,,False
2022_13076028,1,hombre,32,78.4,182.0,23.67,,,modulo_1,145.0,5.0,390.0,,,,,,,,,,,,,,,,,,,,0,,,False
2022_13076029,2,mujer,51,71.85,161.7,27.48,85.3,0.528,modulo_1,129.0,4.0,430.0,,,,,,,,,,,,,,,,,,,,1,,,False
2022_13076031,1,hombre,62,92.0,167.5,32.79,105.6,0.63,modulo_2,154.0,3.0,190.0,,,,,,,,,,,,,,,,,,,,0,,,False
2022_13076032,1,hombre,40,71.2,161.0,27.47,91.2,0.566,modulo_1,128.0,4.0,600.0,,,,,,,,,,,,,,,,,,,,1,,,False
2022_13076033,1,hombre,50,94.05,170.3,32.43,112.2,0.659,modulo_1,126.0,3.0,900.0,5.8,86.0,120.0,17.4,128.0,34.0,82.0,257.0,6.3,0.85,3.3,15.6,,,,,,,,1,0.0,1.0,True
2022_13076038,1,hombre,28,105.85,172.9,35.41,117.6,0.68,modulo_1,149.0,1.0,810.0,,,,,,,,,,,,,,,,,,,,1,,,False
2022_13076040,2,mujer,53,83.6,154.3,35.11,108.5,0.703,modulo_1,154.0,4.0,150.0,,,,,,,,,,,,,,,,,,,,1,,,False
2022_13076042,2,mujer,55,66.35,153.2,28.27,101.2,0.661,modulo_1,121.0,2.0,210.0,,,,,,,,,,,,,,,,,,,,1,,,False
2022_13076043,1,hombre,74,64.7,154.0,27.28,,,modulo_2,118.0,5.0,10.0,,,,,,,,,,,,,,,,,,,,1,,,False
2022_13076044,2,mujer,67,56.5,154.2,23.76,84.5,0.548,modulo_2,133.0,5.0,300.0,,,,,,,,,,,,,,,,,,,,0,,,False
2022_13076048,2,mujer,47,86.45,159.2,34.11,105.8,0.665,modulo_1,135.0,2.0,60.0,,,,,,,,,,,,,,,,,,,,1,,,False
2022_13076049,2,mujer,51,72.65,155.0,30.24,98.5,0.635,modulo_1,130.0,4.0,690.0,,,,,,,,,,,,,,,,,,,,1,,,False
2022_13076054,2,mujer,28,67.45,159.5,26.51,82.1,0.515,modulo_1,135.0,5.0,210.0,4.9,84.0,94.0,3.4,110.0,36.0,60.0,95.0,2.9,0.77,3.1,15.5,22.5,114.4,6.64,0.16,1.2,167.0,24.2,1,0.0,0.0,True
2022_13076056,2,mujer,32,62.85,158.6,24.99,82.3,0.519,modulo_1,103.0,5.0,280.0,,,,,,,,,,,,,,,,,,,,1,,,False
2022_13076058,2,mujer,69,63.25,147.8,28.95,105.1,0.711,modulo_2,157.0,2.0,6120.0,,,,,,,,,,,,,,,,,,,,0,,,False
2022_13076061,2,mujer,60,69.15,153.2,29.46,98.7,0.644,modulo_2,119.0,4.0,480.0,,,,,,,,,,,,,,,,,,,,0,,,False
2022_13076062,2,mujer,42,78.8,162.8,29.73,97.2,0.597,modulo_1,129.0,2.0,200.0,5.3,99.0,105.0,13.7,105.0,38.0,56.0,186.0,4.9,0.55,2.8,14.9,34.6,11.7,6.55,0.52,1.4,127.0,33.1,1,0.0,0.0,True
2022_13076063,2,mujer,37,85.3,167.5,30.4,97.8,0.584,modulo_1,113.0,2.0,180.0,,,,,,,,,,,,,,,,,,,,1,,,False
2022_13076064,2,mujer,57,58.35,148.6,26.42,90.4,0.608,modulo_1,131.0,4.0,435.0,,,,,,,,,,,,,,,,,,,,1,,,False
2022_13076065,2,mujer,53,84.2,155.4,34.87,110.0,0.708,modulo_1,134.0,4.0,420.0,,,,,,,,,,,,,,,,,,,,1,,,False
2022_13076070,2,mujer,61,63.65,150.3,28.18,97.7,0.65,modulo_2,175.0,3.0,285.0,,,,,,,,,,,,,,,,,,,,0,,,False
2022_13077003,1,hombre,44,58.4,160.3,22.73,84.2,0.525,modulo_1,142.0,2.0,968.0,,,,,,,,,,,,,,,,,,,,0,,,False
2022_13077004,2,mujer,55,76.65,148.4,34.81,112.1,0.755,modulo_1,134.0,2.0,6130.0,,,,,,,,,,,,,,,,,,,,1,,,False
2022_13077005,2,mujer,65,70.3,152.1,30.39,104.5,0.687,modulo_2,133.0,4.0,190.0,6.6,116.0,143.0,7.1,102.0,32.0,74.0,75.0,6.0,0.64,2.5,13.1,,,,,,,,0,1.0,1.0,True
2022_13077007,2,mujer,35,70.65,161.4,27.12,90.1,0.558,modulo_1,96.0,2.0,600.0,5.2,89.0,103.0,3.9,93.0,29.0,57.0,80.0,3.4,0.82,3.3,14.3,32.0,16.5,5.53,0.25,0.9,277.0,27.2,0,0.0,0.0,True
2022_13077009,2,mujer,67,76.1,146.8,35.31,118.3,0.806,modulo_2,146.0,4.0,165.0,,,,,,,,,,,,,,,,,,,,1,,,False
2022_13077011,1,hombre,65,96.45,123.5,63.24,123.5,1.0,modulo_2,135.0,4.0,5955.0,,,,,,,,,,,,,,,,,,,,0,,,False
2022_13077012,2,mujer,55,56.95,149.9,25.34,88.7,0.592,modulo_1,135.0,1.0,430.0,5.1,85.0,100.0,5.1,94.0,22.0,104.0,97.0,5.5,0.41,2.0,15.6,,,,,,,,1,0.0,0.0,True
2022_13077015,2,mujer,29,42.3,145.7,19.93,69.1,0.474,modulo_1,111.0,4.0,360.0,4.8,78.0,91.0,12.6,95.0,37.0,56.0,61.0,2.7,0.58,3.4,11.9,49.5,13.3,5.14,0.11,1.2,310.0,14.3,0,0.0,0.0,True
2022_13077025,1,hombre,16,50.3,175.2,16.39,,,modulo_1,115.0,5.0,490.0,,,,,,,,,,,,,,,,,,,,0,,,False
2022_14021001,2,mujer,49,69.8,163.4,26.14,93.4,0.572,modulo_1,110.0,4.0,330.0,,,,,,,,,,,,,,,,,,,,1,,,False
2022_14021002,2,mujer,46,55.8,155.6,23.05,77.4,0.497,modulo_1,124.0,3.0,480.0,,,,,,,,,,,,,,,,,,,,0,,,False
2022_14021003,1,hombre,51,104.6,181.2,31.86,111.2,0.614,modulo_1,138.0,3.0,870.0,,,,,,,,,,,,,,,,,,,,1,,,False
2022_14021007,2,mujer,67,85.55,143.5,41.54,117.0,0.815,modulo_2,135.0,3.0,5940.0,,,,,,,,,,,,,,,,,,,,0,,,False
2022_14021008,1,hombre,60,79.25,174.4,26.06,98.3,0.564,modulo_2,119.0,5.0,540.0,,,,,,,,,,,,,,,,,,,,0,,,False
2022_14021009,2,mujer,55,70.55,148.9,31.82,108.4,0.728,modulo_1,118.0,5.0,590.0,,,,,,,,,,,,,,,,,,,,1,,,False
2022_14021010,2,mujer,53,80.95,152.2,34.95,115.8,0.761,modulo_1,108.0,4.0,660.0,5.7,99.0,117.0,20.0,164.0,40.0,114.0,99.0,3.6,0.6,3.6,13.5,,,,,,,,1,0.0,1.0,True
2022_14021011,2,mujer,38,67.85,156.0,27.88,89.6,0.574,modulo_1,94.0,1.0,1080.0,,,,,,,,,,,,,,,,,,,,0,,,False
2022_14021012,2,mujer,65,83.0,153.3,35.32,114.5,0.747,modulo_2,134.0,4.0,660.0,5.6,93.0,114.0,5.5,167.0,59.0,92.0,98.0,3.5,0.49,4.4,12.7,,,,,,,,0,0.0,0.0,True
2022_14021017,2,mujer,28,73.75,153.2,31.42,,,modulo_1,89.0,2.0,120.0,,,,,,,,,,,,,,,,,,,,1,,,False
2022_14039007,1,hombre,57,66.6,168.2,23.54,88.4,0.526,modulo_1,108.0,3.0,810.0,,,,,,,,,,,,,,,,,,,,0,,,False
2022_14039010,1,hombre,35,112.8,180.5,34.62,113.0,0.626,modulo_1,110.0,2.0,330.0,,,,,,,,,,,,,,,,,,,,1,,,False
2022_14039014,2,mujer,23,58.25,153.2,24.82,80.0,0.522,modulo_1,125.0,4.0,615.0,,,,,,,,,,,,,,,,,,,,0,,,False
2022_14039017,2,mujer,63,65.6,153.1,27.99,87.4,0.571,modulo_2,125.0,5.0,225.0,,,,,,,,,,,,,,,,,,,,0,,,False
2022_14039020,1,hombre,56,77.4,170.1,26.75,99.6,0.586,modulo_1,100.0,2.0,384.0,5.5,75.0,111.0,3.2,154.0,66.0,65.0,57.0,5.1,0.86,3.9,18.1,,,,,,,,0,0.0,0.0,True
2022_14039021,1,hombre,51,90.2,177.1,28.76,102.0,0.576,modulo_1,126.0,3.0,484.0,,,,,,,,,,,,,,,,,,,,1,,,False
2022_14039023,2,mujer,50,108.2,159.5,42.53,124.1,0.778,modulo_1,116.0,4.0,630.0,,,,,,,,,,,,,,,,,,,,1,,,False
2022_14039030,1,hombre,54,79.6,166.5,28.71,,,modulo_1,95.0,1.0,150.0,,,,,,,,,,,,,,,,,,,,1,,,False
2022_14067001,2,mujer,49,77.15,153.5,32.74,108.0,0.704,modulo_1,125.0,2.0,540.0,,,,,,,,,,,,,,,,,,,,1,,,False
2022_14067003,1,hombre,69,64.7,154.0,27.28,,,modulo_2,124.0,1.0,150.0,,,,,,,,,,,,,,,,,,,,1,,,False
2022_14067006,2,mujer,48,68.5,162.8,25.85,,,modulo_1,140.0,4.0,705.0,,,,,,,,,,,,,,,,,,,,1,,,False
2022_14067009,1,hombre,32,90.05,176.8,28.81,97.8,0.553,modulo_1,118.0,2.0,60.0,5.3,97.0,105.0,10.1,161.0,37.0,101.0,90.0,5.8,0.69,3.9,15.7,,,,,,,,1,0.0,0.0,True
2022_14067010,2,mujer,29,74.4,153.2,31.7,95.6,0.624,modulo_1,86.0,3.0,480.0,,,,,,,,,,,,,,,,,,,,0,,,False
2022_14067016,1,hombre,31,120.7,179.9,37.29,128.5,0.714,modulo_1,111.0,1.0,1260.0,4.7,82.0,88.0,11.5,168.0,41.0,82.0,313.0,8.0,0.99,4.5,16.3,,,,,,,,1,0.0,0.0,True
2022_14067017,2,mujer,42,93.2,165.6,33.99,97.4,0.588,modulo_1,109.0,1.0,500.0,,,,,,,,,,,,,,,,,,,,1,,,False
2022_14067018,1,hombre,27,81.6,169.8,28.3,95.4,0.562,modulo_1,105.0,4.0,680.0,,,,,,,,,,,,,,,,,,,,1,,,False
2022_14067020,2,mujer,63,59.35,153.2,25.29,90.3,0.589,modulo_2,115.0,4.0,210.0,7.3,161.0,163.0,11.1,205.0,67.0,82.0,172.0,4.5,0.62,4.3,13.5,,,,,,,,0,1.0,1.0,True
2022_14067023,2,mujer,45,53.85,145.0,25.61,82.0,0.566,modulo_1,100.0,4.0,920.0,5.1,75.0,100.0,7.2,179.0,46.0,100.0,119.0,4.0,0.69,3.7,13.3,18.4,12.1,9.42,0.27,1.1,332.0,24.0,0,0.0,0.0,True
2022_14067024,2,mujer,29,84.4,166.8,30.34,99.1,0.594,modulo_1,141.0,3.0,390.0,,,,,,,,,,,,,,,,,,,,1,,,False
2022_14067025,1,hombre,48,94.75,175.0,30.94,112.3,0.642,modulo_1,128.0,4.0,630.0,,,,,,,,,,,,,,,,,,,,1,,,False
2022_14067027,2,mujer,25,55.95,156.8,22.76,80.8,0.515,modulo_1,119.0,4.0,480.0,,,,,,,,,,,,,,,,,,,,0,,,False
2022_14067029,1,hombre,61,69.4,159.5,27.28,98.0,0.614,modulo_2,134.0,2.0,510.0,,,,,,,,,,,,,,,,,,,,0,,,False
2022_14067031,2,mujer,57,64.4,145.8,30.29,99.8,0.684,modulo_1,133.0,1.0,510.0,,,,,,,,,,,,,,,,,,,,1,,,False
2022_14067036,1,hombre,61,78.9,172.1,26.64,98.3,0.571,modulo_2,151.0,4.0,540.0,7.5,67.0,169.0,13.2,199.0,49.0,118.0,90.0,6.2,0.74,3.9,13.4,,,,,,,,0,1.0,1.0,True
2022_14093005,2,mujer,62,52.95,157.2,21.43,83.3,0.53,modulo_2,104.0,4.0,90.0,,,,,,,,,,,,,,,,,,,,1,,,False
2022_14093009,2,mujer,60,70.7,157.2,28.61,109.1,0.694,modulo_2,154.0,3.0,420.0,,,,,,,,,,,,,,,,,,,,0,,,False
2022_14093024,2,mujer,37,71.2,161.8,27.2,97.6,0.603,modulo_1,116.0,3.0,180.0,5.5,104.0,111.0,9.1,116.0,28.0,84.0,79.0,3.8,0.62,2.7,15.2,53.2,10.9,9.33,0.1,1.1,102.0,24.8,1,0.0,0.0,True
2022_14093027,2,mujer,54,51.55,147.1,23.82,93.4,0.635,modulo_1,133.0,2.0,120.0,,,,,,,,,,,,,,,,,,,,1,,,False
2022_14097001,2,mujer,29,72.9,151.4,31.8,88.9,0.587,modulo_1,115.0,4.0,240.0,,,,,,,,,,,,,,,,,,,,1,,,False
2022_14097002,1,hombre,52,83.75,167.0,30.03,102.0,0.611,modulo_1,126.0,4.0,600.0,,,,,,,,,,,,,,,,,,,,1,,,False
2022_14097003,1,hombre,47,91.1,167.8,32.35,103.7,0.618,modulo_1,104.0,4.0,780.0,,,,,,,,,,,,,,,,,,,,1,,,False
2022_14097005,2,mujer,54,51.9,156.0,21.33,71.9,0.461,modulo_1,134.0,5.0,410.0,,,,,,,,,,,,,,,,,,,,0,,,False
2022_14097007,2,mujer,27,75.45,157.0,30.61,,,modulo_1,88.0,3.0,250.0,5.3,83.0,105.0,7.4,84.0,43.0,39.0,37.0,4.2,0.72,3.5,13.8,6.9,9.5,7.6,0.36,1.4,235.0,23.9,0,0.0,0.0,True
2022_14097009,1,hombre,46,66.7,154.4,27.98,99.1,0.642,modulo_1,99.0,3.0,240.0,,,,,,,,,,,,,,,,,,,,0,,,False
2022_14097010,1,hombre,40,81.9,183.8,24.24,100.1,0.545,modulo_1,108.0,4.0,600.0,5.5,100.0,111.0,13.6,195.0,38.0,111.0,251.0,5.1,0.82,4.4,17.0,,,,,,,,0,0.0,0.0,True
2022_14097011,1,hombre,43,79.8,180.0,24.63,,,modulo_1,115.0,4.0,440.0,,,,,,,,,,,,,,,,,,,,0,,,False
2022_14097012,1,hombre,40,98.05,174.7,32.13,101.5,0.581,modulo_1,127.0,4.0,120.0,,,,,,,,,,,,,,,,,,,,1,,,False
2022_14097014,1,hombre,52,110.25,164.0,40.99,123.9,0.755,modulo_1,142.0,2.0,195.0,5.6,106.0,114.0,17.3,153.0,43.0,94.0,150.0,5.7,0.84,4.0,15.5,,,,,,,,1,0.0,0.0,True
2022_14097015,1,hombre,53,102.45,167.2,36.65,115.4,0.69,modulo_1,131.0,3.0,200.0,,,,,,,,,,,,,,,,,,,,1,,,False
2022_14097017,2,mujer,41,82.4,161.2,31.71,107.3,0.666,modulo_1,113.0,3.0,180.0,,,,,,,,,,,,,,,,,,,,1,,,False
2022_14097020,1,hombre,45,70.8,163.0,26.65,95.4,0.585,modulo_1,100.0,4.0,360.0,,,,,,,,,,,,,,,,,,,,0,,,False
2022_14097022,2,mujer,42,94.45,162.5,35.77,115.8,0.713,modulo_1,98.0,2.0,375.0,,,,,,,,,,,,,,,,,,,,0,,,False
2022_14097024,2,mujer,46,68.9,151.9,29.86,100.2,0.66,modulo_1,144.0,3.0,240.0,5.4,82.0,108.0,13.1,152.0,62.0,70.0,112.0,4.8,0.94,3.5,13.5,20.5,12.4,9.1,2.23,1.6,613.0,35.3,1,0.0,0.0,True
2022_14097025,2,mujer,36,76.1,157.0,30.87,112.8,0.718,modulo_1,98.0,3.0,350.0,,,,,,,,,,,,,,,,,,,,0,,,False
2022_14097027,1,hombre,50,84.8,170.7,29.1,102.3,0.599,modulo_1,97.0,2.0,210.0,,,,,,,,,,,,,,,,,,,,0,,,False
2022_14097029,2,mujer,34,56.2,160.5,21.82,,,modulo_1,115.0,4.0,6380.0,,,,,,,,,,,,,,,,,,,,0,,,False
2022_14098002,1,hombre,54,82.4,170.0,28.51,89.9,0.529,modulo_1,128.0,3.0,810.0,,,,,,,,,,,,,,,,,,,,1,,,False
2022_14098004,2,mujer,56,67.45,152.1,29.16,99.6,0.655,modulo_1,127.0,2.0,380.0,,,,,,,,,,,,,,,,,,,,1,,,False
2022_14098007,2,mujer,56,84.25,156.2,34.53,108.4,0.694,modulo_1,81.0,4.0,720.0,5.6,102.0,114.0,11.7,179.0,42.0,104.0,203.0,6.2,0.61,3.9,15.2,,,,,,,,0,0.0,0.0,True
2022_14098008,2,mujer,28,58.5,157.0,23.73,72.0,0.459,modulo_1,100.0,4.0,370.0,,,,,,,,,,,,,,,,,,,,0,,,False
2022_14098009,2,mujer,34,64.2,152.3,27.68,96.5,0.634,modulo_1,128.0,3.0,495.0,,,,,,,,,,,,,,,,,,,,1,,,False
2022_14098010,2,mujer,57,46.45,147.5,21.35,68.0,0.461,modulo_1,110.0,4.0,435.0,,,,,,,,,,,,,,,,,,,,0,,,False
2022_14098013,2,mujer,61,72.45,155.0,30.16,97.3,0.628,modulo_2,136.0,4.0,490.0,13.2,405.0,332.0,5.3,193.0,50.0,107.0,160.0,4.2,0.67,3.7,12.6,,,,,,,,0,1.0,1.0,True
2022_14098016,2,mujer,56,65.5,159.8,25.65,,,modulo_1,80.0,4.0,630.0,,,,,,,,,,,,,,,,,,,,0,,,False
2022_14098017,2,mujer,52,60.55,149.5,27.09,88.4,0.591,modulo_1,99.0,5.0,480.0,,,,,,,,,,,,,,,,,,,,0,,,False
2022_14098020,2,mujer,47,71.0,150.0,31.56,95.4,0.636,modulo_1,158.0,4.0,240.0,,,,,,,,,,,,14.6,136.1,10.6,6.19,0.21,1.0,540.0,22.0,1,,,False
2022_14098021,2,mujer,55,63.4,146.8,29.42,92.6,0.631,modulo_1,191.0,2.0,300.0,,,,,,,,,,,,,,,,,,,,1,,,False
2022_14098023,1,hombre,70,61.75,149.9,27.48,89.2,0.595,modulo_1,106.0,5.0,130.0,,,,,,,,,,,,,,,,,,,,1,,,False
2022_14098026,2,mujer,21,56.15,158.9,22.24,82.4,0.519,modulo_1,93.0,1.0,780.0,,,,,,,,,,,,,,,,,,,,0,,,False
2022_14098028,2,mujer,40,76.85,161.2,29.57,95.4,0.592,modulo_1,132.0,4.0,120.0,,,,,,,,,,,,,,,,,,,,1,,,False
2022_15012001,2,mujer,54,70.0,155.2,29.06,94.7,0.61,modulo_1,120.0,4.0,458.0,6.9,98.0,151.0,8.1,160.0,48.0,96.0,133.0,5.0,0.73,4.0,14.3,,,,,,,,1,1.0,1.0,True
2022_15012002,1,hombre,54,80.2,167.9,28.45,100.6,0.599,modulo_1,121.0,3.0,480.0,,,,,,,,,,,,,,,,,,,,1,,,False
2022_15012005,1,hombre,38,73.9,162.5,27.99,96.2,0.592,modulo_1,136.0,4.0,100.0,,,,,,,,,,,,,,,,,,,,1,,,False
2022_15012006,2,mujer,59,63.8,140.1,32.5,104.2,0.744,modulo_1,123.0,1.0,50.0,,,,,,,,,,,,,,,,,,,,1,,,False
2022_15012007,1,hombre,59,58.2,153.0,24.86,89.2,0.583,modulo_1,123.0,5.0,300.0,5.6,128.0,114.0,31.2,127.0,46.0,71.0,66.0,5.8,0.8,3.9,17.3,,,,,,,,0,0.0,0.0,True
2022_15012009,2,mujer,20,71.2,148.2,32.42,95.4,0.644,modulo_1,118.0,2.0,765.0,,,,,,,,,,,,,,,,,,,,1,,,False
2022_15012011,2,mujer,53,83.65,154.4,35.09,112.9,0.731,modulo_1,135.0,2.0,865.0,,,,,,,,,,,,,,,,,,,,1,,,False
2022_15012014,2,mujer,55,92.5,156.9,37.57,111.1,0.708,modulo_1,145.0,4.0,280.0,,,,,,,,,,,,,,,,,,,,1,,,False
2022_15012015,2,mujer,17,53.1,157.6,21.38,,,modulo_1,115.0,4.0,720.0,,,,,,,,,,,,,,,,,,,,0,,,False
2022_15012019,2,mujer,56,71.25,149.4,31.92,111.2,0.744,modulo_1,154.0,4.0,90.0,,,,,,,,,,,,,,,,,,,,1,,,False
2022_15012022,1,hombre,41,105.45,171.6,35.81,116.8,0.681,modulo_1,134.0,4.0,500.0,,,,,,,,,,,,,,,,,,,,1,,,False
2022_15012023,2,mujer,22,48.05,154.6,20.1,,,modulo_1,104.0,5.0,260.0,5.3,71.0,105.0,1.6,164.0,56.0,95.0,80.0,4.6,0.62,4.7,15.8,30.8,13.3,5.58,0.12,1.1,1504.0,13.7,0,0.0,0.0,True
2022_15012024,1,hombre,60,65.0,158.7,25.81,94.7,0.597,modulo_2,136.0,3.0,790.0,,,,,,,,,,,,,,,,,,,,0,,,False
2022_15012025,1,hombre,63,84.9,158.6,33.75,111.9,0.706,modulo_2,141.0,4.0,960.0,,,,,,,,,,,,,,,,,,,,0,,,False
2022_15012026,2,mujer,58,69.15,145.2,32.8,97.6,0.672,modulo_1,115.0,2.0,540.0,8.1,178.0,186.0,10.4,214.0,39.0,142.0,382.0,5.7,0.65,3.9,16.5,,,,,,,,1,1.0,1.0,True
2022_15012028,2,mujer,51,56.4,143.2,27.5,93.6,0.654,modulo_1,131.0,1.0,230.0,12.2,326.0,303.0,4.1,292.0,54.0,130.0,767.0,3.6,0.64,4.3,14.3,,,,,,,,1,1.0,1.0,True
2022_15012033,2,mujer,52,76.6,150.3,33.91,109.7,0.73,modulo_1,179.0,5.0,440.0,5.5,92.0,111.0,12.2,137.0,34.0,85.0,216.0,5.5,0.69,3.8,15.2,,,,,,,,1,0.0,0.0,True
2022_15012034,1,hombre,43,122.05,166.5,44.03,129.5,0.778,modulo_1,137.0,2.0,330.0,,,,,,,,,,,,,,,,,,,,1,,,False
2022_15013002,1,hombre,41,88.85,166.2,32.17,105.4,0.634,modulo_1,115.0,3.0,335.0,,,,,,,,,,,,,,,,,,,,1,,,False
2022_15013008,2,mujer,41,66.15,152.4,28.48,96.2,0.631,modulo_1,90.0,2.0,620.0,,,,,,,,,,,,,,,,,,,,0,,,False
2022_15013010,1,hombre,54,85.55,167.0,30.68,110.5,0.662,modulo_1,101.0,4.0,825.0,,,,,,,,,,,,,,,,,,,,1,,,False
2022_15013011,1,hombre,55,83.6,166.1,30.3,99.4,0.598,modulo_1,130.0,4.0,420.0,,,,,,,,,,,,,,,,,,,,1,,,False
2022_15013012,2,mujer,33,44.25,138.5,23.07,78.1,0.564,modulo_1,105.0,3.0,540.0,,,,,,,,,,,,13.4,17.5,12.6,7.3,0.37,0.8,194.0,27.2,0,,,False
2022_15013019,2,mujer,50,49.25,149.8,21.95,81.3,0.543,modulo_1,140.0,4.0,400.0,,,,,,,,,,,,,,,,,,,,0,,,False
2022_15013024,2,mujer,55,54.35,151.6,23.65,85.1,0.561,modulo_1,116.0,2.0,750.0,,,,,,,,,,,,,,,,,,,,0,,,False
2022_15013026,2,mujer,62,58.6,150.5,25.87,,,modulo_2,109.0,1.0,300.0,,,,,,,,,,,,,,,,,,,,0,,,False
2022_15013027,2,mujer,40,74.35,153.9,31.39,92.7,0.602,modulo_1,142.0,4.0,480.0,5.3,88.0,105.0,6.8,158.0,40.0,117.0,93.0,5.5,0.77,3.3,14.9,99.7,22.2,4.78,0.11,1.1,179.0,29.2,1,0.0,0.0,True
2022_15013032,2,mujer,37,52.25,152.4,22.5,76.2,0.5,modulo_1,102.0,2.0,630.0,5.1,78.0,100.0,4.4,147.0,64.0,84.0,59.0,5.0,0.79,3.3,15.5,7.9,12.2,9.76,0.02,1.6,148.0,23.9,1,0.0,0.0,True
2022_15013033,2,mujer,58,65.55,160.9,25.32,91.9,0.571,modulo_1,141.0,4.0,450.0,5.3,78.0,105.0,4.0,171.0,47.0,90.0,156.0,4.0,0.7,3.4,15.3,,,,,,,,1,0.0,0.0,True
2022_15025004,2,mujer,20,84.7,165.9,30.77,101.0,0.609,modulo_1,112.0,5.0,250.0,,,,,,,,,,,,,,,,,,,,1,,,False
2022_15025005,1,hombre,52,76.8,163.5,28.73,91.5,0.56,modulo_1,116.0,2.0,145.0,,,,,,,,,,,,,,,,,,,,1,,,False
2022_15025006,1,hombre,36,61.95,172.6,20.8,85.0,0.492,modulo_1,104.0,4.0,135.0,,,,,,,,,,,,,,,,,,,,1,,,False
2022_15025008,2,mujer,48,70.5,152.0,30.51,96.2,0.633,modulo_1,89.0,1.0,1005.0,,,,,,,,,,,,16.7,45.7,21.9,9.48,0.08,1.1,149.0,14.8,0,,,False
2022_15025010,2,mujer,45,75.3,157.0,30.55,93.1,0.593,modulo_1,134.0,3.0,585.0,5.7,124.0,117.0,23.4,139.0,34.0,83.0,201.0,5.5,0.61,3.5,14.8,19.1,21.0,6.0,0.68,1.1,332.0,18.3,1,0.0,1.0,True
2022_15025012,1,hombre,67,85.37,165.3,31.24,106.7,0.645,modulo_2,140.0,5.0,220.0,,,,,,,,,,,,16.9,,,,,,,,0,,,False
2022_15025013,2,mujer,42,62.9,146.8,29.19,88.0,0.599,modulo_1,137.0,4.0,260.0,,,,,,,,,,,,,,,,,,,,1,,,False
2022_15025014,2,mujer,48,70.05,147.8,32.07,100.5,0.68,modulo_1,120.0,1.0,480.0,,,,,,,,,,,,15.3,249.9,18.2,7.47,0.84,1.2,213.0,28.8,1,,,False
2022_15025015,2,mujer,55,56.0,150.4,24.76,87.0,0.578,modulo_1,115.0,4.0,350.0,,,,,,,,,,,,,,,,,,,,0,,,False
2022_15025020,1,hombre,23,81.3,174.8,26.61,80.1,0.458,modulo_1,136.0,4.0,510.0,,,,,,,,,,,,,,,,,,,,1,,,False
2022_15025024,2,mujer,20,41.8,154.2,17.58,63.0,0.409,modulo_1,115.0,4.0,430.0,,,,,,,,,,,,,,,,,,,,0,,,False
2022_15025025,2,mujer,26,51.1,155.3,21.19,70.3,0.453,modulo_1,96.0,3.0,560.0,,,,,,,,,,,,,,,,,,,,0,,,False
2022_15025028,1,hombre,59,88.55,165.5,32.33,112.7,0.681,modulo_1,144.0,1.0,1275.0,6.1,101.0,128.0,13.8,170.0,46.0,120.0,174.0,6.5,0.63,4.2,15.9,,,,,,,,1,0.0,1.0,True
2022_15031005,2,mujer,67,44.15,155.5,18.26,68.5,0.441,modulo_2,120.0,1.0,420.0,,,,,,,,,,,,,,,,,,,,0,,,False
2022_15031013,2,mujer,74,70.55,142.4,34.79,104.8,0.736,modulo_2,116.0,2.0,300.0,,,,,,,,,,,,,,,,,,,,0,,,False
2022_15031014,2,mujer,31,67.6,157.5,27.25,84.0,0.533,modulo_1,113.0,2.0,1100.0,,,,,,,,,,,,13.3,13.0,13.6,6.97,0.58,1.1,240.0,12.8,1,,,False
2022_15031015,2,mujer,34,58.4,151.1,25.58,,,modulo_1,106.0,4.0,600.0,5.2,98.0,103.0,156.4,213.0,58.0,117.0,318.0,3.4,0.46,3.0,12.9,5.2,23.4,3.93,0.82,0.9,167.0,40.9,1,0.0,0.0,True
2022_15031016,1,hombre,72,68.65,166.0,24.91,96.3,0.58,modulo_2,141.0,4.0,180.0,,,,,,,,,,,,,,,,,,,,0,,,False
2022_15031025,1,hombre,75,81.35,160.3,31.66,109.6,0.684,modulo_2,163.0,2.0,220.0,,,,,,,,,,,,,,,,,,,,0,,,False
2022_15031026,1,hombre,15,87.4,172.8,29.27,,,modulo_1,115.0,4.0,330.0,,,,,,,,,,,,,,,,,,,,1,,,False
2022_15031027,1,hombre,51,76.75,158.4,30.59,99.1,0.626,modulo_1,142.0,4.0,792.0,5.7,117.0,117.0,34.4,152.0,43.0,110.0,114.0,6.8,0.85,3.6,17.2,,,,,,,,1,0.0,1.0,True
2022_15031031,2,mujer,59,57.45,138.5,29.95,94.2,0.68,modulo_1,133.0,2.0,140.0,10.2,242.0,246.0,8.5,162.0,43.0,101.0,96.0,3.3,0.58,4.1,15.8,,,,,,,,1,1.0,1.0,True
2022_15031034,1,hombre,36,113.55,172.4,38.2,123.4,0.716,modulo_1,140.0,4.0,375.0,,,,,,,,,,,,,,,,,,,,1,,,False
2022_15033002,2,mujer,67,74.25,144.1,35.76,110.8,0.769,modulo_2,130.0,1.0,360.0,,,,,,,,,,,,,,,,,,,,0,,,False
2022_15033003,2,mujer,72,61.1,164.5,22.58,80.1,0.487,modulo_1,126.0,4.0,325.0,,,,,,,,,,,,,,,,,,,,0,,,False
2022_15033006,2,mujer,48,62.5,164.4,23.12,84.2,0.512,modulo_1,109.0,2.0,690.0,,,,,,,,,,,,9.9,2.0,17.0,9.4,0.07,3.4,229.0,13.4,0,,,False
2022_15033007,1,hombre,47,72.25,170.2,24.94,89.8,0.528,modulo_1,122.0,4.0,510.0,,,,,,,,,,,,,,,,,,,,1,,,False
2022_15033008,2,mujer,65,73.25,144.5,35.08,98.5,0.682,modulo_2,153.0,2.0,420.0,,,,,,,,,,,,,,,,,,,,0,,,False
2022_15033009,2,mujer,52,74.05,147.0,34.27,102.1,0.695,modulo_1,136.0,3.0,420.0,,,,,,,,,,,,,,,,,,,,1,,,False
2022_15033014,2,mujer,64,53.2,148.1,24.26,81.2,0.548,modulo_2,118.0,3.0,260.0,,,,,,,,,,,,,,,,,,,,0,,,False
2022_15033015,2,mujer,30,76.35,157.2,30.9,93.8,0.597,modulo_1,95.0,4.0,240.0,6.5,71.0,140.0,10.6,146.0,34.0,90.0,207.0,4.4,0.72,4.3,13.8,24.9,17.8,6.8,0.22,1.1,197.0,26.2,0,1.0,1.0,True
2022_15033020,1,hombre,35,69.6,164.0,25.88,90.5,0.552,modulo_1,112.0,4.0,480.0,,,,,,,,,,,,,,,,,,,,1,,,False
2022_15033028,1,hombre,30,67.05,166.0,24.33,89.5,0.539,modulo_1,115.0,4.0,345.0,5.4,68.0,108.0,7.6,116.0,25.0,75.0,114.0,6.9,0.74,3.1,15.8,,,,,,,,0,0.0,0.0,True
2022_15033029,2,mujer,58,66.4,148.0,30.31,96.5,0.652,modulo_1,123.0,2.0,660.0,5.2,88.0,103.0,6.8,182.0,37.0,101.0,260.0,4.7,0.7,3.2,14.8,,,,,,,,1,0.0,0.0,True
2022_15033031,2,mujer,65,81.45,145.1,38.69,117.4,0.809,modulo_2,115.0,4.0,445.0,5.3,,105.0,,,,,,,,,15.3,,,,,,,,0,0.0,0.0,True
2022_15033033,1,hombre,49,90.6,164.6,33.44,117.7,0.715,modulo_1,131.0,2.0,240.0,5.6,90.0,114.0,9.8,173.0,43.0,108.0,133.0,6.6,1.0,3.7,16.4,,,,,,,,1,0.0,0.0,True
2022_15033034,2,mujer,65,77.05,148.5,34.94,119.6,0.805,modulo_2,154.0,1.0,300.0,7.1,64.0,157.0,19.4,120.0,36.0,81.0,61.0,3.3,0.74,2.8,11.9,,,,,,,,0,1.0,1.0,True
2022_15033037,1,hombre,61,74.25,165.8,27.01,100.3,0.605,modulo_2,139.0,3.0,270.0,,,,,,,,,,,,,,,,,,,,0,,,False
2022_15033040,2,mujer,47,74.1,149.2,33.29,97.7,0.655,modulo_1,137.0,3.0,325.0,5.8,108.0,120.0,7.7,214.0,43.0,162.0,145.0,5.3,0.77,3.7,14.1,23.7,15.6,7.34,0.59,1.2,235.0,15.4,1,0.0,1.0,True
2022_15033047,2,mujer,63,58.25,154.0,24.56,90.2,0.586,modulo_2,146.0,1.0,685.0,,,,,,,,,,,,,,,,,,,,0,,,False
2022_15033050,1,hombre,43,83.6,173.0,27.93,101.5,0.587,modulo_1,135.0,4.0,150.0,,,,,,,,,,,,,,,,,,,,1,,,False
2022_15033054,2,mujer,38,58.6,149.3,26.29,82.8,0.555,modulo_1,101.0,4.0,120.0,5.6,87.0,114.0,9.4,127.0,30.0,82.0,120.0,3.7,0.65,3.9,8.9,1.7,23.4,50.0,0.41,5.0,71.0,22.4,1,0.0,0.0,True
2022_15033057,2,mujer,42,78.1,163.7,29.14,98.9,0.604,modulo_1,117.0,3.0,380.0,4.9,83.0,94.0,31.2,108.0,28.0,67.0,190.0,7.7,0.63,3.8,15.8,75.4,16.5,9.56,3.78,1.5,202.0,23.0,1,0.0,0.0,True
2022_15033059,2,mujer,65,54.15,159.3,21.34,,,modulo_2,152.0,1.0,360.0,,,,,,,,,,,,,,,,,,,,0,,,False
2022_15033060,1,hombre,18,78.25,168.8,27.46,,,modulo_1,115.0,4.0,720.0,,,,,,,,,,,,,,,,,,,,1,,,False
2022_15033061,2,mujer,58,55.2,152.8,23.64,84.3,0.552,modulo_1,104.0,2.0,330.0,,,,,,,,,,,,,,,,,,,,0,,,False
2022_15033062,1,hombre,46,78.4,166.8,28.18,89.8,0.538,modulo_1,125.0,3.0,660.0,,,,,,,,,,,,,,,,,,,,1,,,False
2022_15033065,2,mujer,69,56.25,155.1,23.38,87.0,0.561,modulo_2,127.0,4.0,840.0,,,,,,,,,,,,,,,,,,,,0,,,False
2022_15033066,1,hombre,38,70.7,164.9,26.0,,,modulo_1,115.0,2.0,795.0,,,,,,,,,,,,,,,,,,,,1,,,False
2022_15033067,2,mujer,53,78.55,143.9,37.93,110.0,0.764,modulo_1,135.0,3.0,480.0,,,,,,,,,,,,,,,,,,,,1,,,False
2022_15033081,2,mujer,67,84.2,156.9,34.2,101.1,0.644,modulo_2,100.0,3.0,210.0,,,,,,,,,,,,,,,,,,,,0,,,False
2022_15033086,2,mujer,31,71.9,155.3,29.81,97.9,0.63,modulo_1,101.0,4.0,380.0,,,,,,,,,,,,,,,,,,,,1,,,False
2022_15033089,1,hombre,47,69.8,165.5,25.48,96.5,0.583,modulo_1,129.0,2.0,270.0,5.2,83.0,103.0,6.7,202.0,59.0,120.0,107.0,6.8,0.93,4.5,15.2,,,,,,,,1,0.0,0.0,True
2022_15033090,2,mujer,34,84.95,155.7,35.04,102.0,0.655,modulo_1,101.0,4.0,620.0,5.3,84.0,105.0,13.6,130.0,42.0,67.0,160.0,5.5,0.57,4.2,15.7,,,,,,,,1,0.0,0.0,True
2022_15033091,1,hombre,65,106.15,175.4,34.5,118.9,0.678,modulo_2,150.0,4.0,330.0,,,,,,,,,,,,,,,,,,,,0,,,False
2022_15033092,2,mujer,68,54.0,142.4,26.63,95.3,0.669,modulo_2,125.0,5.0,360.0,10.6,150.0,258.0,16.8,146.0,41.0,66.0,214.0,4.4,0.82,3.9,14.7,,,,,,,,0,1.0,1.0,True
2022_15033097,2,mujer,47,71.6,155.4,29.65,92.7,0.597,modulo_1,92.0,4.0,5490.0,,,,,,,,,,,,,,,,,,,,0,,,False
2022_15033098,1,hombre,67,53.4,154.1,22.49,82.2,0.533,modulo_2,109.0,4.0,340.0,,,,,,,,,,,,,,,,,,,,0,,,False
2022_15033100,2,mujer,68,97.95,147.5,45.02,129.1,0.875,modulo_2,125.0,5.0,270.0,,,,,,,,,,,,,,,,,,,,0,,,False
2022_15033101,2,mujer,62,59.9,149.5,26.8,89.7,0.6,modulo_2,122.0,5.0,205.0,,,,,,,,,,,,,,,,,,,,0,,,False
2022_15033106,1,hombre,68,63.75,166.3,23.05,90.5,0.544,modulo_2,123.0,2.0,270.0,9.5,170.0,226.0,12.6,156.0,35.0,91.0,168.0,4.8,0.89,4.1,15.0,,,,,,,,0,1.0,1.0,True
2022_15033115,2,mujer,48,81.8,151.2,35.78,107.7,0.712,modulo_1,127.0,2.0,200.0,,,,,,,,,,,,,,,,,,,,1,,,False
2022_15037004,1,hombre,57,78.05,172.0,26.38,101.0,0.587,modulo_1,124.0,5.0,180.0,,,,,,,,,,,,,,,,,,,,1,,,False
2022_15037007,2,mujer,43,64.7,154.0,27.28,,,modulo_2,164.0,5.0,40.0,,,,,,,,,,,,,,,,,,,,1,,,False
2022_15037011,2,mujer,55,59.25,154.0,24.98,83.4,0.542,modulo_1,131.0,3.0,840.0,,,,,,,,,,,,,,,,,,,,1,,,False
2022_15037014,1,hombre,17,87.45,179.7,27.08,,,modulo_1,115.0,2.0,630.0,,,,,,,,,,,,,,,,,,,,1,,,False
2022_15037018,1,hombre,57,84.75,159.2,33.44,111.1,0.698,modulo_1,148.0,3.0,720.0,,,,,,,,,,,,,,,,,,,,1,,,False
2022_15037020,2,mujer,47,46.38,139.1,23.97,84.0,0.604,modulo_1,92.0,4.0,420.0,6.0,68.0,126.0,8.4,151.0,42.0,93.0,160.0,3.5,0.66,3.1,14.5,40.7,17.5,11.5,0.14,1.1,154.0,22.5,0,0.0,1.0,True
2022_15037021,1,hombre,63,78.9,157.3,31.89,102.7,0.653,modulo_2,186.0,2.0,610.0,,,,,,,,,,,,,,,,,,,,0,,,False
2022_15037028,2,mujer,50,61.2,155.5,25.31,86.0,0.553,modulo_1,146.0,1.0,315.0,,,,,,,,,,,,,,,,,,,,1,,,False
2022_15037034,2,mujer,52,64.65,146.5,30.12,97.7,0.667,modulo_1,126.0,2.0,360.0,,,,,,,,,,,,,,,,,,,,1,,,False
2022_15037038,2,mujer,46,61.8,151.6,26.89,89.0,0.587,modulo_1,118.0,3.0,400.0,,,,,,,,,,,,,,,,,,,,1,,,False
2022_15037041,1,hombre,55,75.05,165.1,27.53,90.9,0.551,modulo_1,115.0,4.0,300.0,9.5,169.0,226.0,4.5,227.0,34.0,141.0,193.0,5.0,0.98,4.2,18.2,,,,,,,,1,1.0,1.0,True
2022_15037048,1,hombre,57,78.15,172.8,26.17,96.7,0.56,modulo_1,128.0,4.0,495.0,,,,,,,,,,,,,,,,,,,,1,,,False
2022_15039002,2,mujer,59,68.65,152.5,29.52,99.6,0.653,modulo_1,161.0,4.0,420.0,11.0,208.0,269.0,12.3,203.0,55.0,122.0,161.0,6.8,0.68,4.2,14.9,,,,,,,,1,1.0,1.0,True
2022_15039007,2,mujer,56,67.85,148.0,30.98,96.1,0.649,modulo_1,,3.0,60.0,,,,,,,,,,,,,,,,,,,,1,,,False
2022_15039008,2,mujer,50,75.1,153.1,32.04,106.4,0.695,modulo_1,142.0,2.0,290.0,,,,,,,,,,,,,,,,,,,,1,,,False
2022_15039011,1,hombre,58,48.1,143.2,23.46,79.5,0.555,modulo_1,185.0,5.0,585.0,,,,,,,,,,,,,,,,,,,,0,,,False
2022_15039016,2,mujer,56,74.0,165.9,26.89,105.0,0.633,modulo_1,143.0,3.0,50.0,10.0,232.0,240.0,8.2,209.0,53.0,124.0,217.0,3.9,0.67,4.1,8.6,,,,,,,,1,1.0,1.0,True
2022_15039028,2,mujer,53,58.2,159.8,22.79,85.6,0.536,modulo_1,126.0,4.0,435.0,,,,,,,,,,,,,,,,,,,,0,,,False
2022_15039029,1,hombre,39,68.05,161.5,26.09,92.8,0.575,modulo_1,107.0,3.0,435.0,5.3,90.0,105.0,7.4,268.0,47.0,173.0,271.0,6.9,0.99,4.6,16.1,,,,,,,,1,0.0,0.0,True
2022_15039030,2,mujer,60,64.85,142.8,31.8,100.8,0.706,modulo_2,159.0,2.0,200.0,6.2,90.0,131.0,5.3,170.0,66.0,81.0,81.0,3.8,0.53,3.9,13.6,,,,,,,,0,0.0,1.0,True
2022_15039031,2,mujer,64,74.05,155.6,30.58,112.0,0.72,modulo_2,136.0,4.0,270.0,,,,,,,,,,,,,,,,,,,,0,,,False
2022_15039032,2,mujer,55,41.05,148.5,18.61,68.8,0.463,modulo_1,104.0,3.0,180.0,,,,,,,,,,,,,,,,,,,,0,,,False
2022_15039040,2,mujer,58,78.25,155.8,32.24,103.1,0.662,modulo_1,127.0,4.0,690.0,5.8,92.0,120.0,24.9,172.0,37.0,117.0,118.0,4.8,0.54,4.1,15.2,,,,,,,,1,0.0,1.0,True
2022_15039045,2,mujer,60,68.7,150.4,30.37,109.1,0.725,modulo_2,140.0,5.0,300.0,,,,,,,,,,,,,,,,,,,,0,,,False
2022_15039049,2,mujer,81,47.7,146.0,22.38,88.3,0.605,modulo_2,157.0,4.0,690.0,,,,,,,,,,,,,,,,,,,,0,,,False
2022_15039050,2,mujer,50,70.7,145.7,33.3,99.9,0.686,modulo_1,128.0,5.0,260.0,5.9,97.0,123.0,14.2,207.0,44.0,88.0,373.0,4.6,0.58,4.1,14.7,,,,,,,,1,0.0,1.0,True
2022_15039054,2,mujer,60,72.25,146.6,33.62,106.1,0.724,modulo_2,126.0,2.0,120.0,6.3,89.0,134.0,8.9,214.0,56.0,135.0,108.0,6.1,0.54,4.1,14.9,,,,,,,,1,0.0,1.0,True
2022_15039057,1,hombre,49,67.85,171.7,23.01,83.7,0.487,modulo_1,99.0,3.0,660.0,5.4,75.0,108.0,3.1,191.0,61.0,92.0,162.0,5.1,0.84,4.7,16.5,,,,,,,,0,0.0,0.0,True
2022_15054002,2,mujer,56,63.65,153.1,27.15,97.1,0.634,modulo_1,119.0,3.0,315.0,,,,,,,,,,,,,,,,,,,,1,,,False
2022_15054009,1,hombre,45,60.1,158.9,23.8,84.3,0.531,modulo_1,96.0,2.0,600.0,,,,,,,,,,,,,,,,,,,,0,,,False
2022_15054010,1,hombre,37,52.5,148.2,23.9,,,modulo_1,115.0,2.0,420.0,,,,,,,,,,,,,,,,,,,,0,,,False
2022_15054014,1,hombre,48,69.8,164.4,25.83,94.9,0.577,modulo_1,139.0,4.0,120.0,,,,,,,,,,,,,,,,,,,,1,,,False
2022_15054015,2,mujer,36,52.1,144.2,25.06,83.9,0.582,modulo_1,103.0,3.0,380.0,5.1,85.0,100.0,7.9,117.0,45.0,70.0,109.0,4.2,0.69,3.8,13.7,13.8,15.4,6.61,0.07,1.2,151.0,10.3,0,0.0,0.0,True
2022_15054016,2,mujer,53,97.35,148.3,44.26,123.4,0.832,modulo_1,132.0,4.0,45.0,,,,,,,,,,,,,,,,,,,,1,,,False
2022_15054018,2,mujer,40,68.75,143.6,33.34,106.7,0.743,modulo_1,133.0,2.0,640.0,,,,,,,,,,,,13.8,,,,,,,,1,,,False
2022_15054021,2,mujer,62,66.55,154.0,28.06,102.7,0.667,modulo_2,153.0,3.0,260.0,,,,,,,,,,,,,,,,,,,,0,,,False
2022_15054022,2,mujer,20,41.4,139.2,21.37,74.1,0.532,modulo_1,108.0,5.0,572.0,,,,,,,,,,,,,,,,,,,,0,,,False
2022_15054027,1,hombre,55,107.3,174.7,35.16,122.8,0.703,modulo_1,121.0,2.0,450.0,5.5,93.0,111.0,15.5,173.0,31.0,91.0,277.0,8.0,0.97,3.7,17.0,,,,,,,,1,0.0,0.0,True
2022_15054031,2,mujer,48,73.6,168.1,26.05,98.9,0.588,modulo_1,99.0,1.0,480.0,,,,,,,,,,,,,,,,,,,,0,,,False
2022_15054034,2,mujer,50,64.3,165.0,23.62,,,modulo_1,88.0,3.0,570.0,,,,,,,,,,,,,,,,,,,,0,,,False
2022_15058001,2,mujer,34,65.35,150.9,28.7,85.4,0.566,modulo_1,117.0,3.0,720.0,5.2,71.0,103.0,17.6,129.0,43.0,82.0,86.0,5.5,0.85,4.1,17.3,,,,,,,,1,0.0,0.0,True
2022_15058006,2,mujer,68,66.3,154.0,27.96,100.0,0.649,modulo_2,131.0,3.0,400.0,5.1,95.0,100.0,9.8,152.0,39.0,88.0,170.0,6.9,0.78,3.5,14.5,,,,,,,,0,0.0,0.0,True
2022_15058007,2,mujer,25,55.1,151.2,24.1,79.0,0.522,modulo_1,99.0,4.0,690.0,,,,,,,,,,,,12.9,13.5,15.3,7.09,0.32,1.1,207.0,9.5,0,,,False
2022_15058009,1,hombre,52,93.75,162.0,35.72,115.5,0.713,modulo_1,148.0,4.0,600.0,,,,,,,,,,,,,,,,,,,,1,,,False
2022_15058022,2,mujer,54,68.05,158.0,27.26,92.0,0.582,modulo_1,94.0,3.0,170.0,,,,,,,,,,,,,,,,,,,,1,,,False
2022_15058030,2,mujer,47,71.1,155.0,29.59,101.6,0.655,modulo_1,107.0,2.0,260.0,6.1,122.0,128.0,14.4,169.0,37.0,113.0,194.0,5.4,0.62,3.6,14.6,22.1,14.0,6.27,0.43,1.3,223.0,26.7,1,0.0,1.0,True
2022_15058032,2,mujer,51,65.7,149.0,29.59,99.3,0.666,modulo_1,121.0,4.0,990.0,,,,,,,,,,,,,,,,,,,,1,,,False
2022_15058033,2,mujer,30,75.75,153.3,32.23,89.6,0.584,modulo_1,110.0,4.0,480.0,,,,,,,,,,,,,,,,,,,,1,,,False
2022_15058035,1,hombre,29,91.05,181.5,27.64,105.0,0.579,modulo_1,111.0,3.0,409.0,5.2,89.0,103.0,11.9,147.0,46.0,92.0,62.0,6.6,0.96,3.6,16.9,,,,,,,,1,0.0,0.0,True
2022_15070002,1,hombre,69,70.65,154.0,29.79,98.4,0.639,modulo_1,128.0,2.0,690.0,,,,,,,,,,,,,,,,,,,,1,,,False
2022_15070008,1,hombre,68,69.2,152.5,29.76,104.6,0.686,modulo_2,135.0,5.0,1200.0,5.5,85.0,111.0,10.7,205.0,43.0,127.0,205.0,5.2,0.64,4.2,15.6,,,,,,,,1,0.0,0.0,True
2022_15070010,2,mujer,37,66.85,151.2,29.24,86.6,0.573,modulo_1,116.0,4.0,50.0,,,,,,,,,,,,,,,,,,,,1,,,False
2022_15070015,2,mujer,49,87.0,153.0,37.17,102.5,0.67,modulo_1,137.0,4.0,850.0,,,,,,,,,,,,,,,,,,,,1,,,False
2022_15070016,1,hombre,64,61.7,160.8,23.86,87.2,0.542,modulo_2,119.0,3.0,200.0,6.0,78.0,126.0,7.9,230.0,52.0,144.0,113.0,4.7,0.9,4.0,15.6,,,,,,,,0,0.0,1.0,True
2022_15070024,2,mujer,43,85.5,156.5,34.91,111.6,0.713,modulo_1,111.0,2.0,50.0,,,,,,,,,,,,,,,,,,,,1,,,False
2022_15070027,2,mujer,56,70.1,146.2,32.8,104.5,0.715,modulo_1,119.0,2.0,240.0,5.7,111.0,117.0,31.3,189.0,42.0,122.0,161.0,5.6,0.56,4.1,14.9,,,,,,,,1,0.0,1.0,True
2022_15070028,1,hombre,68,75.15,164.0,27.94,100.1,0.61,modulo_2,96.0,4.0,260.0,,,,,,,,,,,,,,,,,,,,0,,,False
2022_15082001,2,mujer,58,56.3,145.2,26.7,102.9,0.709,modulo_1,115.0,4.0,300.0,,,,,,,,,,,,,,,,,,,,1,,,False
2022_15082003,2,mujer,36,72.85,145.5,34.41,103.7,0.713,modulo_1,100.0,4.0,735.0,,,,,,,,,,,,,,,,,,,,0,,,False
2022_15082005,2,mujer,32,85.05,150.8,37.4,110.5,0.733,modulo_1,106.0,3.0,150.0,,,,,,,,,,,,,,,,,,,,1,,,False
2022_15082006,2,mujer,64,87.25,149.9,38.83,116.7,0.779,modulo_2,116.0,4.0,180.0,7.8,120.0,177.0,12.2,177.0,59.0,107.0,100.0,4.5,0.54,3.2,14.8,,,,,,,,0,1.0,1.0,True
2022_15082007,2,mujer,30,44.8,127.3,27.65,77.8,0.611,modulo_1,99.0,5.0,845.0,5.2,82.0,103.0,6.7,117.0,30.0,74.0,177.0,3.6,0.49,3.2,10.4,4.8,21.0,4.9,0.21,1.1,884.0,28.2,0,0.0,0.0,True
2022_15082008,1,hombre,32,69.5,166.4,25.1,90.5,0.544,modulo_1,114.0,4.0,1380.0,,,,,,,,,,,,,,,,,,,,1,,,False
2022_15082009,2,mujer,26,82.2,154.2,34.57,,,modulo_1,109.0,5.0,585.0,,,,,,,,,,,,,,,,,,,,1,,,False
2022_15082010,2,mujer,34,58.3,149.7,26.02,86.9,0.58,modulo_1,122.0,5.0,180.0,,,,,,,,,,,,,,,,,,,,1,,,False
2022_15082015,1,hombre,26,89.9,163.5,33.63,100.0,0.612,modulo_1,108.0,4.0,480.0,,,,,,,,,,,,,,,,,,,,1,,,False
2022_15082016,2,mujer,48,56.8,152.3,24.49,,,modulo_1,106.0,5.0,140.0,,,,,,,,,,,,,,,,,,,,1,,,False
2022_15082020,2,mujer,30,73.2,152.9,31.31,100.4,0.657,modulo_1,123.0,4.0,240.0,,,,,,,,,,,,,,,,,,,,1,,,False
2022_15082025,2,mujer,33,71.05,158.3,28.35,98.1,0.62,modulo_1,85.0,4.0,480.0,,,,,,,,,,,,,,,,,,,,0,,,False
2022_15082027,2,mujer,65,76.45,155.4,31.66,108.3,0.697,modulo_2,149.0,2.0,195.0,,,,,,,,,,,,,,,,,,,,0,,,False
2022_15082029,1,hombre,45,93.65,172.0,31.66,109.0,0.634,modulo_1,130.0,4.0,360.0,,,,,,,,,,,,,,,,,,,,1,,,False
2022_15082031,2,mujer,27,86.25,168.3,30.45,102.5,0.609,modulo_1,139.0,4.0,270.0,,,,,,,,,,,,,,,,,,,,1,,,False
2022_15082032,2,mujer,34,64.7,154.0,27.28,,,modulo_2,118.0,2.0,140.0,,,,,,,,,,,,,34.4,7.6,7.78,0.32,1.5,381.0,16.9,1,,,False
2022_15092002,1,hombre,55,55.65,161.7,21.28,,,modulo_1,92.0,2.0,185.0,,,,,,,,,,,,,,,,,,,,0,,,False
2022_15092003,2,mujer,56,71.7,148.4,32.56,111.0,0.748,modulo_1,117.0,4.0,580.0,5.4,73.0,108.0,14.9,129.0,44.0,70.0,117.0,7.9,0.95,3.9,13.4,,,,,,,,1,0.0,0.0,True
2022_15092004,2,mujer,45,61.3,146.0,28.76,84.4,0.578,modulo_1,103.0,4.0,1440.0,,,,,,,,,,,,,,,,,,,,1,,,False
2022_15092011,2,mujer,39,62.3,152.0,26.97,82.5,0.543,modulo_1,104.0,4.0,200.0,,,,,,,,,,,,,,,,,,,,1,,,False
2022_15092012,2,mujer,48,82.7,158.7,32.84,111.0,0.699,modulo_1,117.0,3.0,120.0,5.7,90.0,117.0,10.3,204.0,50.0,123.0,107.0,4.9,0.59,4.2,14.2,14.2,20.3,5.7,0.13,1.1,242.0,16.8,1,0.0,1.0,True
2022_15092015,1,hombre,53,67.15,163.7,25.06,92.6,0.566,modulo_1,133.0,2.0,1095.0,,,,,,,,,,,,,,,,,,,,1,,,False
2022_15092019,1,hombre,55,71.7,173.4,23.85,95.3,0.55,modulo_1,99.0,3.0,440.0,,,,,,,,,,,,,,,,,,,,0,,,False
2022_15092022,1,hombre,60,75.25,166.2,27.24,98.3,0.591,modulo_2,110.0,1.0,300.0,,,,,,,,,,,,,,,,,,,,0,,,False
2022_15092023,1,hombre,43,127.75,173.5,42.44,134.5,0.775,modulo_1,130.0,3.0,780.0,,,,,,,,,,,,,,,,,,,,1,,,False
2022_15092024,1,hombre,50,108.6,169.3,37.89,127.3,0.752,modulo_1,123.0,3.0,300.0,,,,,,,,,,,,,,,,,,,,1,,,False
2022_15092025,2,mujer,65,73.15,156.5,29.87,,,modulo_2,119.0,2.0,100.0,7.8,172.0,177.0,5.3,224.0,47.0,130.0,190.0,5.9,0.79,4.1,13.6,,,,,,,,1,1.0,1.0,True
2022_15092027,2,mujer,42,68.55,165.1,25.15,89.7,0.543,modulo_1,118.0,4.0,370.0,,,,,,,,,,,,,,,,,,,,1,,,False
2022_15092031,2,mujer,63,74.4,154.1,31.33,108.8,0.706,modulo_2,133.0,4.0,540.0,,,,,,,,,,,,,,,,,,,,0,,,False
2022_15092032,2,mujer,56,64.25,151.8,27.88,92.2,0.607,modulo_1,127.0,2.0,180.0,6.6,114.0,143.0,15.6,183.0,43.0,72.0,550.0,5.5,0.54,4.1,12.1,,,,,,,,1,1.0,1.0,True
2022_15092033,2,mujer,68,76.15,154.8,31.78,99.3,0.641,modulo_2,150.0,1.0,5940.0,,,,,,,,,,,,,,,,,,,,0,,,False
2022_15104001,2,mujer,36,71.4,152.1,30.86,98.5,0.648,modulo_1,103.0,2.0,360.0,,,,,,,,,,,,,,,,,,,,1,,,False
2022_15104002,2,mujer,37,84.3,155.3,34.95,95.0,0.612,modulo_1,102.0,1.0,840.0,5.5,78.0,111.0,10.8,231.0,51.0,143.0,280.0,5.5,0.72,3.8,13.6,10.9,15.7,6.42,2.03,1.3,1504.0,21.0,1,0.0,0.0,True
2022_15104005,2,mujer,57,63.3,145.2,30.02,108.5,0.747,modulo_1,116.0,2.0,680.0,,,,,,,,,,,,,,,,,,,,1,,,False
2022_15104006,2,mujer,56,98.15,148.8,44.33,125.2,0.841,modulo_1,122.0,4.0,250.0,,,,,,,,,,,,,,,,,,,,1,,,False
2022_15104007,1,hombre,18,67.35,161.1,25.95,,,modulo_1,115.0,1.0,285.0,,,,,,,,,,,,,,,,,,,,1,,,False
2022_15104009,2,mujer,36,100.15,153.5,42.5,130.1,0.848,modulo_1,108.0,2.0,330.0,,,,,,,,,,,,,,,,,,,,1,,,False
2022_15104018,1,hombre,49,67.1,164.3,24.86,85.7,0.522,modulo_1,117.0,2.0,410.0,,,,,,,,,,,,,,,,,,,,1,,,False
2022_15104020,2,mujer,57,72.6,166.1,26.31,94.6,0.57,modulo_1,154.0,1.0,900.0,,,,,,,,,,,,,,,,,,,,1,,,False
2022_15104024,1,hombre,51,56.35,163.1,21.18,73.5,0.451,modulo_1,108.0,4.0,870.0,5.1,74.0,100.0,2.2,216.0,60.0,142.0,159.0,3.9,0.86,3.5,18.7,,,,,,,,0,0.0,0.0,True
2022_15104025,2,mujer,72,60.15,154.1,25.33,97.2,0.631,modulo_2,121.0,4.0,435.0,7.2,132.0,160.0,3.7,150.0,36.0,101.0,116.0,5.3,0.75,3.9,15.5,,,,,,,,0,1.0,1.0,True
2022_15104028,1,hombre,47,66.8,158.4,26.62,91.7,0.579,modulo_1,125.0,1.0,580.0,,,,,,,,,,,,,,,,,,,,1,,,False
2022_15104032,1,hombre,40,72.75,167.9,25.81,85.9,0.512,modulo_1,128.0,4.0,490.0,,,,,,,,,,,,,,,,,,,,1,,,False
2022_15104033,1,hombre,42,87.95,172.0,29.73,107.2,0.623,modulo_1,130.0,2.0,480.0,5.2,92.0,103.0,6.4,170.0,34.0,118.0,160.0,7.9,1.14,3.8,16.8,,,,,,,,1,0.0,0.0,True
2022_15104035,2,mujer,27,95.5,163.3,35.81,,,modulo_1,97.0,5.0,540.0,,,,,,,,,,,,,,,,,,,,0,,,False
2022_15104038,1,hombre,45,66.5,166.2,24.07,81.1,0.488,modulo_1,114.0,2.0,330.0,5.5,86.0,111.0,2.1,129.0,43.0,81.0,56.0,4.4,0.72,3.4,15.5,,,,,,,,0,0.0,0.0,True
2022_15104040,2,mujer,64,64.0,142.3,31.61,,,modulo_2,109.0,2.0,220.0,5.8,85.0,120.0,7.2,123.0,36.0,86.0,99.0,5.4,0.9,2.3,13.8,,,,,,,,0,0.0,1.0,True
2022_15106003,1,hombre,40,79.5,156.8,32.34,109.4,0.698,modulo_1,119.0,4.0,420.0,,,,,,,,,,,,,,,,,,,,1,,,False
2022_15106004,1,hombre,46,62.55,154.4,26.24,89.6,0.58,modulo_1,112.0,3.0,40.0,,,,,,,,,,,,,,,,,,,,1,,,False
2022_15106005,1,hombre,47,76.4,163.0,28.76,97.2,0.596,modulo_1,136.0,1.0,760.0,,,,,,,,,,,,,,,,,,,,1,,,False
2022_15106006,2,mujer,60,55.65,146.9,25.79,94.4,0.643,modulo_2,118.0,2.0,215.0,9.3,207.0,220.0,5.9,156.0,29.0,86.0,331.0,5.9,0.64,3.8,12.5,,,,,,,,0,1.0,1.0,True
2022_15106008,1,hombre,21,59.6,157.7,23.97,,,modulo_1,115.0,3.0,380.0,,,,,,,,,,,,,,,,,,,,0,,,False
2022_15106009,2,mujer,52,83.2,154.5,34.86,118.9,0.77,modulo_1,121.0,4.0,360.0,5.9,121.0,123.0,14.0,169.0,31.0,115.0,245.0,5.9,0.61,3.7,15.4,,,,,,,,1,0.0,1.0,True
2022_15106014,2,mujer,15,61.0,147.0,28.23,,,modulo_1,115.0,4.0,100.0,,,,,,,,,,,,13.6,14.0,15.1,8.92,0.14,1.4,247.0,21.1,1,,,False
2022_15106015,2,mujer,51,51.1,142.5,25.16,87.4,0.613,modulo_1,110.0,5.0,180.0,5.4,98.0,108.0,16.9,143.0,34.0,94.0,163.0,4.5,0.69,4.0,13.8,,,,,,,,1,0.0,0.0,True
2022_15106018,2,mujer,26,66.85,152.3,28.82,95.6,0.628,modulo_1,92.0,4.0,450.0,,,,,,,,,,,,,,,,,,,,0,,,False
2022_15106019,2,mujer,50,53.8,145.6,25.38,89.2,0.613,modulo_1,112.0,3.0,260.0,4.9,74.0,94.0,10.5,161.0,37.0,103.0,157.0,4.7,0.56,4.1,15.2,68.2,23.4,6.7,0.2,1.2,1504.0,31.6,1,0.0,0.0,True
2022_15106022,2,mujer,68,61.5,150.0,27.33,92.6,0.617,modulo_2,127.0,5.0,330.0,,,,,,,,,,,,,,,,,,,,0,,,False
2022_15106024,2,mujer,65,69.85,145.7,32.9,109.1,0.749,modulo_2,118.0,1.0,435.0,,,,,,,,,,,,,,,,,,,,0,,,False
2022_15106026,2,mujer,31,83.35,152.8,35.7,110.8,0.725,modulo_1,127.0,4.0,420.0,5.7,97.0,117.0,15.1,104.0,34.0,57.0,167.0,3.9,0.71,4.1,9.8,2.0,22.6,5.2,0.06,5.0,268.0,28.8,1,0.0,1.0,True
2022_15106028,2,mujer,38,83.7,150.1,37.15,108.2,0.721,modulo_1,150.0,2.0,300.0,5.3,102.0,105.0,9.7,126.0,36.0,81.0,134.0,4.0,0.61,3.2,13.7,24.7,10.1,6.9,0.8,1.1,156.0,18.5,1,0.0,0.0,True
2022_15106030,2,mujer,62,65.4,141.8,32.53,,,modulo_2,157.0,5.0,218.0,,,,,,,,,,,,,,,,,,,,0,,,False
2022_15106033,2,mujer,37,52.05,145.6,24.55,80.9,0.556,modulo_1,121.0,3.0,136.0,,,,,,,,,,,,11.6,3.5,10.4,7.99,0.09,2.3,159.0,21.1,1,,,False
2022_15106034,1,hombre,36,65.55,168.1,23.2,85.6,0.509,modulo_1,103.0,3.0,840.0,,,,,,,,,,,,,,,,,,,,0,,,False
2022_15109003,2,mujer,45,83.6,149.4,37.45,114.6,0.767,modulo_1,126.0,2.0,205.0,,,,,,,,,,,,,,,,,,,,1,,,False
2022_15109004,2,mujer,53,91.3,155.7,37.66,120.5,0.774,modulo_1,145.0,4.0,825.0,,,,,,,,,,,,,,,,,,,,1,,,False
2022_15109008,2,mujer,35,74.1,160.4,28.8,86.4,0.539,modulo_1,123.0,4.0,135.0,,,,,,,,,,,,,,,,,,,,1,,,False
2022_15109010,2,mujer,49,81.5,155.4,33.75,110.4,0.71,modulo_1,139.0,4.0,390.0,,,,,,,,,,,,,,,,,,,,1,,,False
2022_15109011,1,hombre,55,73.4,159.0,29.03,97.9,0.616,modulo_1,146.0,4.0,120.0,5.4,92.0,108.0,6.2,129.0,47.0,71.0,63.0,6.6,0.7,3.8,16.1,,,,,,,,1,0.0,0.0,True
2022_15109012,2,mujer,70,43.25,141.4,21.63,78.9,0.558,modulo_2,152.0,3.0,570.0,,,,,,,,,,,,,,,,,,,,0,,,False
2022_15109015,1,hombre,53,116.55,177.0,37.2,123.0,0.695,modulo_1,126.0,1.0,360.0,,,,,,,,,,,,,,,,,,,,1,,,False
2022_15109017,2,mujer,50,73.2,149.9,32.58,103.6,0.691,modulo_1,114.0,2.0,105.0,,,,,,,,,,,,,,,,,,,,1,,,False
2022_15109018,2,mujer,35,99.0,165.2,36.28,117.4,0.711,modulo_1,121.0,4.0,320.0,5.9,97.0,123.0,14.0,113.0,34.0,69.0,106.0,3.6,0.66,3.0,12.2,7.1,15.2,7.57,0.41,1.1,181.0,17.5,1,0.0,1.0,True
2022_15109024,2,mujer,64,52.65,150.9,23.12,79.5,0.527,modulo_2,122.0,4.0,240.0,,,,,,,,,,,,,,,,,,,,0,,,False
2022_15109029,1,hombre,73,82.5,168.4,29.09,106.4,0.632,modulo_2,151.0,3.0,540.0,,,,,,,,,,,,,,,,,,,,0,,,False
2022_15109031,1,hombre,63,58.3,164.2,21.62,88.1,0.537,modulo_2,190.0,2.0,480.0,,,,,,,,,,,,,,,,,,,,0,,,False
2022_15109032,2,mujer,54,43.45,141.9,21.58,81.9,0.577,modulo_1,95.0,2.0,630.0,5.4,84.0,108.0,4.8,160.0,34.0,105.0,134.0,3.3,0.6,3.3,14.3,,,,,,,,0,0.0,0.0,True
2022_15115001,2,mujer,53,64.45,152.8,27.6,93.0,0.609,modulo_1,109.0,4.0,400.0,12.2,298.0,303.0,3.9,163.0,45.0,97.0,157.0,2.9,0.62,3.3,16.0,,,,,,,,1,1.0,1.0,True
2022_15115002,2,mujer,39,66.25,153.0,28.3,97.0,0.634,modulo_1,107.0,4.0,195.0,,,,,,,,,,,,,,,,,,,,1,,,False
2022_15115003,2,mujer,52,65.5,155.1,27.23,113.0,0.729,modulo_1,97.0,2.0,120.0,,,,,,,,,,,,,,,,,,,,1,,,False
2022_15115004,2,mujer,27,49.65,154.6,20.77,73.0,0.472,modulo_1,86.0,4.0,360.0,,,,,,,,,,,,,,,,,,,,0,,,False
2022_15115006,2,mujer,34,63.15,152.5,27.15,,,modulo_1,107.0,3.0,180.0,,,,,,,,,,,,,,,,,,,,1,,,False
2022_15115010,2,mujer,51,69.1,152.4,29.75,104.8,0.688,modulo_1,143.0,4.0,300.0,8.6,119.0,200.0,7.5,122.0,32.0,75.0,111.0,3.6,0.62,3.1,14.2,,,,,,,,1,1.0,1.0,True
2022_15115016,1,hombre,62,82.45,162.1,31.38,110.0,0.679,modulo_2,123.0,2.0,360.0,,,,,,,,,,,,,,,,,,,,0,,,False
2022_15115022,2,mujer,38,46.8,143.6,22.7,79.0,0.55,modulo_1,91.0,4.0,360.0,,,,,,,,,,,,,,,,,,,,0,,,False
2022_15115025,2,mujer,47,66.3,150.6,29.23,97.0,0.644,modulo_1,92.0,2.0,90.0,,,,,,,,,,,,,,,,,,,,1,,,False
2022_15115026,2,mujer,39,90.8,160.0,35.47,116.0,0.725,modulo_1,107.0,2.0,435.0,,,,,,,,,,,,,,,,,,,,1,,,False
2022_15115029,2,mujer,59,53.65,138.5,27.97,97.0,0.7,modulo_1,96.0,5.0,755.0,,,,,,,,,,,,,,,,,,,,0,,,False
2022_15115031,2,mujer,56,76.15,153.0,32.53,106.5,0.696,modulo_1,117.0,5.0,210.0,8.1,97.0,186.0,5.6,119.0,21.0,67.0,157.0,3.0,0.35,1.6,16.1,,,,,,,,1,1.0,1.0,True
2022_15115033,1,hombre,44,92.9,164.9,34.16,105.8,0.642,modulo_1,134.0,2.0,490.0,6.0,95.0,126.0,7.9,185.0,31.0,114.0,227.0,6.0,0.77,3.1,15.3,,,,,,,,1,0.0,1.0,True
2022_15115036,1,hombre,56,59.85,159.5,23.53,84.1,0.527,modulo_1,123.0,4.0,40.0,,,,,,,,,,,,,,,,,,,,1,,,False
2022_15115037,1,hombre,45,56.45,152.0,24.43,82.0,0.539,modulo_1,122.0,4.0,780.0,,,,,,,,,,,,,,,,,,,,0,,,False
2022_15118003,2,mujer,60,76.75,158.4,30.59,107.7,0.68,modulo_2,134.0,4.0,410.0,9.9,117.0,237.0,38.8,112.0,26.0,38.0,306.0,4.8,0.71,3.1,15.0,,,,,,,,0,1.0,1.0,True
2022_15118006,1,hombre,31,111.85,172.3,37.68,114.5,0.665,modulo_1,113.0,3.0,210.0,,,,,,,,,,,,,,,,,,,,1,,,False
2022_15118007,1,hombre,39,64.65,165.0,23.75,83.7,0.507,modulo_1,123.0,3.0,590.0,5.4,79.0,108.0,4.7,139.0,42.0,86.0,68.0,4.4,0.91,3.3,18.1,,,,,,,,0,0.0,0.0,True
2022_15118011,1,hombre,30,87.5,171.0,29.92,99.8,0.584,modulo_1,130.0,3.0,640.0,5.3,82.0,105.0,12.1,199.0,29.0,141.0,310.0,7.3,0.98,3.3,17.7,,,,,,,,1,0.0,0.0,True
2022_15118012,2,mujer,48,59.05,148.0,26.96,85.2,0.576,modulo_1,153.0,4.0,170.0,5.3,92.0,105.0,6.0,131.0,33.0,85.0,111.0,3.8,0.59,2.7,14.2,,,,,,,,1,0.0,0.0,True
2022_15118014,1,hombre,14,44.0,163.0,16.56,,,modulo_1,115.0,3.0,300.0,,,,,,,,,,,,,,,,,,,,0,,,False
2022_15118016,2,mujer,60,66.1,148.9,29.81,102.5,0.688,modulo_2,122.0,2.0,240.0,8.7,185.0,203.0,6.8,186.0,50.0,121.0,150.0,3.3,0.52,2.8,14.2,,,,,,,,0,1.0,1.0,True
2022_15118018,2,mujer,47,70.45,139.9,36.0,,,modulo_1,96.0,4.0,5940.0,,,,,,,,,,,,,,,,,,,,0,,,False
2022_15118019,1,hombre,50,64.7,154.0,27.28,,,modulo_2,149.0,2.0,300.0,13.5,336.0,341.0,1.1,157.0,38.0,102.0,180.0,4.0,0.72,3.2,16.4,,,,,,,,1,1.0,1.0,True
2022_15118022,2,mujer,64,55.3,148.3,25.14,91.6,0.618,modulo_2,106.0,5.0,30.0,,,,,,,,,,,,,,,,,,,,1,,,False
2022_15118023,2,mujer,62,70.25,151.8,30.49,106.8,0.704,modulo_2,180.0,1.0,300.0,,,,,,,,,,,,,,,,,,,,0,,,False
2022_15118024,2,mujer,46,56.05,143.0,27.41,93.8,0.656,modulo_1,184.0,5.0,450.0,,,,,,,,,,,,13.5,10.1,20.5,7.28,0.74,1.2,243.0,20.8,1,,,False
2022_15118027,1,hombre,28,85.15,169.7,29.57,103.3,0.609,modulo_1,127.0,1.0,420.0,,,,,,,,,,,,,,,,,,,,1,,,False
2022_15118028,2,mujer,52,60.55,152.8,25.93,90.2,0.59,modulo_1,120.0,4.0,45.0,,,,,,,,,,,,,,,,,,,,1,,,False
2022_15122001,2,mujer,31,72.7,150.0,32.31,100.4,0.669,modulo_1,89.0,2.0,120.0,5.5,104.0,111.0,23.7,169.0,46.0,93.0,285.0,4.6,0.54,4.3,13.9,9.9,10.7,6.09,0.28,1.4,179.0,24.5,1,0.0,0.0,True
2022_15122003,2,mujer,34,75.3,154.6,31.5,101.5,0.657,modulo_1,90.0,3.0,360.0,,,,,,,,,,,,,,,,,,,,0,,,False
2022_15122004,2,mujer,56,58.25,150.4,25.75,94.5,0.628,modulo_1,122.0,4.0,675.0,,,,,,,,,,,,,,,,,,,,1,,,False
2022_15122005,2,mujer,62,93.4,151.5,40.69,131.7,0.869,modulo_2,121.0,5.0,375.0,7.4,188.0,166.0,21.8,126.0,38.0,71.0,188.0,3.8,0.78,3.9,16.0,,,,,,,,1,1.0,1.0,True
2022_15122010,2,mujer,45,76.15,150.2,33.75,102.1,0.68,modulo_1,119.0,2.0,330.0,,,,,,,,,,,,,,,,,,,,1,,,False
2022_15122013,2,mujer,31,74.65,159.0,29.53,92.3,0.581,modulo_1,129.0,4.0,130.0,,,,,,,,,,,,,,,,,,,,1,,,False
2022_15122014,2,mujer,46,60.25,150.8,26.49,81.3,0.539,modulo_1,132.0,1.0,90.0,5.5,88.0,111.0,5.2,153.0,47.0,97.0,82.0,4.5,0.73,4.3,14.2,74.6,14.4,12.02,0.3,1.3,1504.0,23.8,1,0.0,0.0,True
2022_15122016,1,hombre,37,84.45,165.4,30.87,107.5,0.65,modulo_1,117.0,3.0,240.0,,,,,,,,,,,,,,,,,,,,1,,,False
2022_15122017,2,mujer,52,69.85,146.5,32.55,103.2,0.704,modulo_1,115.0,4.0,345.0,,,,,,,,,,,,,,,,,,,,1,,,False
2022_15122021,1,hombre,53,62.25,160.1,24.29,91.0,0.568,modulo_1,136.0,2.0,400.0,,,,,,,,,,,,,,,,,,,,0,,,False
2022_15122026,2,mujer,60,67.6,159.7,26.51,98.5,0.617,modulo_2,122.0,1.0,60.0,7.2,140.0,160.0,7.5,196.0,49.0,119.0,306.0,5.6,0.81,4.4,14.9,,,,,,,,1,1.0,1.0,True
2022_15122027,1,hombre,19,70.5,162.2,26.8,,,modulo_1,115.0,2.0,140.0,,,,,,,,,,,,,,,,,,,,1,,,False
2022_15122030,2,mujer,59,66.95,151.0,29.36,95.6,0.633,modulo_1,117.0,5.0,200.0,6.2,91.0,131.0,28.5,157.0,39.0,181.0,151.0,4.6,0.54,4.0,15.8,,,,,,,,1,0.0,1.0,True
2022_16006001,2,mujer,20,86.7,159.6,34.04,99.2,0.622,modulo_1,111.0,5.0,810.0,,,,,,,,,,,,,,,,,,,,1,,,False
2022_16006006,2,mujer,64,82.1,145.0,39.05,109.8,0.757,modulo_2,123.0,2.0,780.0,,,,,,,,,,,,,,,,,,,,0,,,False
2022_16006008,2,mujer,38,63.15,159.8,24.73,83.2,0.521,modulo_1,113.0,4.0,540.0,5.1,93.0,100.0,12.4,135.0,61.0,48.0,179.0,4.5,0.54,4.3,13.7,28.7,17.4,14.72,0.02,0.7,102.0,35.7,0,0.0,0.0,True
2022_16006011,2,mujer,46,67.9,153.9,28.67,90.9,0.591,modulo_1,126.0,3.0,300.0,,,,,,,,,,,,,,,,,,,,1,,,False
2022_16006012,2,mujer,35,85.0,158.1,34.01,108.6,0.687,modulo_1,111.0,2.0,400.0,,,,,,,,,,,,,,,,,,,,1,,,False
2022_16006014,1,hombre,53,80.8,166.5,29.15,108.5,0.652,modulo_1,162.0,4.0,510.0,,,,,,,,,,,,,,,,,,,,1,,,False
2022_16006015,1,hombre,43,81.75,161.0,31.54,105.0,0.652,modulo_1,146.0,3.0,180.0,,,,,,,,,,,,,,,,,,,,1,,,False
2022_16006016,2,mujer,52,68.35,150.8,30.06,100.4,0.666,modulo_1,111.0,2.0,500.0,,,,,,,,,,,,,,,,,,,,1,,,False
2022_16006019,2,mujer,43,74.6,160.7,28.89,97.5,0.607,modulo_1,106.0,3.0,800.0,,,,,,,,,,,,,,,,,,,,1,,,False
2022_16006022,2,mujer,53,64.7,154.0,27.28,,,modulo_2,109.0,4.0,300.0,,,,,,,,,,,,,,,,,,,,1,,,False
2022_16006023,2,mujer,55,103.65,158.2,41.41,119.8,0.757,modulo_1,97.0,1.0,140.0,,,,,,,,,,,,,,,,,,,,1,,,False
2022_16006024,2,mujer,30,86.8,163.7,32.39,107.8,0.659,modulo_1,97.0,5.0,480.0,,,,,,,,,,,,,,,,,,,,0,,,False
2022_16006025,1,hombre,39,77.95,159.2,30.76,100.9,0.634,modulo_1,102.0,3.0,345.0,,,,,,,,,,,,,,,,,,,,1,,,False
2022_16006026,2,mujer,53,61.5,148.3,27.96,93.7,0.632,modulo_1,127.0,3.0,360.0,,,,,,,,,,,,,,,,,,,,1,,,False
2022_16006030,2,mujer,29,47.6,157.9,19.09,74.0,0.469,modulo_1,102.0,3.0,240.0,,,,,,,,,,,,,,,,,,,,0,,,False
2022_16006031,2,mujer,24,71.65,154.4,30.06,94.5,0.612,modulo_1,92.0,4.0,270.0,,,,,,,,,,,,,,,,,,,,0,,,False
2022_16015001,2,mujer,69,81.6,159.0,32.28,108.8,0.684,modulo_2,139.0,2.0,160.0,,,,,,,,,,,,,,,,,,,,1,,,False
2022_16015004,2,mujer,45,64.7,151.1,28.34,93.7,0.62,modulo_1,120.0,5.0,120.0,,,,,,,,,,,,,,,,,,,,1,,,False
2022_16015012,2,mujer,93,64.7,154.0,27.28,,,modulo_2,138.0,4.0,210.0,,,,,,,,,,,,,,,,,,,,0,,,False
2022_16015022,1,hombre,50,88.2,166.1,31.97,112.7,0.679,modulo_1,141.0,3.0,240.0,,,,,,,,,,,,,,,,,,,,1,,,False
2022_16015027,2,mujer,46,43.6,146.8,20.23,,,modulo_1,86.0,4.0,315.0,,,,,,,,,,,,,,,,,,,,0,,,False
2022_16015028,2,mujer,59,83.1,147.3,38.3,147.3,1.0,modulo_1,175.0,3.0,375.0,,,,,,,,,,,,,,,,,,,,1,,,False
2022_16015030,2,mujer,55,68.85,171.0,23.55,93.3,0.546,modulo_1,124.0,3.0,210.0,,,,,,,,,,,,,,,,,,,,0,,,False
2022_16019001,2,mujer,28,58.7,147.0,27.16,147.0,1.0,modulo_1,96.0,4.0,240.0,,,,,,,,,,,,,,,,,,,,0,,,False
2022_16019002,1,hombre,40,71.9,160.0,28.09,98.1,0.613,modulo_1,138.0,1.0,750.0,5.3,79.0,105.0,4.1,289.0,62.0,164.0,368.0,6.0,0.7,4.2,16.8,,,,,,,,1,0.0,0.0,True
2022_16019004,2,mujer,52,65.3,157.3,26.39,97.1,0.617,modulo_1,159.0,3.0,600.0,,,,,,,,,,,,,,,,,,,,1,,,False
2022_16019005,1,hombre,29,99.9,180.5,30.66,104.5,0.579,modulo_1,135.0,5.0,420.0,5.4,78.0,108.0,9.9,138.0,32.0,82.0,209.0,5.6,0.6,3.4,17.1,,,,,,,,1,0.0,0.0,True
2022_16019007,1,hombre,49,81.45,160.5,31.62,105.2,0.655,modulo_1,150.0,3.0,510.0,4.7,77.0,88.0,2.4,128.0,42.0,68.0,83.0,6.4,0.75,4.3,16.5,,,,,,,,1,0.0,0.0,True
2022_16019008,2,mujer,45,61.5,145.1,29.21,98.3,0.677,modulo_1,102.0,5.0,240.0,,,,,,,,,,,,,,,,,,,,1,,,False
2022_16019010,2,mujer,54,69.95,153.1,29.84,101.1,0.66,modulo_1,129.0,2.0,360.0,11.0,281.0,269.0,4.0,273.0,49.0,156.0,282.0,3.4,0.52,4.2,15.1,,,,,,,,1,1.0,1.0,True
2022_16019013,2,mujer,68,78.55,151.0,34.45,112.9,0.748,modulo_2,125.0,2.0,180.0,,,,,,,,,,,,,,,,,,,,0,,,False
2022_16019014,2,mujer,60,87.85,160.3,34.19,120.1,0.749,modulo_2,143.0,2.0,60.0,,,,,,,,,,,,,,,,,,,,1,,,False
2022_16019015,1,hombre,48,85.0,170.4,29.27,105.3,0.618,modulo_1,109.0,2.0,660.0,,,,,,,,,,,,,,,,,,,,1,,,False
2022_16019016,2,mujer,30,48.25,161.5,18.5,68.7,0.425,modulo_1,101.0,4.0,405.0,,,,,,,,,,,,,,,,,,,,0,,,False
2022_16019017,2,mujer,29,106.1,154.3,44.56,110.1,0.714,modulo_1,94.0,4.0,315.0,,,,,,,,,,,,,,,,,,,,0,,,False
2022_16019018,1,hombre,39,80.85,161.2,31.11,98.8,0.613,modulo_1,109.0,3.0,540.0,5.3,92.0,105.0,12.2,226.0,68.0,141.0,206.0,6.6,1.02,4.9,15.8,,,,,,,,1,0.0,0.0,True
2022_16019020,1,hombre,72,76.45,158.2,30.55,97.9,0.619,modulo_1,118.0,3.0,900.0,,,,,,,,,,,,,,,,,,,,1,,,False
2022_16019021,2,mujer,54,70.6,157.6,28.42,102.9,0.653,modulo_1,143.0,1.0,720.0,5.4,96.0,108.0,12.3,208.0,39.0,138.0,130.0,5.3,0.7,3.7,14.0,,,,,,,,1,0.0,0.0,True
2022_16019022,1,hombre,67,70.2,165.7,25.57,96.6,0.583,modulo_2,153.0,3.0,100.0,,,,,,,,,,,,,,,,,,,,1,,,False
2022_16019023,2,mujer,47,82.8,147.0,38.32,108.1,0.735,modulo_1,108.0,3.0,390.0,5.3,99.0,105.0,9.0,174.0,43.0,109.0,99.0,4.8,0.6,4.1,13.8,21.7,12.0,8.05,0.55,1.3,174.0,21.8,1,0.0,0.0,True
2022_16019024,2,mujer,62,51.65,139.5,26.54,94.8,0.68,modulo_2,157.0,4.0,320.0,6.6,151.0,143.0,2.6,186.0,35.0,119.0,130.0,3.9,0.57,3.1,12.4,,,,,,,,0,1.0,1.0,True
2022_16019026,2,mujer,53,80.45,148.5,36.48,115.8,0.78,modulo_1,121.0,5.0,240.0,5.7,89.0,117.0,16.4,164.0,37.0,100.0,109.0,5.8,0.66,4.3,17.0,,,,,,,,1,0.0,1.0,True
2022_16019028,2,mujer,24,62.6,158.2,25.01,90.0,0.569,modulo_1,85.0,4.0,440.0,,,,,,,,,,,,,,,,,,,,0,,,False
2022_16019031,1,hombre,21,52.35,170.0,18.11,76.5,0.45,modulo_1,122.0,2.0,440.0,,,,,,,,,,,,,,,,,,,,0,,,False
2022_16019032,2,mujer,71,45.65,156.9,18.54,92.1,0.587,modulo_2,136.0,4.0,200.0,,,,,,,,,,,,,,,,,,,,0,,,False
2022_16043002,2,mujer,22,45.35,156.3,18.56,65.0,0.416,modulo_1,105.0,4.0,440.0,,,,,,,,,,,,,,,,,,,,0,,,False
2022_16043005,2,mujer,67,72.95,142.7,35.82,,,modulo_2,150.0,1.0,490.0,,,,,,,,,,,,,,,,,,,,0,,,False
2022_16043009,2,mujer,65,73.0,155.5,30.19,108.1,0.695,modulo_2,127.0,5.0,580.0,,,,,,,,,,,,,,,,,,,,0,,,False
2022_16043011,2,mujer,30,71.35,152.5,30.68,102.0,0.669,modulo_1,112.0,4.0,315.0,,,,,,,,,,,,,,,,,,,,1,,,False
2022_16043013,2,mujer,36,84.0,162.9,31.65,109.5,0.672,modulo_1,117.0,5.0,240.0,,,,,,,,,,,,,,,,,,,,1,,,False
2022_16043020,2,mujer,33,52.7,153.9,22.25,85.5,0.556,modulo_1,93.0,4.0,90.0,5.2,94.0,103.0,5.1,150.0,47.0,76.0,107.0,4.2,0.68,4.4,14.4,74.1,10.9,7.82,0.28,0.9,249.0,27.3,1,0.0,0.0,True
2022_16043026,2,mujer,66,80.8,154.7,33.76,116.5,0.753,modulo_2,140.0,1.0,330.0,,,,,,,,,,,,,,,,,,,,0,,,False
2022_16052001,1,hombre,66,93.1,175.5,30.23,117.6,0.67,modulo_2,106.0,4.0,540.0,,,,,,,,,,,,,,,,,,,,0,,,False
2022_16052004,2,mujer,17,76.9,159.9,30.08,,,modulo_1,115.0,4.0,330.0,,,,,,,,,,,,11.9,7.0,25.0,7.68,0.28,1.1,365.0,36.7,1,,,False
2022_16052006,2,mujer,61,54.1,147.5,24.87,91.1,0.618,modulo_2,152.0,4.0,120.0,,,,,,,,,,,,,,,,,,,,1,,,False
2022_16052007,1,hombre,42,72.7,153.4,30.89,100.9,0.658,modulo_1,108.0,3.0,315.0,4.9,55.0,94.0,7.9,157.0,22.0,92.0,259.0,5.0,0.59,2.8,17.4,,,,,,,,1,0.0,0.0,True
2022_16052008,1,hombre,20,109.55,178.3,34.46,114.0,0.639,modulo_1,122.0,4.0,120.0,,,,,,,,,,,,,,,,,,,,1,,,False
2022_16052010,1,hombre,31,67.0,141.5,33.46,114.1,0.806,modulo_2,147.0,4.0,420.0,,,,,,,,,,,,,,,,,,,,0,,,False
2022_16052011,2,mujer,46,88.05,154.7,36.79,108.3,0.7,modulo_1,108.0,1.0,360.0,,,,,,,,,,,,11.9,44.3,42.2,6.15,0.73,0.9,981.0,31.5,1,,,False
2022_16052013,2,mujer,65,67.45,152.3,29.08,98.3,0.645,modulo_2,141.0,4.0,345.0,,,,,,,,,,,,,,,,,,,,0,,,False
2022_16052014,2,mujer,31,66.95,152.5,28.79,,,modulo_1,101.0,3.0,240.0,,,,,,,,,,,,,,,,,,,,1,,,False
2022_16052015,2,mujer,33,97.65,150.1,43.34,115.7,0.771,modulo_1,108.0,1.0,430.0,,,,,,,,,,,,13.8,93.3,16.2,8.45,0.55,1.0,228.0,42.3,1,,,False
2022_16052016,1,hombre,43,75.95,165.1,27.86,100.7,0.61,modulo_1,136.0,4.0,560.0,,,,,,,,,,,,,,,,,,,,1,,,False
2022_16052018,2,mujer,46,75.5,139.0,39.08,100.1,0.72,modulo_1,131.0,3.0,960.0,,,,,,,,,,,,,,,,,,,,1,,,False
2022_16052019,1,hombre,60,73.05,152.8,31.29,98.3,0.643,modulo_2,125.0,3.0,310.0,5.4,98.0,108.0,19.7,195.0,40.0,116.0,248.0,7.0,0.93,4.0,15.7,,,,,,,,0,0.0,0.0,True
2022_16052020,1,hombre,67,92.25,166.6,33.24,108.8,0.653,modulo_2,142.0,3.0,570.0,,,,,,,,,,,,,,,,,,,,0,,,False
2022_16052021,1,hombre,59,143.75,182.1,43.35,128.7,0.707,modulo_1,125.0,4.0,470.0,,,,,,,,,,,,,,,,,,,,1,,,False
2022_16052022,1,hombre,67,100.85,163.0,37.96,123.0,0.755,modulo_2,125.0,2.0,480.0,,,,,,,,,,,,,,,,,,,,0,,,False
2022_16052023,2,mujer,57,77.4,150.2,34.31,108.5,0.722,modulo_1,115.0,3.0,340.0,5.9,85.0,123.0,6.6,183.0,41.0,135.0,111.0,4.9,0.56,2.6,13.9,,,,,,,,1,0.0,1.0,True
2022_16052025,2,mujer,55,72.35,144.6,34.6,99.5,0.688,modulo_1,90.0,3.0,510.0,5.5,80.0,111.0,12.4,158.0,50.0,106.0,67.0,4.3,0.49,3.3,13.9,,,,,,,,0,0.0,0.0,True
2022_16052027,2,mujer,41,92.3,151.4,40.27,114.5,0.756,modulo_1,129.0,3.0,480.0,,,,,,,,,,,,,,,,,,,,1,,,False
2022_16052030,2,mujer,49,68.5,142.8,33.59,101.9,0.714,modulo_1,132.0,3.0,270.0,,,,,,,,,,,,14.6,26.0,11.9,5.6,0.59,0.8,360.0,25.8,1,,,False
2022_16053002,2,mujer,68,69.8,168.6,24.56,103.0,0.611,modulo_2,90.0,1.0,1020.0,,,,,,,,,,,,,,,,,,,,0,,,False
2022_16053005,1,hombre,73,68.85,165.2,25.23,103.2,0.625,modulo_2,142.0,4.0,180.0,,,,,,,,,,,,,,,,,,,,0,,,False
2022_16053009,2,mujer,22,51.85,161.3,19.93,68.9,0.427,modulo_1,91.0,4.0,510.0,5.1,90.0,100.0,5.2,194.0,50.0,124.0,120.0,3.3,0.71,4.4,13.5,20.9,12.6,9.4,0.11,1.0,208.0,37.8,0,0.0,0.0,True
2022_16053011,2,mujer,31,64.7,158.8,25.66,82.1,0.517,modulo_1,98.0,4.0,210.0,,,,,,,,,,,,,,,,,,,,0,,,False
2022_16053015,2,mujer,50,76.4,152.1,33.02,96.7,0.636,modulo_1,159.0,3.0,240.0,,,,,,,,,,,,,,,,,,,,1,,,False
2022_16053018,1,hombre,66,74.3,166.9,26.67,92.1,0.552,modulo_2,136.0,5.0,360.0,,,,,,,,,,,,,,,,,,,,0,,,False
2022_16053023,2,mujer,24,51.2,153.9,21.62,76.5,0.497,modulo_1,89.0,2.0,620.0,,,,,,,,,,,,,,,,,,,,0,,,False
2022_16053024,1,hombre,52,67.75,160.6,26.27,89.2,0.555,modulo_1,148.0,4.0,390.0,,,,,,,,,,,,,,,,,,,,1,,,False
2022_16053027,1,hombre,30,70.5,173.8,23.34,88.1,0.507,modulo_1,118.0,4.0,480.0,5.4,91.0,108.0,5.2,209.0,41.0,134.0,217.0,5.1,0.88,4.7,17.8,,,,,,,,1,0.0,0.0,True
2022_16053030,1,hombre,46,66.45,163.7,24.8,92.5,0.565,modulo_1,124.0,4.0,750.0,4.5,88.0,82.0,2.1,178.0,61.0,104.0,98.0,7.5,0.77,4.0,15.3,,,,,,,,0,0.0,0.0,True
2022_16053031,2,mujer,18,76.9,166.2,27.84,,,modulo_1,115.0,3.0,210.0,,,,,,,,,,,,,17.4,11.4,7.6,0.07,1.5,171.0,29.9,1,,,False
2022_16053035,2,mujer,32,80.9,161.3,31.09,95.6,0.593,modulo_1,100.0,5.0,420.0,,,,,,,,,,,,,,,,,,,,0,,,False
2022_16053037,1,hombre,41,70.45,160.8,27.25,96.4,0.6,modulo_1,111.0,4.0,840.0,4.9,85.0,94.0,3.1,172.0,44.0,101.0,122.0,5.5,0.88,4.0,15.7,,,,,,,,1,0.0,0.0,True
2022_16053038,1,hombre,39,78.25,166.8,28.12,97.0,0.582,modulo_1,127.0,4.0,360.0,,,,,,,,,,,,,,,,,,,,1,,,False
2022_16053044,2,mujer,40,54.6,146.2,25.54,89.3,0.611,modulo_1,113.0,3.0,495.0,,,,,,,,,,,,14.5,10.0,23.6,10.7,0.13,1.6,258.0,20.8,1,,,False
2022_16053046,2,mujer,38,71.15,155.3,29.5,,,modulo_1,97.0,4.0,150.0,,,,,,,,,,,,,,,,,,,,1,,,False
2022_16053048,2,mujer,39,115.4,169.2,40.31,122.5,0.724,modulo_1,92.0,2.0,300.0,5.6,105.0,114.0,19.8,211.0,52.0,141.0,114.0,4.3,0.52,4.1,15.2,131.4,17.4,4.9,0.37,1.2,190.0,16.7,0,0.0,0.0,True
2022_16053049,2,mujer,22,62.5,163.5,23.38,88.9,0.544,modulo_1,111.0,5.0,420.0,,,,,,,,,,,,,,,,,,,,0,,,False
2022_16053051,1,hombre,39,72.25,160.7,27.98,97.9,0.609,modulo_1,132.0,4.0,255.0,,,,,,,,,,,,,,,,,,,,1,,,False
2022_16053054,1,hombre,48,73.35,176.8,23.47,101.6,0.575,modulo_1,110.0,1.0,660.0,5.7,121.0,117.0,4.7,163.0,30.0,102.0,226.0,7.3,0.91,4.3,17.2,,,,,,,,0,0.0,1.0,True
2022_16053055,1,hombre,39,83.45,165.3,30.54,104.3,0.631,modulo_1,113.0,1.0,1560.0,5.7,127.0,117.0,36.4,190.0,41.0,102.0,348.0,8.2,0.8,4.3,17.3,,,,,,,,1,0.0,1.0,True
2022_16053058,1,hombre,56,83.7,175.8,27.08,102.8,0.585,modulo_1,141.0,3.0,420.0,5.8,90.0,120.0,4.8,155.0,36.0,103.0,101.0,6.2,1.02,4.4,17.3,,,,,,,,1,0.0,1.0,True
2022_16053059,2,mujer,46,69.5,156.1,28.52,91.0,0.583,modulo_1,141.0,2.0,435.0,,,,,,,,,,,,,,,,,,,,1,,,False
2022_16053065,2,mujer,25,86.1,160.4,33.47,104.3,0.65,modulo_1,110.0,4.0,360.0,,,,,,,,,,,,,,,,,,,,1,,,False
2022_16053067,2,mujer,29,47.5,162.0,18.1,61.0,0.377,modulo_1,107.0,4.0,160.0,,,,,,,,,,,,,,,,,,,,1,,,False
2022_16053068,1,hombre,39,79.25,164.7,29.22,105.0,0.638,modulo_1,133.0,4.0,975.0,,,,,,,,,,,,,,,,,,,,1,,,False
2022_16053076,1,hombre,54,66.65,170.4,22.95,88.1,0.517,modulo_1,141.0,4.0,790.0,,,,,,,,,,,,,,,,,,,,0,,,False
2022_16053077,1,hombre,67,48.15,146.5,22.43,78.3,0.534,modulo_2,105.0,3.0,300.0,,,,,,,,,,,,,,,,,,,,0,,,False
2022_16053079,1,hombre,56,87.7,166.0,31.83,115.8,0.698,modulo_1,125.0,4.0,570.0,,,,,,,,,,,,,,,,,,,,1,,,False
2022_16069002,2,mujer,59,59.5,146.6,27.69,93.1,0.635,modulo_1,138.0,3.0,465.0,,,,,,,,,,,,,,,,,,,,1,,,False
2022_16069003,1,hombre,66,103.8,161.2,39.95,125.5,0.779,modulo_2,97.0,1.0,600.0,,,,,,,,,,,,,,,,,,,,0,,,False
2022_16069005,1,hombre,78,67.15,164.6,24.78,,,modulo_2,137.0,4.0,580.0,,,,,,,,,,,,,,,,,,,,0,,,False
2022_16069007,2,mujer,48,66.6,157.7,26.78,82.9,0.526,modulo_1,113.0,3.0,720.0,,,,,,,,,,,,,,,,,,,,1,,,False
2022_16069014,2,mujer,38,64.25,152.9,27.48,96.0,0.628,modulo_1,118.0,3.0,360.0,,,,,,,,,,,,,,,,,,,,1,,,False
2022_16069015,2,mujer,80,49.25,136.2,26.55,97.5,0.716,modulo_2,166.0,2.0,360.0,,,,,,,,,,,,,,,,,,,,0,,,False
2022_16069022,1,hombre,51,58.8,159.9,23.0,84.7,0.53,modulo_1,145.0,4.0,600.0,5.5,83.0,111.0,2.3,196.0,53.0,134.0,71.0,3.8,0.77,4.8,16.3,,,,,,,,0,0.0,0.0,True
2022_16069023,2,mujer,50,73.2,156.1,30.04,99.3,0.636,modulo_1,109.0,2.0,330.0,5.3,94.0,105.0,8.4,177.0,47.0,124.0,81.0,4.9,0.62,4.1,13.4,,,,,,,,1,0.0,0.0,True
2022_16069024,2,mujer,28,91.1,162.0,34.71,116.5,0.719,modulo_1,104.0,3.0,480.0,,,,,,,,,,,,14.3,19.5,12.1,5.6,0.65,1.1,1376.0,18.2,1,,,False
2022_16069025,2,mujer,55,60.45,147.2,27.9,92.3,0.627,modulo_1,111.0,5.0,465.0,,,,,,,,,,,,,,,,,,,,1,,,False
2022_16069026,1,hombre,22,84.55,173.7,28.02,98.4,0.566,modulo_1,114.0,4.0,585.0,,,,,,,,,,,,,,,,,,,,1,,,False
2022_16069027,1,hombre,46,75.9,165.4,27.74,102.3,0.619,modulo_1,105.0,4.0,300.0,,,,,,,,,,,,,,,,,,,,1,,,False
2022_16082001,2,mujer,31,41.6,150.7,18.32,58.8,0.39,modulo_1,103.0,2.0,390.0,4.9,88.0,94.0,3.9,139.0,40.0,88.0,76.0,5.5,1.0,4.7,13.6,29.2,15.6,8.3,0.02,1.1,153.0,26.9,0,0.0,0.0,True
2022_16082002,1,hombre,60,70.3,170.0,24.33,93.2,0.548,modulo_2,125.0,3.0,600.0,,,,,,,,,,,,,,,,,,,,0,,,False
2022_16082007,1,hombre,58,73.35,164.4,27.14,102.1,0.621,modulo_1,140.0,2.0,310.0,,,,,,,,,,,,,,,,,,,,1,,,False
2022_16082008,2,mujer,44,86.15,154.7,36.0,100.5,0.65,modulo_1,123.0,3.0,300.0,,,,,,,,,,,,,,,,,,,,1,,,False
2022_16082010,1,hombre,21,97.0,173.1,32.37,100.7,0.582,modulo_1,110.0,2.0,450.0,,,,,,,,,,,,,,,,,,,,1,,,False
2022_16082014,2,mujer,50,59.45,148.6,26.92,83.3,0.561,modulo_1,124.0,4.0,360.0,,,,,,,,,,,,,,,,,,,,1,,,False
2022_16082017,2,mujer,45,59.85,151.7,26.01,96.2,0.634,modulo_1,109.0,,60.0,13.1,341.0,329.0,3.4,190.0,50.0,128.0,125.0,2.0,0.52,4.0,15.0,96.0,22.3,6.4,2.3,0.9,400.0,34.6,1,1.0,1.0,True
2022_16082018,2,mujer,19,92.45,164.1,34.33,,,modulo_1,115.0,3.0,60.0,,,,,,,,,,,,,,,,,,,,1,,,False
2022_16082020,2,mujer,65,73.7,151.0,32.32,104.0,0.689,modulo_2,126.0,3.0,315.0,,,,,,,,,,,,,,,,,,,,0,,,False
2022_16082026,2,mujer,24,86.1,160.7,33.34,,,modulo_1,94.0,4.0,180.0,4.7,88.0,88.0,12.6,207.0,43.0,144.0,104.0,5.1,0.56,4.3,13.2,30.1,13.1,5.3,1.0,1.5,329.0,20.8,1,0.0,0.0,True
2022_16082027,2,mujer,43,77.2,153.3,32.85,97.5,0.636,modulo_1,124.0,4.0,720.0,5.1,91.0,100.0,5.3,216.0,44.0,146.0,173.0,3.5,0.71,4.3,12.2,4.1,15.9,7.2,0.07,1.5,171.0,14.8,1,0.0,0.0,True
2022_16082028,1,hombre,63,69.85,168.0,24.75,95.6,0.569,modulo_2,140.0,3.0,750.0,,,,,,,,,,,,,,,,,,,,0,,,False
2022_16082029,1,hombre,38,64.85,163.0,24.41,88.6,0.544,modulo_1,120.0,3.0,400.0,5.2,88.0,103.0,7.7,158.0,39.0,104.0,133.0,5.3,0.98,4.3,16.3,,,,,,,,0,0.0,0.0,True
2022_16082030,1,hombre,58,79.35,158.2,31.71,106.1,0.671,modulo_1,132.0,4.0,510.0,5.5,102.0,111.0,10.5,176.0,41.0,98.0,169.0,6.3,2.09,3.9,12.0,,,,,,,,1,0.0,0.0,True
2022_16082031,2,mujer,64,62.1,151.2,27.16,92.2,0.61,modulo_2,163.0,4.0,460.0,6.5,136.0,140.0,13.6,203.0,37.0,126.0,223.0,6.0,0.78,3.9,14.0,,,,,,,,1,1.0,1.0,True
2022_16102001,2,mujer,23,75.15,158.5,29.91,88.7,0.56,modulo_1,94.0,3.0,720.0,5.1,72.0,100.0,7.0,96.0,31.0,59.0,50.0,3.5,0.44,2.8,14.8,36.2,17.8,6.8,0.62,1.7,141.0,13.0,0,0.0,0.0,True
2022_16102003,2,mujer,38,59.95,153.3,25.51,,,modulo_1,122.0,4.0,300.0,5.4,77.0,108.0,6.0,80.0,36.0,47.0,34.0,3.3,0.39,2.4,14.5,29.9,20.6,6.5,0.12,0.9,309.0,26.7,1,0.0,0.0,True
2022_16102004,2,mujer,33,80.1,148.2,36.47,112.5,0.759,modulo_1,126.0,1.0,340.0,,,,,,,,,,,,,,,,,,,,1,,,False
2022_16102005,2,mujer,54,65.95,150.1,29.27,90.4,0.602,modulo_1,145.0,4.0,240.0,,,,,,,,,,,,,,,,,,,,1,,,False
2022_16102007,1,hombre,8,,126.6,,,,modulo_1,115.0,5.0,540.0,,,,,,,,,,,,12.4,40.8,16.5,7.3,0.84,1.2,148.0,31.9,0,,,False
2022_16102008,1,hombre,18,73.3,175.8,23.72,,,modulo_1,115.0,4.0,900.0,,,,,,,,,,,,,,,,,,,,0,,,False
2022_16102010,1,hombre,23,70.35,178.0,22.2,83.1,0.467,modulo_1,99.0,4.0,60.0,5.1,80.0,100.0,3.2,170.0,46.0,100.0,1245.0,5.6,0.92,4.7,18.1,,,,,,,,1,0.0,0.0,True
2022_16102012,2,mujer,36,54.15,146.6,25.2,84.4,0.576,modulo_1,112.0,1.0,230.0,,,,,,,,,,,,,,,,,,,,1,,,False
2022_16102015,2,mujer,27,75.65,161.3,29.08,104.0,0.645,modulo_1,111.0,4.0,1120.0,,,,,,,,,,,,,,,,,,,,1,,,False
2022_16102016,1,hombre,38,78.2,172.1,26.4,97.0,0.564,modulo_1,122.0,4.0,380.0,,,,,,,,,,,,,,,,,,,,1,,,False
2022_16102020,2,mujer,36,57.1,154.8,23.83,,,modulo_1,81.0,2.0,600.0,,,,,,,,,,,,,,,,,,,,0,,,False
2022_16102025,2,mujer,28,54.9,156.8,22.33,76.2,0.486,modulo_1,124.0,3.0,620.0,,,,,,,,,,,,,,,,,,,,0,,,False
2022_16102026,1,hombre,63,86.95,168.3,30.7,110.9,0.659,modulo_2,116.0,4.0,180.0,,,,,,,,,,,,,,,,,,,,0,,,False
2022_16102030,1,hombre,44,35.3,136.4,18.97,69.3,0.508,modulo_1,121.0,4.0,1140.0,5.0,77.0,97.0,2.4,128.0,42.0,68.0,83.0,6.4,0.75,4.3,15.4,,,,,,,,0,0.0,0.0,True
2022_16102031,2,mujer,45,72.75,154.0,30.68,99.2,0.644,modulo_1,127.0,3.0,360.0,,,,,,,,,,,,13.8,20.7,19.0,8.7,0.33,0.2,223.0,25.6,1,,,False
2022_16102032,2,mujer,45,92.55,153.2,39.43,116.2,0.758,modulo_1,116.0,3.0,480.0,,,,,,,,,,,,,,,,,,,,1,,,False
2022_16107001,1,hombre,47,80.3,160.2,31.29,109.6,0.684,modulo_1,127.0,1.0,810.0,,,,,,,,,,,,,,,,,,,,1,,,False
2022_16107002,1,hombre,30,80.75,173.9,26.7,97.0,0.558,modulo_1,99.0,4.0,630.0,,,,,,,,,,,,,,,,,,,,0,,,False
2022_16107003,2,mujer,29,66.9,160.2,26.07,89.5,0.559,modulo_1,105.0,4.0,330.0,,,,,,,,,,,,,,,,,,,,1,,,False
2022_16107004,2,mujer,52,86.15,166.1,31.23,110.3,0.664,modulo_1,170.0,3.0,300.0,5.3,85.0,105.0,6.0,234.0,49.0,134.0,259.0,5.0,1.21,3.6,15.7,,,,,,,,1,0.0,0.0,True
2022_16107007,2,mujer,27,61.65,160.5,23.93,82.7,0.515,modulo_1,113.0,2.0,610.0,,,,,,,,,,,,,,,,,,,,0,,,False
2022_16107009,1,hombre,42,70.65,169.6,24.56,88.5,0.522,modulo_1,150.0,2.0,580.0,5.3,105.0,105.0,7.9,222.0,43.0,127.0,223.0,5.4,0.7,4.2,14.8,,,,,,,,1,0.0,0.0,True
2022_16107010,1,hombre,44,64.7,154.0,27.28,,,modulo_2,126.0,1.0,720.0,,,,,,,,,,,,,,,,,,,,1,,,False
2022_16107011,2,mujer,57,56.95,151.5,24.81,87.6,0.578,modulo_1,132.0,4.0,585.0,,,,,,,,,,,,,,,,,,,,0,,,False
2022_16107015,2,mujer,65,62.95,158.5,25.06,93.6,0.591,modulo_2,130.0,1.0,450.0,7.4,144.0,166.0,2.3,184.0,51.0,106.0,144.0,3.7,0.72,4.2,11.6,,,,,,,,0,1.0,1.0,True
2022_16107016,1,hombre,67,68.55,165.9,24.91,101.5,0.612,modulo_2,152.0,1.0,270.0,,,,,,,,,,,,,,,,,,,,0,,,False
2022_16107017,1,hombre,50,68.7,164.5,25.39,93.8,0.57,modulo_1,127.0,4.0,280.0,,,,,,,,,,,,,,,,,,,,1,,,False
2022_16107020,2,mujer,64,66.6,152.7,28.56,90.7,0.594,modulo_2,126.0,4.0,420.0,5.4,99.0,108.0,13.5,168.0,48.0,104.0,117.0,4.4,0.85,3.8,14.2,,,,,,,,0,0.0,0.0,True
2022_16107021,2,mujer,53,72.7,160.2,28.33,101.8,0.635,modulo_1,121.0,2.0,255.0,6.1,99.0,128.0,15.9,200.0,46.0,111.0,175.0,5.1,0.7,4.1,14.2,,,,,,,,1,0.0,1.0,True
2022_16107024,2,mujer,47,64.35,160.2,25.07,83.5,0.521,modulo_1,122.0,3.0,405.0,,,,,,,,,,,,,,,,,,,,1,,,False
2022_16107025,1,hombre,70,53.6,152.4,23.08,88.9,0.583,modulo_2,137.0,3.0,590.0,,,,,,,,,,,,,,,,,,,,0,,,False
2022_16107027,1,hombre,75,58.45,166.4,21.11,,,modulo_2,168.0,3.0,570.0,6.8,110.0,148.0,2.2,160.0,46.0,83.0,142.0,5.8,0.75,4.6,14.7,,,,,,,,0,1.0,1.0,True
2022_16107028,2,mujer,45,77.2,161.2,29.71,103.0,0.639,modulo_1,166.0,3.0,170.0,10.2,244.0,246.0,11.3,203.0,46.0,129.0,229.0,3.2,0.64,4.2,15.2,14.7,27.8,7.4,0.27,1.4,278.0,23.8,1,1.0,1.0,True
2022_16107030,1,hombre,53,62.75,155.3,26.02,88.4,0.569,modulo_1,95.0,2.0,840.0,5.5,91.0,111.0,6.8,162.0,35.0,88.0,283.0,4.7,0.83,3.9,17.3,,,,,,,,0,0.0,0.0,True
2022_17005002,1,hombre,43,84.0,167.0,30.12,102.5,0.614,modulo_1,127.0,5.0,885.0,,,,,,,,,,,,,,,,,,,,1,,,False
2022_17005003,2,mujer,69,55.8,144.4,26.76,98.9,0.685,modulo_2,168.0,3.0,420.0,,,,,,,,,,,,,,,,,,,,0,,,False
2022_17005008,1,hombre,61,80.9,159.8,31.68,108.5,0.679,modulo_2,136.0,3.0,975.0,,,,,,,,,,,,,,,,,,,,0,,,False
2022_17005010,2,mujer,66,68.5,156.7,27.9,99.2,0.633,modulo_2,125.0,4.0,180.0,6.8,58.0,148.0,1.4,92.0,25.0,91.0,163.0,2.2,0.28,1.5,12.8,,,,,,,,0,1.0,1.0,True
2022_17005014,1,hombre,32,63.75,173.4,21.2,85.1,0.491,modulo_1,124.0,4.0,780.0,,,,,,,,,,,,,,,,,,,,0,,,False
2022_17006005,1,hombre,67,65.65,158.6,26.1,97.0,0.612,modulo_2,128.0,5.0,180.0,8.6,160.0,200.0,5.5,197.0,23.0,65.0,758.0,4.7,0.64,3.8,15.8,,,,,,,,1,1.0,1.0,True
2022_17006007,2,mujer,49,63.3,153.8,26.76,83.9,0.546,modulo_1,117.0,4.0,300.0,5.6,88.0,114.0,6.1,158.0,37.0,110.0,86.0,3.8,0.61,3.5,11.0,3.0,23.4,10.1,0.07,2.5,130.0,20.1,1,0.0,0.0,True
2022_17006009,2,mujer,64,101.95,153.7,43.16,119.0,0.774,modulo_2,130.0,4.0,560.0,5.7,112.0,117.0,8.7,123.0,38.0,63.0,123.0,0.4,0.63,4.0,14.8,,,,,,,,0,0.0,1.0,True
2022_17006011,2,mujer,33,65.8,151.8,28.56,91.0,0.599,modulo_1,129.0,4.0,660.0,,,,,,,,,,,,,,,,,,,,1,,,False
2022_17006012,2,mujer,53,73.7,151.5,32.11,105.8,0.698,modulo_1,115.0,2.0,990.0,,,,,,,,,,,,,,,,,,,,1,,,False
2022_17006013,1,hombre,60,95.9,166.2,34.72,112.3,0.676,modulo_2,180.0,2.0,500.0,,,,,,,,,,,,,,,,,,,,0,,,False
2022_17006014,2,mujer,42,72.85,161.0,28.1,99.0,0.615,modulo_1,119.0,3.0,475.0,,,,,,,,,,,,,,,,,,,,1,,,False
2022_17006015,2,mujer,45,72.1,153.1,30.76,98.5,0.643,modulo_1,118.0,2.0,180.0,,,,,,,,,,,,15.5,72.6,13.5,6.32,0.98,1.0,657.0,27.4,1,,,False
2022_17006020,2,mujer,55,71.55,159.6,28.09,97.6,0.612,modulo_1,129.0,2.0,240.0,,,,,,,,,,,,,,,,,,,,1,,,False
2022_17006022,2,mujer,46,72.15,142.7,35.43,93.5,0.655,modulo_1,142.0,4.0,330.0,,,,,,,,,,,,,,,,,,,,1,,,False
2022_17006030,1,hombre,39,78.2,168.8,27.44,96.7,0.573,modulo_1,109.0,3.0,450.0,,,,,,,,,,,,,,,,,,,,1,,,False
2022_17006032,2,mujer,32,68.4,161.3,26.29,92.0,0.57,modulo_1,110.0,3.0,420.0,,,,,,,,,,,,,,,,,,,,1,,,False
2022_17006034,1,hombre,41,79.15,171.1,27.04,90.1,0.527,modulo_1,111.0,3.0,630.0,,,,,,,,,,,,,,,,,,,,1,,,False
2022_17007003,2,mujer,49,66.9,156.5,27.31,92.9,0.594,modulo_1,125.0,4.0,200.0,6.1,111.0,128.0,13.0,171.0,26.0,83.0,624.0,5.4,0.51,4.0,15.0,147.7,21.3,7.16,0.42,1.2,245.0,21.4,1,0.0,1.0,True
2022_17007004,1,hombre,50,72.55,168.5,25.55,91.7,0.544,modulo_1,136.0,4.0,540.0,5.3,80.0,105.0,5.6,152.0,48.0,101.0,86.0,2.8,0.65,3.9,16.6,,,,,,,,1,0.0,0.0,True
2022_17007005,1,hombre,50,83.15,167.5,29.64,101.0,0.603,modulo_1,146.0,5.0,512.0,,,,,,,,,,,,,,,,,,,,1,,,False
2022_17007027,2,mujer,39,54.75,154.2,23.03,81.1,0.526,modulo_1,114.0,3.0,360.0,,,,,,,,,,,,,,,,,,,,0,,,False
2022_17007031,1,hombre,45,83.85,169.4,29.22,103.5,0.611,modulo_1,138.0,2.0,540.0,,,,,,,,,,,,,,,,,,,,1,,,False
2022_17007035,1,hombre,28,106.4,180.2,32.77,120.9,0.671,modulo_1,129.0,1.0,580.0,,,,,,,,,,,,,,,,,,,,1,,,False
2022_17007050,2,mujer,69,60.15,145.6,28.37,94.3,0.648,modulo_2,148.0,4.0,325.0,,,,,,,,,,,,,,,,,,,,0,,,False
2022_17007055,1,hombre,68,65.55,165.7,23.87,100.5,0.607,modulo_2,179.0,2.0,720.0,,,,,,,,,,,,,,,,,,,,0,,,False
2022_17007058,1,hombre,72,78.35,176.1,25.27,104.2,0.592,modulo_2,130.0,3.0,200.0,,,,,,,,,,,,,,,,,,,,0,,,False
2022_17007064,2,mujer,84,64.7,154.0,27.28,,,modulo_2,126.0,2.0,130.0,5.6,97.0,114.0,1.8,122.0,52.0,49.0,85.0,5.1,0.65,3.5,12.3,,,,,,,,1,0.0,0.0,True
2022_17008001,1,hombre,49,74.2,161.4,28.48,101.2,0.627,modulo_1,153.0,5.0,450.0,,,,,,,,,,,,,,,,,,,,1,,,False
2022_17008003,1,hombre,34,66.0,173.0,22.05,,,modulo_1,112.0,4.0,60.0,4.6,226.0,85.0,20.1,121.0,28.0,71.0,223.0,4.1,0.68,4.2,13.8,,,,,,,,1,0.0,0.0,True
2022_17008007,2,mujer,67,61.7,156.0,25.35,97.0,0.622,modulo_2,121.0,1.0,90.0,5.9,99.0,123.0,13.1,166.0,39.0,171.0,197.0,3.7,0.52,3.8,12.5,,,,,,,,1,0.0,1.0,True
2022_17008010,2,mujer,53,40.5,143.3,19.72,73.0,0.509,modulo_1,126.0,4.0,100.0,,,,,,,,,,,,,,,,,,,,1,,,False
2022_17008015,2,mujer,62,52.35,144.5,25.07,95.6,0.662,modulo_2,143.0,4.0,290.0,7.5,92.0,169.0,10.8,174.0,84.0,83.0,89.0,4.3,0.87,3.9,11.4,,,,,,,,0,1.0,1.0,True
2022_17008017,1,hombre,50,61.0,157.1,24.72,81.5,0.519,modulo_1,116.0,3.0,750.0,5.3,80.0,105.0,5.3,197.0,38.0,103.0,445.0,7.1,0.98,4.6,15.8,,,,,,,,0,0.0,0.0,True
2022_17008019,1,hombre,26,79.05,169.2,27.61,92.2,0.545,modulo_1,147.0,4.0,700.0,,,,,,,,,,,,,,,,,,,,1,,,False
2022_17008022,2,mujer,59,62.65,140.0,31.96,90.2,0.644,modulo_1,119.0,4.0,380.0,,,,,,,,,,,,,,,,,,,,1,,,False
2022_17008023,2,mujer,68,85.95,143.9,41.51,119.4,0.83,modulo_2,125.0,1.0,200.0,,,,,,,,,,,,,,,,,,,,0,,,False
2022_17008024,2,mujer,33,64.4,149.8,28.7,90.6,0.605,modulo_1,120.0,2.0,110.0,5.9,64.0,123.0,2.5,80.0,25.0,68.0,99.0,3.0,0.2,1.7,12.9,14.0,6.9,5.64,0.26,0.7,563.0,20.9,1,0.0,1.0,True
2022_17008027,2,mujer,31,67.0,156.5,27.36,91.0,0.581,modulo_1,115.0,4.0,140.0,5.9,96.0,123.0,7.8,168.0,54.0,108.0,106.0,4.3,0.65,4.3,13.6,8.7,13.9,6.9,0.1,1.2,324.0,29.0,1,0.0,1.0,True
2022_17008030,1,hombre,67,56.75,157.0,23.02,88.0,0.561,modulo_2,115.0,4.0,360.0,6.1,96.0,128.0,2.7,104.0,28.0,68.0,133.0,5.2,0.96,3.9,15.1,,,,,,,,0,0.0,1.0,True
2022_17008031,1,hombre,54,100.15,166.4,36.17,120.8,0.726,modulo_1,125.0,5.0,375.0,,,,,,,,,,,,,,,,,,,,1,,,False
2022_17011005,1,hombre,47,78.65,170.5,27.06,94.6,0.555,modulo_1,147.0,5.0,255.0,8.2,150.0,189.0,6.8,177.0,23.0,70.0,832.0,3.7,0.66,3.1,16.8,,,,,,,,1,1.0,1.0,True
2022_17011014,1,hombre,70,72.4,163.0,27.25,99.3,0.609,modulo_2,100.0,4.0,65.0,,,,,,,,,,,,,,,,,,,,1,,,False
2022_17011017,1,hombre,61,126.4,174.0,41.75,133.1,0.765,modulo_2,112.0,3.0,220.0,,,,,,,,,,,,,,,,,,,,0,,,False
2022_17011019,2,mujer,61,75.8,160.3,29.5,92.0,0.574,modulo_2,113.0,4.0,150.0,5.4,71.0,108.0,4.2,62.0,16.0,47.0,121.0,4.2,0.32,2.2,13.6,,,,,,,,1,0.0,0.0,True
2022_17011021,1,hombre,66,61.4,173.6,20.37,79.9,0.46,modulo_2,154.0,1.0,240.0,,,,,,,,,,,,,,,,,,,,0,,,False
2022_17011026,2,mujer,68,77.0,160.5,29.89,99.1,0.617,modulo_2,,4.0,240.0,,,,,,,,,,,,,,,,,,,,0,,,False
2022_17011032,1,hombre,57,78.6,169.5,27.36,99.6,0.588,modulo_1,118.0,3.0,80.0,5.3,77.0,105.0,2.8,90.0,53.0,90.0,99.0,5.9,0.74,3.4,14.2,,,,,,,,1,0.0,0.0,True
2022_17011035,2,mujer,37,68.75,160.0,26.86,87.5,0.547,modulo_1,111.0,2.0,360.0,5.0,64.0,97.0,3.6,94.0,30.0,58.0,120.0,3.4,0.51,2.9,13.5,44.1,14.2,8.03,0.08,0.1,174.0,21.5,1,0.0,0.0,True
2022_17011038,2,mujer,31,62.42,144.1,30.06,,,modulo_1,99.0,4.0,225.0,,,,,,,,,,,,,,,,,,,,0,,,False
2022_17011039,2,mujer,50,74.6,152.2,32.2,108.4,0.712,modulo_1,113.0,3.0,640.0,5.8,94.0,120.0,13.2,127.0,38.0,88.0,96.0,4.2,0.42,3.2,14.4,,,,,,,,1,0.0,1.0,True
2022_17011042,2,mujer,64,,,,95.5,,modulo_2,125.0,1.0,120.0,6.8,61.0,148.0,9.0,92.0,34.0,53.0,72.0,9.5,5.1,2.6,12.6,,,,,,,,1,1.0,1.0,True
2022_17011044,2,mujer,39,68.4,151.2,29.92,87.7,0.58,modulo_1,95.0,4.0,260.0,,,,,,,,,,,,,,,,,,,,0,,,False
2022_17011048,2,mujer,39,99.25,152.4,42.73,119.4,0.783,modulo_1,115.0,2.0,380.0,5.3,82.0,105.0,14.6,109.0,31.0,62.0,172.0,5.0,0.47,3.0,12.6,87.4,11.4,5.78,1.55,1.1,137.0,48.7,1,0.0,0.0,True
2022_17011051,2,mujer,28,57.25,149.7,25.55,89.1,0.595,modulo_1,102.0,4.0,180.0,5.1,70.0,100.0,5.4,121.0,35.0,83.0,107.0,4.1,0.57,3.3,11.4,4.2,5.1,9.42,0.39,1.6,259.0,26.2,1,0.0,0.0,True
2022_17011055,1,hombre,63,66.8,164.2,24.78,86.5,0.527,modulo_2,123.0,3.0,420.0,11.7,279.0,289.0,1.4,159.0,43.0,108.0,237.0,7.8,1.48,2.7,15.7,,,,,,,,1,1.0,1.0,True
2022_17011056,2,mujer,39,68.1,148.3,30.96,93.2,0.628,modulo_1,125.0,2.0,465.0,,,,,,,,,,,,15.1,16.6,10.0,5.61,0.38,1.0,354.0,25.5,1,,,False
2022_17011057,2,mujer,60,62.15,140.7,31.39,95.8,0.681,modulo_2,132.0,2.0,300.0,,,,,,,,,,,,,,,,,,,,0,,,False
2022_17011061,2,mujer,53,59.4,149.2,26.68,87.8,0.588,modulo_1,131.0,1.0,120.0,6.2,92.0,131.0,7.7,124.0,46.0,64.0,79.0,2.7,0.26,2.9,12.3,,,,,,,,1,0.0,1.0,True
2022_17011062,1,hombre,57,82.25,158.0,32.95,112.6,0.713,modulo_1,128.0,4.0,360.0,,,,,,,,,,,,,,,,,,,,1,,,False
2022_17011065,2,mujer,27,78.55,152.2,33.91,90.5,0.595,modulo_1,107.0,3.0,320.0,,,,,,,,,,,,,,,,,,,,1,,,False
2022_17011068,2,mujer,55,77.9,159.0,30.81,97.0,0.61,modulo_1,121.0,4.0,620.0,4.9,84.0,94.0,10.0,128.0,50.0,65.0,77.0,3.1,0.58,3.3,14.3,,,,,,,,1,0.0,0.0,True
2022_17011069,2,mujer,38,54.9,156.8,22.33,80.5,0.513,modulo_1,119.0,3.0,300.0,,,,,,,,,,,,,,,,,,,,0,,,False
2022_17018002,1,hombre,56,66.52,149.8,29.64,98.5,0.658,modulo_1,162.0,2.0,425.0,,,,,,,,,,,,,,,,,,,,1,,,False
2022_17018007,1,hombre,55,83.7,163.8,31.2,102.8,0.628,modulo_1,135.0,2.0,85.0,,,,,,,,,,,,,,,,,,,,1,,,False
2022_17018023,1,hombre,51,50.3,150.0,22.36,76.5,0.51,modulo_1,100.0,4.0,330.0,,,,,,,,,,,,,,,,,,,,0,,,False
2022_17018024,1,hombre,31,119.35,173.1,39.83,112.5,0.65,modulo_1,116.0,4.0,345.0,5.5,79.0,111.0,15.6,167.0,22.0,96.0,499.0,6.0,0.56,3.3,15.3,,,,,,,,1,0.0,0.0,True
2022_17018026,2,mujer,66,77.0,151.5,33.55,116.2,0.767,modulo_2,182.0,5.0,210.0,12.8,222.0,321.0,8.0,164.0,39.0,112.0,161.0,4.9,0.65,3.0,15.2,,,,,,,,0,1.0,1.0,True
2022_17018030,1,hombre,46,107.2,164.2,39.76,,,modulo_1,140.0,1.0,180.0,,,,,,,,,,,,,,,,,,,,1,,,False
2022_17018031,2,mujer,47,61.75,148.8,27.89,93.5,0.628,modulo_1,105.0,2.0,370.0,5.6,46.0,114.0,3.7,151.0,22.0,76.0,524.0,2.4,,2.3,11.9,11.7,12.5,7.2,0.22,1.0,321.0,17.9,1,0.0,0.0,True
2022_17018033,2,mujer,43,68.3,154.0,28.8,97.5,0.633,modulo_1,110.0,5.0,390.0,,,,,,,,,,,,,,,,,,,,1,,,False
2022_17018035,1,hombre,33,84.55,161.1,32.58,96.3,0.598,modulo_1,121.0,5.0,405.0,4.9,62.0,94.0,4.6,136.0,26.0,116.0,114.0,4.8,0.5,2.7,18.6,,,,,,,,1,0.0,0.0,True
2022_17018040,2,mujer,63,57.85,147.2,26.7,86.1,0.585,modulo_2,113.0,4.0,300.0,,,,,,,,,,,,,,,,,,,,0,,,False
2022_17019002,2,mujer,63,58.05,148.0,26.5,87.7,0.593,modulo_2,112.0,3.0,150.0,,,,,,,,,,,,,,,,,,,,1,,,False
2022_17019003,1,hombre,87,47.45,155.4,19.65,81.5,0.524,modulo_2,105.0,4.0,195.0,5.6,74.0,114.0,1.8,123.0,41.0,75.0,75.0,7.4,1.03,3.0,12.8,,,,,,,,0,0.0,0.0,True
2022_17019006,2,mujer,63,58.25,152.0,25.21,96.0,0.632,modulo_2,150.0,3.0,150.0,6.9,127.0,151.0,5.0,180.0,33.0,116.0,281.0,5.7,0.68,3.6,13.8,,,,,,,,1,1.0,1.0,True
2022_17019013,1,hombre,67,57.75,173.5,19.18,71.7,0.413,modulo_2,139.0,3.0,500.0,5.7,74.0,117.0,0.9,106.0,43.0,62.0,63.0,5.0,1.0,3.6,13.2,,,,,,,,0,0.0,1.0,True
2022_17019016,2,mujer,59,63.7,152.8,27.28,86.5,0.566,modulo_1,149.0,4.0,430.0,,,,,,,,,,,,,,,,,,,,1,,,False
2022_17019019,1,hombre,48,88.85,164.8,32.71,104.9,0.637,modulo_1,130.0,4.0,150.0,10.5,309.0,255.0,15.4,153.0,36.0,108.0,126.0,2.7,0.57,3.6,15.8,,,,,,,,1,1.0,1.0,True
2022_17019022,2,mujer,47,100.2,158.4,39.94,109.6,0.692,modulo_1,112.0,3.0,450.0,,,,,,,,,,,,,,,,,,,,1,,,False
2022_17019026,2,mujer,55,60.55,157.2,24.5,91.4,0.581,modulo_1,128.0,3.0,60.0,,,,,,,,,,,,,,,,,,,,1,,,False
2022_17019028,1,hombre,59,48.55,166.0,17.62,,,modulo_1,98.0,3.0,425.0,,,,,,,,,,,,,,,,,,,,0,,,False
2022_17019030,1,hombre,62,62.1,151.0,27.24,94.2,0.624,modulo_2,175.0,3.0,510.0,9.5,165.0,226.0,19.6,172.0,36.0,112.0,195.0,5.1,1.01,3.4,16.3,,,,,,,,1,1.0,1.0,True
2022_17024003,2,mujer,19,66.8,155.1,27.77,,,modulo_1,115.0,4.0,240.0,,,,,,,,,,,,15.3,24.8,19.3,8.62,0.19,1.5,153.0,32.5,1,,,False
2022_17024005,2,mujer,68,63.55,148.7,28.74,100.9,0.679,modulo_2,114.0,4.0,5940.0,,,,,,,,,,,,,,,,,,,,0,,,False
2022_17024010,1,hombre,62,86.45,167.8,30.7,105.5,0.629,modulo_2,120.0,2.0,540.0,5.3,60.0,105.0,5.4,74.0,19.0,66.0,75.0,4.5,0.42,2.2,16.0,,,,,,,,0,0.0,0.0,True
2022_17024022,2,mujer,24,72.3,164.9,26.59,,,modulo_1,100.0,5.0,780.0,4.7,42.0,88.0,3.5,76.0,26.0,64.0,90.0,1.8,,1.2,11.4,6.6,10.3,3.1,1.28,1.5,187.0,46.4,0,0.0,0.0,True
2022_17024026,2,mujer,60,84.35,166.5,30.43,103.4,0.621,modulo_1,95.0,4.0,260.0,,,,,,,,,,,,,,,,,,,,0,,,False
2022_17028007,1,hombre,18,60.15,169.7,20.89,,,modulo_1,115.0,3.0,390.0,,,,,,,,,,,,,,,,,,,,0,,,False
2022_17028008,2,mujer,58,69.75,154.6,29.18,94.5,0.611,modulo_1,117.0,4.0,240.0,5.5,79.0,111.0,6.8,186.0,39.0,140.0,122.0,3.8,0.51,3.4,13.7,,,,,,,,1,0.0,0.0,True
2022_17028011,2,mujer,59,71.3,156.2,29.22,100.2,0.641,modulo_1,88.0,3.0,780.0,5.3,68.0,105.0,7.8,127.0,30.0,88.0,79.0,4.9,0.42,2.8,13.6,,,,,,,,0,0.0,0.0,True
2022_17028012,1,hombre,19,79.2,172.6,26.59,,,modulo_1,115.0,2.0,345.0,,,,,,,,,,,,,,,,,,,,1,,,False
2022_17028026,1,hombre,37,75.55,165.1,27.72,97.3,0.589,modulo_1,108.0,3.0,585.0,5.1,71.0,100.0,8.7,132.0,30.0,99.0,113.0,5.4,0.55,3.4,18.4,,,,,,,,1,0.0,0.0,True
2022_17028030,1,hombre,30,100.45,160.4,39.04,118.2,0.737,modulo_1,128.0,2.0,360.0,5.3,64.0,105.0,17.6,90.0,25.0,64.0,152.0,4.9,0.52,2.1,15.7,,,,,,,,1,0.0,0.0,True
2022_17029002,1,hombre,66,66.4,158.0,26.6,95.5,0.604,modulo_2,131.0,4.0,300.0,6.7,133.0,146.0,3.2,186.0,31.0,123.0,281.0,8.4,0.97,4.0,17.5,,,,,,,,1,1.0,1.0,True
2022_17029005,1,hombre,61,87.55,176.0,28.26,104.0,0.591,modulo_2,129.0,4.0,780.0,5.5,85.0,111.0,12.7,173.0,39.0,113.0,114.0,5.8,1.02,4.9,18.0,,,,,,,,0,0.0,0.0,True
2022_17029008,2,mujer,40,59.35,157.5,23.93,87.2,0.554,modulo_1,108.0,2.0,120.0,,,,,,,,,,,,,,,,,,,,1,,,False
2022_17029011,1,hombre,53,78.7,166.6,28.35,101.0,0.606,modulo_1,149.0,3.0,795.0,,,,,,,,,,,,,,,,,,,,1,,,False
2022_17029013,2,mujer,41,66.15,153.2,28.18,93.2,0.608,modulo_1,95.0,4.0,310.0,,,,,,,,,,,,,,,,,,,,0,,,False
2022_17029014,2,mujer,25,64.8,164.3,24.0,,,modulo_1,111.0,2.0,580.0,,,,,,,,,,,,,,,,,,,,0,,,False
2022_17029018,1,hombre,32,69.95,160.6,27.12,93.6,0.583,modulo_1,94.0,2.0,480.0,8.4,200.0,194.0,4.0,121.0,24.0,56.0,540.0,4.4,0.67,4.0,16.4,,,,,,,,1,1.0,1.0,True
2022_17029021,1,hombre,64,62.85,158.5,25.02,91.0,0.574,modulo_2,146.0,2.0,508.0,,,,,,,,,,,,,,,,,,,,0,,,False
2022_17029024,2,mujer,45,59.45,154.1,25.03,86.9,0.564,modulo_1,108.0,1.0,240.0,,,,,,,,,,,,,,,,,,,,1,,,False
2022_17029027,2,mujer,4,76.5,151.0,33.55,98.8,0.654,modulo_1,99.0,1.0,110.0,,,,,,,,,,,,14.1,19.4,21.0,6.22,0.79,1.8,647.0,32.6,1,,,False
2022_17036001,2,mujer,40,64.65,154.0,27.26,87.0,0.565,modulo_1,113.0,3.0,660.0,,,,,,,,,,,,,,,,,,,,1,,,False
2022_17036006,2,mujer,41,73.45,144.5,35.18,110.7,0.766,modulo_1,115.0,4.0,570.0,,,,,,,,,,,,,,,,,,,,1,,,False
2022_17036009,2,mujer,68,53.7,148.0,24.52,80.0,0.541,modulo_2,146.0,4.0,200.0,5.2,89.0,103.0,4.5,153.0,40.0,94.0,132.0,4.9,0.69,3.4,13.4,,,,,,,,0,0.0,0.0,True
2022_17036013,1,hombre,43,84.35,164.1,31.32,96.8,0.59,modulo_1,131.0,4.0,520.0,5.8,84.0,120.0,12.2,170.0,53.0,104.0,140.0,7.2,1.15,4.1,16.8,,,,,,,,1,0.0,1.0,True
2022_17036018,1,hombre,22,62.65,180.9,19.14,75.0,0.415,modulo_1,115.0,4.0,180.0,,,,,,,,,,,,,,,,,,,,0,,,False
2022_17036022,2,mujer,64,55.2,140.6,27.92,93.9,0.668,modulo_2,161.0,4.0,420.0,,,,,,,,,,,,,,,,,,,,0,,,False
2022_17036023,2,mujer,48,64.9,149.8,28.92,95.5,0.638,modulo_1,138.0,3.0,270.0,,,,,,,,,,,,15.6,3.8,11.3,6.86,0.21,1.2,33.5,15.1,1,,,False
2022_17036027,2,mujer,72,65.38,150.3,28.94,103.0,0.685,modulo_2,134.0,4.0,750.0,6.3,131.0,134.0,18.7,113.0,35.0,69.0,76.0,4.9,0.68,3.1,11.4,,,,,,,,0,0.0,1.0,True
2022_18006002,1,hombre,57,95.0,175.6,30.81,110.6,0.63,modulo_1,140.0,5.0,640.0,4.9,90.0,94.0,18.9,246.0,43.0,148.0,423.0,5.5,0.81,3.9,19.3,,,,,,,,1,0.0,0.0,True
2022_18006003,2,mujer,52,65.05,153.3,27.68,83.8,0.547,modulo_1,145.0,4.0,630.0,,,,,,,,,,,,,,,,,,,,1,,,False
2022_18006004,2,mujer,33,65.7,164.1,24.4,,,modulo_1,130.0,4.0,660.0,4.5,,82.0,,,,,,,,,15.4,49.5,9.0,9.62,0.06,1.3,211.0,23.6,0,0.0,0.0,True
2022_18006005,2,mujer,42,69.7,153.5,29.58,90.1,0.587,modulo_1,112.0,2.0,540.0,,,,,,,,,,,,13.6,50.1,14.4,8.35,0.3,0.9,233.0,20.4,1,,,False
2022_18006007,2,mujer,48,105.4,156.2,43.2,129.6,0.83,modulo_1,117.0,4.0,120.0,6.5,97.0,140.0,14.5,137.0,43.0,77.0,157.0,3.6,0.47,3.0,11.1,4.0,8.6,7.75,2.01,3.4,421.0,20.8,1,1.0,1.0,True
2022_18006013,1,hombre,68,61.2,157.3,24.73,94.1,0.598,modulo_2,148.0,1.0,360.0,5.5,93.0,111.0,5.6,228.0,36.0,146.0,375.0,6.7,0.96,3.9,17.5,,,,,,,,1,0.0,0.0,True
2022_18006029,2,mujer,57,58.4,144.8,27.85,96.4,0.666,modulo_1,129.0,2.0,350.0,,,,,,,,,,,,,,,,,,,,1,,,False
2022_18006033,1,hombre,26,78.75,162.5,29.82,98.5,0.606,modulo_1,127.0,5.0,180.0,,,,,,,,,,,,,,,,,,,,1,,,False
2022_18015001,2,mujer,39,78.9,160.9,30.48,102.1,0.635,modulo_1,142.0,1.0,255.0,,,,,,,,,,,,,,,,,,,,1,,,False
2022_18015002,2,mujer,31,79.1,163.9,29.45,,,modulo_1,107.0,4.0,110.0,,,,,,,,,,,,13.1,45.0,153.0,5.77,0.84,0.8,161.0,32.1,1,,,False
2022_18015007,2,mujer,64,93.45,156.5,38.15,133.2,0.851,modulo_2,122.0,2.0,780.0,9.8,99.0,235.0,23.6,199.0,34.0,131.0,177.0,7.3,1.1,3.6,12.2,,,,,,,,0,1.0,1.0,True
2022_18015008,2,mujer,28,59.6,150.2,26.42,92.3,0.615,modulo_1,112.0,3.0,475.0,5.1,85.0,100.0,4.3,160.0,34.0,109.0,141.0,3.8,0.55,3.9,14.5,9.9,12.6,6.75,0.12,1.0,185.0,31.3,1,0.0,0.0,True
2022_18015009,1,hombre,49,82.95,158.6,32.98,113.9,0.718,modulo_1,118.0,1.0,90.0,,,,,,,,,,,,,,,,,,,,1,,,False
2022_18015012,2,mujer,30,90.6,162.5,34.31,,,modulo_1,110.0,1.0,480.0,,,,,,,,,,,,,,,,,,,,1,,,False
2022_18015013,1,hombre,46,73.1,156.5,29.85,96.1,0.614,modulo_1,108.0,3.0,450.0,,,,,,,,,,,,,,,,,,,,1,,,False
2022_18015014,2,mujer,62,57.7,151.1,25.27,89.2,0.59,modulo_2,112.0,4.0,505.0,6.8,87.0,148.0,7.6,192.0,32.0,71.0,744.0,3.2,0.65,3.9,11.4,,,,,,,,0,1.0,1.0,True
2022_18015023,1,hombre,69,80.5,164.9,29.6,105.8,0.642,modulo_2,147.0,3.0,330.0,,,,,,,,,,,,,,,,,,,,0,,,False
2022_18017004,2,mujer,56,69.0,157.3,27.89,95.5,0.607,modulo_1,126.0,4.0,300.0,5.5,69.0,111.0,4.9,138.0,48.0,80.0,106.0,4.8,0.84,3.4,12.5,,,,,,,,1,0.0,0.0,True
2022_18017006,1,hombre,69,68.2,162.5,25.83,97.8,0.602,modulo_2,142.0,1.0,415.0,,,,,,,,,,,,,,,,,,,,0,,,False
2022_18017008,2,mujer,43,69.35,151.6,30.18,96.3,0.635,modulo_1,114.0,3.0,570.0,5.2,90.0,103.0,11.9,140.0,47.0,89.0,102.0,4.1,0.53,4.1,11.1,2.4,23.5,5.97,0.18,2.3,253.0,24.0,1,0.0,0.0,True
2022_18017018,2,mujer,27,80.25,158.2,32.07,96.3,0.609,modulo_1,125.0,4.0,170.0,,,,,,,,,,,,,,,,,,,,1,,,False
2022_18017021,1,hombre,56,99.95,175.0,32.64,117.5,0.671,modulo_1,144.0,2.0,150.0,,,,,,,,,,,,,,,,,,,,1,,,False
2022_18017027,2,mujer,64,64.7,143.5,31.42,100.1,0.698,modulo_2,121.0,3.0,110.0,,,,,,,,,,,,,,,,,,,,1,,,False
2022_18017029,1,hombre,69,66.5,149.2,29.87,104.1,0.698,modulo_2,174.0,1.0,360.0,,,,,,,,,,,,,,,,,,,,0,,,False
2022_18017030,2,mujer,61,91.35,151.6,39.75,113.2,0.747,modulo_2,146.0,5.0,300.0,,,,,,,,,,,,,,,,,,,,0,,,False
2022_18017032,1,hombre,61,93.6,166.0,33.97,115.3,0.695,modulo_2,135.0,4.0,300.0,,,,,,,,,,,,,,,,,,,,0,,,False
2022_18017033,1,hombre,48,68.3,157.1,27.67,93.9,0.598,modulo_1,142.0,3.0,660.0,,,,,,,,,,,,,,,,,,,,1,,,False
2022_18017034,1,hombre,53,79.3,168.3,28.0,99.3,0.59,modulo_1,132.0,2.0,600.0,5.1,81.0,100.0,3.0,131.0,38.0,82.0,62.0,4.5,0.75,4.5,14.3,,,,,,,,1,0.0,0.0,True
2022_18017036,2,mujer,59,71.1,158.3,28.37,87.3,0.551,modulo_1,128.0,4.0,300.0,,,,,,,,,,,,,,,,,,,,1,,,False
2022_18017037,1,hombre,62,73.4,158.8,29.11,100.2,0.631,modulo_2,138.0,3.0,260.0,,,,,,,,,,,,,,,,,,,,0,,,False
2022_18017039,2,mujer,28,62.1,159.7,24.35,81.3,0.509,modulo_1,92.0,3.0,740.0,,,,,,,,,,,,,,,,,,,,0,,,False
2022_18017041,2,mujer,37,60.6,160.9,23.41,90.2,0.561,modulo_1,103.0,4.0,120.0,,,,,,,,,,,,,,,,,,,,1,,,False
2022_18017045,2,mujer,62,89.7,168.7,31.52,,,modulo_2,159.0,4.0,195.0,5.0,86.0,97.0,8.2,72.0,29.0,44.0,63.0,5.5,0.64,2.2,13.2,,,,,,,,0,0.0,0.0,True
2022_18017046,1,hombre,62,61.75,160.1,24.09,83.5,0.522,modulo_1,88.0,4.0,375.0,,,,,,,,,,,,,,,,,,,,0,,,False
2022_18017047,2,mujer,62,101.8,158.4,40.57,124.5,0.786,modulo_2,,5.0,300.0,,,,,,,,,,,,,,,,,,,,0,,,False
2022_18017052,2,mujer,52,94.2,160.2,36.71,98.6,0.615,modulo_1,167.0,4.0,240.0,,,,,,,,,,,,,,,,,,,,1,,,False
2022_18017054,1,hombre,46,78.3,167.3,27.97,,,modulo_1,,3.0,810.0,,,,,,,,,,,,,,,,,,,,1,,,False
2022_18017059,2,mujer,63,70.5,159.5,27.71,111.3,0.698,modulo_2,182.0,3.0,720.0,5.3,90.0,105.0,6.1,103.0,23.0,69.0,113.0,5.6,0.53,2.5,15.3,,,,,,,,0,0.0,0.0,True
2022_18017060,2,mujer,34,48.9,145.1,23.23,79.4,0.547,modulo_1,101.0,5.0,600.0,5.3,84.0,105.0,6.4,115.0,30.0,66.0,154.0,3.3,0.41,3.1,13.8,25.3,23.5,4.51,0.43,0.7,229.0,23.1,0,0.0,0.0,True
2022_18017062,2,mujer,29,68.3,146.9,31.65,87.2,0.594,modulo_1,117.0,3.0,360.0,,,,,,,,,,,,,,,,,,,,1,,,False
2022_18017065,2,mujer,54,63.05,157.5,25.42,91.1,0.578,modulo_1,102.0,4.0,190.0,5.6,84.0,114.0,4.7,148.0,34.0,101.0,124.0,4.9,0.52,2.9,16.3,,,,,,,,1,0.0,0.0,True
2022_18017076,2,mujer,48,61.75,153.0,26.38,96.5,0.631,modulo_1,96.0,2.0,540.0,,,,,,,,,,,,,,,,,,,,0,,,False
2022_18017078,2,mujer,20,56.95,156.3,23.31,,,modulo_1,117.0,4.0,600.0,,,,,,,,,,,,13.6,37.7,12.9,6.39,0.02,1.0,250.0,25.9,0,,,False
2022_18017079,2,mujer,58,86.35,160.4,33.56,107.1,0.668,modulo_1,141.0,4.0,540.0,5.2,82.0,103.0,7.5,187.0,39.0,114.0,154.0,3.4,0.49,3.3,13.9,,,,,,,,1,0.0,0.0,True
2022_18017082,1,hombre,38,61.75,164.8,22.74,84.9,0.515,modulo_1,135.0,2.0,1080.0,,,,,,,,,,,,,,,,,,,,0,,,False
2022_18017084,2,mujer,46,75.2,149.1,33.83,82.7,0.555,modulo_1,138.0,4.0,360.0,,,,,,,,,,,,,,,,,,,,1,,,False
2022_18017085,2,mujer,58,93.1,152.4,40.08,98.3,0.645,modulo_1,135.0,3.0,260.0,,,,,,,,,,,,,,,,,,,,1,,,False
2022_18017086,2,mujer,22,64.15,167.2,22.95,82.1,0.491,modulo_1,116.0,5.0,135.0,,,,,,,,,,,,,,,,,,,,1,,,False
2022_18017088,2,mujer,62,52.45,149.6,23.44,89.5,0.598,modulo_2,121.0,1.0,75.0,,,,,,,,,,,,,,,,,,,,1,,,False
2022_18017089,2,mujer,42,76.15,152.3,32.83,82.7,0.543,modulo_1,132.0,4.0,180.0,,,,,,,,,,,,,,,,,,,,1,,,False
2022_18017090,2,mujer,71,52.45,152.4,22.58,72.1,0.473,modulo_1,121.0,2.0,670.0,,,,,,,,,,,,,,,,,,,,0,,,False
2022_18017097,1,hombre,54,71.95,165.6,26.24,98.9,0.597,modulo_1,124.0,4.0,540.0,5.5,88.0,111.0,3.9,109.0,29.0,74.0,117.0,3.8,0.75,3.0,14.2,,,,,,,,1,0.0,0.0,True
2022_18017099,2,mujer,56,47.95,162.2,18.23,,,modulo_1,115.0,4.0,420.0,,,,,,,,,,,,,,,,,,,,0,,,False
2022_19006003,2,mujer,52,63.55,150.5,28.06,99.9,0.664,modulo_1,128.0,2.0,180.0,,,,,,,,,,,,,,,,,,,,1,,,False
2022_19006004,2,mujer,66,63.9,142.8,31.34,95.4,0.668,modulo_2,115.0,3.0,30.0,6.1,80.0,128.0,5.4,106.0,27.0,59.0,122.0,4.5,0.67,2.8,12.7,,,,,,,,1,0.0,1.0,True
2022_19006005,1,hombre,26,82.7,172.3,27.86,100.6,0.584,modulo_1,135.0,1.0,1700.0,,,,,,,,,,,,,,,,,,,,1,,,False
2022_19006006,2,mujer,54,61.15,141.3,30.63,99.5,0.704,modulo_1,146.0,2.0,375.0,,,,,,,,,,,,,,,,,,,,1,,,False
2022_19006007,1,hombre,30,87.3,172.4,29.37,104.6,0.607,modulo_1,118.0,4.0,1030.0,,,,,,,,,,,,,,,,,,,,1,,,False
2022_19006010,2,mujer,53,55.8,145.8,26.25,98.6,0.676,modulo_1,147.0,2.0,320.0,,,,,,,,,,,,,,,,,,,,1,,,False
2022_19006011,2,mujer,61,52.75,135.0,28.94,90.8,0.673,modulo_2,108.0,2.0,90.0,,,,,,,,,,,,,,,,,,,,1,,,False
2022_19006015,1,hombre,22,65.35,168.7,22.96,86.2,0.511,modulo_1,132.0,3.0,180.0,,,,,,,,,,,,,,,,,,,,0,,,False
2022_19006016,1,hombre,56,76.8,162.8,28.98,105.4,0.647,modulo_1,113.0,1.0,360.0,,,,,,,,,,,,,,,,,,,,1,,,False
2022_19006020,1,hombre,45,78.0,166.2,28.24,96.2,0.579,modulo_1,132.0,1.0,240.0,,,,,,,,,,,,,,,,,,,,1,,,False
2022_19006021,2,mujer,58,55.7,156.4,22.77,88.7,0.567,modulo_1,104.0,1.0,360.0,,,,,,,,,,,,,,,,,,,,0,,,False
2022_19006023,2,mujer,57,76.65,160.7,29.68,95.8,0.596,modulo_1,115.0,1.0,550.0,5.0,78.0,97.0,4.8,128.0,46.0,71.0,191.0,2.6,0.51,2.8,12.5,,,,,,,,1,0.0,0.0,True
2022_19006025,1,hombre,38,61.4,161.0,23.69,75.6,0.47,modulo_1,113.0,4.0,440.0,5.0,77.0,97.0,1.4,111.0,37.0,58.0,125.0,4.6,0.92,3.4,14.8,,,,,,,,0,0.0,0.0,True
2022_19006026,2,mujer,54,57.05,149.3,25.59,89.6,0.6,modulo_1,132.0,4.0,330.0,,,,,,,,,,,,,,,,,,,,1,,,False
2022_19006027,2,mujer,50,72.1,152.4,31.04,98.3,0.645,modulo_1,112.0,2.0,250.0,,,,,,,,,,,,,,,,,,,,1,,,False
2022_19006030,2,mujer,59,62.25,146.8,28.89,98.0,0.668,modulo_1,129.0,3.0,140.0,10.6,215.0,258.0,6.4,195.0,45.0,112.0,251.0,5.2,0.55,3.5,13.7,,,,,,,,1,1.0,1.0,True
2022_19006032,2,mujer,48,69.6,144.1,33.52,98.6,0.684,modulo_1,147.0,2.0,120.0,,,,,,,,,,,,,,,,,,,,1,,,False
2022_19006046,2,mujer,62,78.45,161.5,30.08,92.5,0.573,modulo_2,126.0,4.0,240.0,,,,,,,,,,,,,,,,,,,,0,,,False
2022_19006048,2,mujer,50,71.4,153.8,30.18,88.0,0.572,modulo_1,121.0,2.0,150.0,,,,,,,,,,,,,,,,,,,,1,,,False
2022_19006050,2,mujer,73,64.7,154.0,27.28,,,modulo_2,131.0,5.0,780.0,,,,,,,,,,,,,,,,,,,,0,,,False
2022_19006053,2,mujer,54,93.15,157.0,37.79,114.8,0.731,modulo_1,110.0,2.0,1040.0,,,,,,,,,,,,,,,,,,,,1,,,False
2022_19006062,1,hombre,66,76.9,170.0,26.61,98.5,0.579,modulo_2,171.0,2.0,330.0,,,,,,,,,,,,,,,,,,,,0,,,False
2022_19006066,1,hombre,46,93.25,174.3,30.69,101.8,0.584,modulo_1,142.0,2.0,6240.0,,,,,,,,,,,,,,,,,,,,1,,,False
2022_19006069,1,hombre,30,71.1,166.1,25.77,82.7,0.498,modulo_1,117.0,2.0,270.0,,,,,,,,,,,,,,,,,,,,1,,,False
2022_19006072,2,mujer,74,71.15,144.8,33.93,108.7,0.751,modulo_2,130.0,2.0,240.0,7.4,114.0,166.0,8.4,163.0,46.0,86.0,155.0,5.7,0.85,3.9,13.0,,,,,,,,0,1.0,1.0,True
2022_19006073,1,hombre,20,79.0,162.8,29.81,96.8,0.595,modulo_1,125.0,4.0,660.0,,,,,,,,,,,,,,,,,,,,1,,,False
2022_19006074,1,hombre,59,90.05,170.0,31.16,101.4,0.596,modulo_1,140.0,4.0,600.0,,,,,,,,,,,,,,,,,,,,1,,,False
2022_19006076,2,mujer,59,66.6,153.0,28.45,91.2,0.596,modulo_1,121.0,5.0,300.0,,,,,,,,,,,,,,,,,,,,1,,,False
2022_19006077,1,hombre,33,126.45,186.3,36.43,108.2,0.581,modulo_1,147.0,2.0,264.0,,,,,,,,,,,,,,,,,,,,1,,,False
2022_19006079,2,mujer,65,101.75,145.0,48.39,132.6,0.914,modulo_2,115.0,4.0,330.0,,,,,,,,,,,,,,,,,,,,0,,,False
2022_19006081,2,mujer,53,84.15,170.7,28.88,108.2,0.634,modulo_1,120.0,2.0,190.0,,,,,,,,,,,,,,,,,,,,1,,,False
2022_19006084,2,mujer,62,60.85,150.7,26.79,93.3,0.619,modulo_2,124.0,4.0,150.0,,,,,,,,,,,,,,,,,,,,1,,,False
2022_19006091,1,hombre,59,78.6,173.8,26.02,103.6,0.596,modulo_1,144.0,3.0,75.0,,,,,,,,,,,,,,,,,,,,1,,,False
2022_19006092,2,mujer,51,101.2,172.2,34.13,108.8,0.632,modulo_1,120.0,3.0,315.0,11.3,250.0,278.0,4.0,127.0,43.0,62.0,143.0,3.1,0.6,4.0,14.2,,,,,,,,1,1.0,1.0,True
2022_19006096,2,mujer,53,69.0,154.5,28.91,97.5,0.631,modulo_1,185.0,5.0,780.0,,,,,,,,,,,,,,,,,,,,1,,,False
2022_19006100,2,mujer,53,58.9,148.5,26.71,90.3,0.608,modulo_1,105.0,2.0,480.0,,,,,,,,,,,,,,,,,,,,1,,,False
2022_19006103,2,mujer,58,61.1,161.4,23.45,84.0,0.52,modulo_1,87.0,4.0,90.0,,,,,,,,,,,,,,,,,,,,1,,,False
2022_19006104,2,mujer,46,92.2,147.9,42.15,116.0,0.784,modulo_1,122.0,5.0,960.0,,,,,,,,,,,,13.0,20.0,22.8,8.74,0.53,1.3,167.0,27.6,1,,,False
2022_19006105,1,hombre,40,39.65,152.4,17.07,,,modulo_1,115.0,4.0,355.0,,,,,,,,,,,,,,,,,,,,0,,,False
2022_19006107,1,hombre,51,64.95,166.9,23.32,86.5,0.518,modulo_1,103.0,3.0,370.0,,,,,,,,,,,,,,,,,,,,0,,,False
2022_19006109,1,hombre,55,74.05,179.3,23.03,96.0,0.535,modulo_1,122.0,3.0,180.0,,,,,,,,,,,,,,,,,,,,0,,,False
2022_19006113,1,hombre,53,92.45,180.3,28.44,102.5,0.568,modulo_1,140.0,2.0,240.0,,,,,,,,,,,,,,,,,,,,1,,,False
2022_19006117,1,hombre,60,100.35,169.8,34.81,120.5,0.71,modulo_2,148.0,3.0,240.0,,,,,,,,,,,,,,,,,,,,0,,,False
2022_19006121,2,mujer,49,77.4,150.6,34.13,102.2,0.679,modulo_1,148.0,2.0,600.0,,,,,,,,,,,,,,,,,,,,1,,,False
2022_19006122,1,hombre,52,74.85,160.7,28.98,100.5,0.625,modulo_1,149.0,3.0,750.0,5.3,77.0,105.0,5.5,186.0,41.0,110.0,199.0,5.0,0.81,3.3,16.0,,,,,,,,1,0.0,0.0,True
2022_19006127,2,mujer,65,80.15,152.6,34.42,115.4,0.756,modulo_2,158.0,2.0,660.0,6.4,110.0,137.0,7.3,219.0,37.0,112.0,109.0,3.5,0.33,3.0,13.5,,,,,,,,1,0.0,1.0,True
2022_19006129,1,hombre,36,99.2,172.8,33.22,113.3,0.656,modulo_1,127.0,2.0,960.0,,,,,,,,,,,,,,,,,,,,1,,,False
2022_19006136,1,hombre,46,85.75,174.9,28.03,99.8,0.571,modulo_1,126.0,3.0,180.0,,,,,,,,,,,,,,,,,,,,1,,,False
2022_19006137,1,hombre,43,90.0,174.0,29.73,95.9,0.551,modulo_1,143.0,4.0,90.0,,,,,,,,,,,,,,,,,,,,1,,,False
2022_19006138,2,mujer,24,78.1,169.5,27.18,87.4,0.516,modulo_1,101.0,5.0,251.0,,,,,,,,,,,,12.3,8.1,16.2,7.37,0.3,1.4,277.0,31.1,1,,,False
2022_19006140,2,mujer,37,92.8,154.4,38.93,117.9,0.764,modulo_1,125.0,2.0,900.0,,,,,,,,,,,,,,,,,,,,1,,,False
2022_19006141,1,hombre,40,76.45,152.2,33.0,105.7,0.694,modulo_1,114.0,2.0,195.0,,,,,,,,,,,,,,,,,,,,1,,,False
2022_19006143,2,mujer,53,52.15,158.3,20.81,81.2,0.513,modulo_1,113.0,3.0,200.0,,,,,,,,,,,,,,,,,,,,0,,,False
2022_19006146,1,hombre,40,76.85,160.0,30.02,107.6,0.672,modulo_1,116.0,4.0,230.0,,,,,,,,,,,,,,,,,,,,1,,,False
2022_19006147,1,hombre,50,105.1,174.5,34.52,119.3,0.684,modulo_1,119.0,3.0,280.0,,,,,,,,,,,,,,,,,,,,1,,,False
2022_19006152,2,mujer,36,69.55,147.7,31.88,97.4,0.659,modulo_1,112.0,2.0,40.0,,,,,,,,,,,,,,,,,,,,1,,,False
2022_19006159,2,mujer,33,50.8,155.1,21.12,74.0,0.477,modulo_1,95.0,1.0,390.0,,,,,,,,,,,,12.3,4.3,25.1,6.25,0.61,1.2,306.0,36.0,0,,,False
2022_19006161,2,mujer,26,51.4,150.2,22.78,76.6,0.51,modulo_1,90.0,1.0,600.0,5.3,80.0,105.0,2.9,139.0,50.0,73.0,64.0,3.7,0.56,3.7,12.0,24.8,25.4,6.23,0.03,0.9,360.0,25.9,0,0.0,0.0,True
2022_19006163,2,mujer,51,72.8,149.9,32.4,98.4,0.656,modulo_1,122.0,3.0,345.0,,,,,,,,,,,,,,,,,,,,1,,,False
2022_19006164,2,mujer,33,96.6,161.8,36.9,109.5,0.677,modulo_1,110.0,3.0,150.0,,,,,,,,,,,,,,,,,,,,1,,,False
2022_19006171,2,mujer,62,83.4,167.8,29.62,97.5,0.581,modulo_2,146.0,1.0,220.0,,,,,,,,,,,,,,,,,,,,0,,,False
2022_19006178,1,hombre,39,110.7,177.0,35.33,107.1,0.605,modulo_1,128.0,2.0,270.0,5.0,83.0,97.0,2.6,93.0,29.0,58.0,170.0,7.0,1.12,2.8,13.4,,,,,,,,1,0.0,0.0,True
2022_19007004,2,mujer,65,56.2,152.6,24.13,98.5,0.645,modulo_2,114.0,5.0,240.0,,,,,,,,,,,,,,,,,,,,0,,,False
2022_19007005,1,hombre,54,55.35,150.0,24.6,90.7,0.605,modulo_1,134.0,3.0,255.0,,,,,,,,,,,,,,,,,,,,0,,,False
2022_19007007,1,hombre,53,76.05,165.2,27.87,101.7,0.616,modulo_1,120.0,4.0,120.0,5.9,73.0,123.0,9.0,213.0,43.0,130.0,169.0,6.5,0.7,4.5,16.4,,,,,,,,1,0.0,1.0,True
2022_19007011,1,hombre,67,77.3,168.3,27.29,103.4,0.614,modulo_2,151.0,3.0,150.0,5.9,77.0,123.0,2.5,224.0,64.0,117.0,170.0,5.4,0.64,3.8,16.2,,,,,,,,1,0.0,1.0,True
2022_19007015,1,hombre,48,61.55,157.8,24.72,91.8,0.582,modulo_1,104.0,2.0,100.0,,,,,,,,,,,,,,,,,,,,1,,,False
2022_19007016,1,hombre,49,69.45,163.0,26.14,88.2,0.541,modulo_1,122.0,4.0,690.0,,,,,,,,,,,,,,,,,,,,1,,,False
2022_19007017,1,hombre,52,69.95,167.8,24.84,92.6,0.552,modulo_1,126.0,4.0,240.0,,,,,,,,,,,,,,,,,,,,1,,,False
2022_19007018,1,hombre,43,62.35,164.7,22.99,86.2,0.523,modulo_1,107.0,5.0,5370.0,,,,,,,,,,,,,,,,,,,,0,,,False
2022_19007020,2,mujer,39,60.85,153.3,25.89,92.0,0.6,modulo_1,190.0,5.0,210.0,,,,,,,,,,,,15.7,9.4,32.6,15.55,0.63,1.1,108.0,34.2,1,,,False
2022_19007023,2,mujer,53,73.7,157.2,29.82,107.0,0.681,modulo_1,130.0,5.0,180.0,,,,,,,,,,,,,,,,,,,,1,,,False
2022_19007024,2,mujer,69,58.3,154.0,24.58,86.4,0.561,modulo_2,151.0,3.0,330.0,,,,,,,,,,,,,,,,,,,,0,,,False
2022_19007025,2,mujer,45,64.8,155.6,26.76,93.1,0.598,modulo_1,94.0,5.0,490.0,,,,,,,,,,,,,,,,,,,,0,,,False
2022_19007026,2,mujer,48,61.5,158.0,24.64,89.2,0.565,modulo_1,126.0,3.0,390.0,,,,,,,,,,,,,,,,,,,,0,,,False
2022_19009003,2,mujer,24,70.5,153.2,30.04,92.5,0.604,modulo_1,99.0,2.0,140.0,,,,,,,,,,,,,,,,,,,,1,,,False
2022_19009004,1,hombre,58,94.4,170.2,32.59,116.3,0.683,modulo_1,121.0,3.0,600.0,,,,,,,,,,,,,,,,,,,,1,,,False
2022_19009005,1,hombre,57,85.45,176.2,27.52,100.7,0.572,modulo_1,124.0,2.0,180.0,,,,,,,,,,,,,,,,,,,,1,,,False
2022_19009007,2,mujer,21,59.45,151.5,25.9,82.1,0.542,modulo_1,131.0,3.0,740.0,,,,,,,,,,,,,,,,,,,,1,,,False
2022_19009010,2,mujer,48,98.35,155.0,40.94,107.2,0.692,modulo_1,126.0,1.0,240.0,5.9,102.0,123.0,11.1,167.0,48.0,107.0,119.0,5.8,0.6,3.8,12.6,35.8,13.6,8.71,2.17,1.2,102.0,19.6,1,0.0,1.0,True
2022_19009011,2,mujer,48,79.5,153.7,33.65,106.0,0.69,modulo_1,167.0,5.0,35.0,,,,,,,,,,,,,,,,,,,,1,,,False
2022_19009012,2,mujer,35,82.25,159.8,32.21,101.0,0.632,modulo_1,113.0,5.0,680.0,,,,,,,,,,,,,,,,,,,,1,,,False
2022_19009013,2,mujer,52,74.0,146.5,34.48,103.3,0.705,modulo_1,111.0,1.0,210.0,,,,,,,,,,,,,,,,,,,,1,,,False
2022_19009014,2,mujer,63,107.3,155.2,44.55,127.5,0.822,modulo_2,146.0,3.0,110.0,,,,,,,,,,,,,,,,,,,,1,,,False
2022_19009017,2,mujer,51,89.65,152.2,38.7,123.2,0.809,modulo_1,148.0,4.0,50.0,,,,,,,,,,,,,,,,,,,,1,,,False
2022_19009020,2,mujer,44,97.45,173.5,32.37,116.8,0.673,modulo_1,99.0,5.0,220.0,,,,,,,,,,,,,,,,,,,,0,,,False
2022_19009023,2,mujer,49,59.8,151.5,26.05,87.1,0.575,modulo_1,127.0,2.0,190.0,,,,,,,,,,,,,,,,,,,,1,,,False
2022_19009024,2,mujer,48,72.0,152.1,31.12,92.6,0.609,modulo_1,138.0,4.0,300.0,,,,,,,,,,,,12.0,19.4,20.8,6.24,0.23,1.6,361.0,24.7,1,,,False
2022_19009031,2,mujer,64,54.35,157.0,22.05,82.2,0.524,modulo_2,132.0,4.0,420.0,,,,,,,,,,,,,,,,,,,,0,,,False
2022_19009035,2,mujer,68,84.15,149.8,37.5,115.7,0.772,modulo_2,143.0,4.0,80.0,,,,,,,,,,,,,,,,,,,,1,,,False
2022_19012001,1,hombre,46,91.45,176.8,29.26,101.8,0.576,modulo_1,113.0,4.0,260.0,5.5,86.0,111.0,6.6,204.0,75.0,92.0,215.0,8.4,1.04,4.4,16.1,,,,,,,,1,0.0,0.0,True
2022_19012002,2,mujer,38,76.25,161.7,29.16,106.0,0.656,modulo_1,108.0,4.0,600.0,5.2,111.0,103.0,27.2,144.0,43.0,86.0,73.0,3.7,0.7,4.3,13.4,7.4,17.1,7.46,0.15,1.5,218.0,26.6,1,0.0,0.0,True
2022_19012003,2,mujer,58,70.55,150.6,31.11,102.3,0.679,modulo_1,160.0,5.0,360.0,,,,,,,,,,,,,,,,,,,,1,,,False
2022_19012005,2,mujer,60,68.45,161.6,26.21,96.8,0.599,modulo_2,147.0,5.0,240.0,,,,,,,,,,,,,,,,,,,,0,,,False
2022_19012007,2,mujer,22,50.3,156.4,20.56,71.9,0.46,modulo_1,80.0,4.0,260.0,,,,,,,,,,,,,,,,,,,,0,,,False
2022_19012010,2,mujer,55,55.6,153.4,23.63,84.5,0.551,modulo_1,123.0,1.0,300.0,,,,,,,,,,,,,,,,,,,,0,,,False
2022_19012011,2,mujer,50,83.75,164.3,31.02,107.8,0.656,modulo_1,134.0,2.0,5300.0,5.8,104.0,120.0,7.4,219.0,53.0,138.0,159.0,6.3,0.71,4.0,13.4,,,,,,,,1,0.0,1.0,True
2022_19012012,1,hombre,39,105.1,159.7,41.21,120.8,0.756,modulo_1,100.0,3.0,500.0,,,,,,,,,,,,,,,,,,,,0,,,False
2022_19012014,1,hombre,54,70.35,169.0,24.63,87.4,0.517,modulo_1,153.0,3.0,150.0,,,,,,,,,,,,,,,,,,,,1,,,False
2022_19012015,2,mujer,70,55.6,147.3,25.63,95.5,0.648,modulo_2,115.0,3.0,810.0,5.6,111.0,114.0,14.4,160.0,46.0,90.0,145.0,5.9,0.71,4.4,12.9,,,,,,,,0,0.0,0.0,True
2022_19012016,2,mujer,43,56.05,166.9,20.12,81.5,0.488,modulo_1,114.0,2.0,600.0,,,,,,,,,,,,,,,,,,,,0,,,False
2022_19012017,1,hombre,60,71.45,168.5,25.17,96.1,0.57,modulo_2,106.0,2.0,440.0,,,,,,,,,,,,,,,,,,,,0,,,False
2022_19012021,1,hombre,67,63.6,157.1,25.77,99.6,0.634,modulo_2,176.0,4.0,660.0,5.5,94.0,111.0,3.2,207.0,48.0,112.0,117.0,5.2,1.06,4.0,14.2,,,,,,,,1,0.0,0.0,True
2022_19012029,2,mujer,59,70.4,149.5,31.5,96.1,0.643,modulo_1,123.0,2.0,300.0,6.1,112.0,128.0,12.6,204.0,56.0,122.0,122.0,6.1,0.69,4.0,13.3,,,,,,,,1,0.0,1.0,True
2022_19018002,2,mujer,20,93.0,158.7,36.93,112.6,0.71,modulo_1,111.0,3.0,215.0,,,,,,,,,,,,,,,,,,,,1,,,False
2022_19018004,2,mujer,42,78.9,153.5,33.49,109.5,0.713,modulo_1,105.0,3.0,420.0,,,,,,,,,,,,9.6,,,,,,,,1,,,False
2022_19018007,2,mujer,56,75.05,152.5,32.27,102.1,0.67,modulo_1,115.0,3.0,375.0,5.4,96.0,108.0,11.2,200.0,51.0,125.0,108.0,5.1,0.66,4.2,15.0,,,,,,,,1,0.0,0.0,True
2022_19018008,2,mujer,40,106.6,154.6,44.6,127.6,0.825,modulo_1,117.0,2.0,120.0,12.4,253.0,309.0,10.6,279.0,58.0,177.0,311.0,2.9,0.5,3.7,12.3,11.1,16.2,6.51,1.55,1.2,132.0,21.2,1,1.0,1.0,True
2022_19018014,2,mujer,27,65.2,149.9,29.02,,,modulo_1,94.0,4.0,450.0,5.2,81.0,103.0,9.4,243.0,52.0,160.0,180.0,5.9,0.62,4.8,13.3,77.5,30.1,4.53,0.98,1.1,456.0,37.2,0,0.0,0.0,True
2022_19018015,1,hombre,42,102.1,165.4,37.32,126.6,0.765,modulo_1,145.0,5.0,30.0,5.4,104.0,108.0,10.0,181.0,48.0,114.0,108.0,6.3,0.7,4.0,16.4,,,,,,,,1,0.0,0.0,True
2022_19018016,1,hombre,20,45.45,162.7,17.17,66.7,0.41,modulo_1,125.0,4.0,255.0,4.9,85.0,94.0,2.1,122.0,51.0,62.0,37.0,5.5,0.79,3.6,18.0,,,,,,,,0,0.0,0.0,True
2022_19018023,1,hombre,35,80.6,166.0,29.25,91.5,0.551,modulo_1,125.0,2.0,1150.0,,,,,,,,,,,,,,,,,,,,1,,,False
2022_19018026,1,hombre,28,75.3,175.1,24.56,88.8,0.507,modulo_1,113.0,3.0,6000.0,,,,,,,,,,,,,,,,,,,,0,,,False
2022_19018029,2,mujer,33,80.25,157.8,32.23,157.8,1.0,modulo_1,121.0,1.0,225.0,,,,,,,,,,,,,,,,,,,,1,,,False
2022_19018030,1,hombre,22,75.15,167.0,26.95,92.7,0.555,modulo_1,137.0,1.0,60.0,,,,,,,,,,,,,,,,,,,,1,,,False
2022_19018033,1,hombre,59,89.5,176.6,28.7,114.0,0.646,modulo_1,127.0,1.0,95.0,,,,,,,,,,,,,,,,,,,,1,,,False
2022_19018034,1,hombre,46,58.55,153.8,24.75,85.6,0.557,modulo_1,115.0,1.0,60.0,,,,,,,,,,,,,,,,,,,,1,,,False
2022_19018035,1,hombre,52,81.35,170.2,28.08,106.9,0.628,modulo_1,139.0,2.0,600.0,,,,,,,,,,,,,,,,,,,,1,,,False
2022_19018037,2,mujer,41,86.4,161.9,32.96,115.9,0.716,modulo_1,143.0,1.0,480.0,8.4,176.0,194.0,21.3,207.0,47.0,67.0,835.0,11.0,1.02,4.4,11.5,21.4,46.8,12.33,0.49,1.1,285.0,24.1,1,1.0,1.0,True
2022_19018041,1,hombre,60,72.25,167.3,25.81,99.4,0.594,modulo_2,148.0,1.0,30.0,5.3,85.0,105.0,1.6,220.0,41.0,145.0,174.0,5.2,0.91,4.7,15.4,,,,,,,,1,0.0,0.0,True
2022_19018043,1,hombre,37,90.1,170.3,31.07,105.2,0.618,modulo_1,127.0,4.0,900.0,,,,,,,,,,,,,,,,,,,,1,,,False
2022_19018045,2,mujer,25,88.3,150.8,38.83,108.3,0.718,modulo_1,93.0,4.0,200.0,,,,,,,,,,,,13.2,23.6,13.5,5.44,0.46,0.7,263.0,21.2,0,,,False
2022_19018046,1,hombre,50,79.55,152.2,34.34,112.1,0.737,modulo_1,116.0,2.0,280.0,,,,,,,,,,,,,,,,,,,,1,,,False
2022_19018047,1,hombre,41,78.9,150.5,34.83,,,modulo_1,115.0,4.0,520.0,,,,,,,,,,,,,,,,,,,,1,,,False
2022_19018048,2,mujer,50,75.0,151.2,32.81,106.0,0.701,modulo_1,156.0,4.0,180.0,5.2,93.0,103.0,5.9,174.0,45.0,113.0,164.0,4.3,0.69,4.3,16.1,40.0,18.3,10.08,0.39,1.0,140.0,20.5,1,0.0,0.0,True
2022_19018052,1,hombre,37,78.3,168.5,27.58,97.6,0.579,modulo_1,116.0,2.0,360.0,5.2,100.0,103.0,17.5,241.0,34.0,152.0,287.0,6.8,0.9,4.1,16.9,,,,,,,,1,0.0,0.0,True
2022_19018054,2,mujer,54,71.1,160.0,27.77,99.5,0.622,modulo_1,143.0,1.0,525.0,,,,,,,,,,,,,,,,,,,,1,,,False
2022_19018056,2,mujer,38,92.0,165.8,33.47,110.1,0.664,modulo_1,121.0,2.0,53.0,7.1,105.0,157.0,13.0,180.0,46.0,113.0,134.0,3.8,0.57,3.7,11.9,185.2,16.9,7.9,1.68,0.9,244.0,28.1,1,1.0,1.0,True
2022_19018057,2,mujer,15,42.8,153.4,18.19,,,modulo_1,115.0,1.0,720.0,,,,,,,,,,,,,,,,,,,,0,,,False
2022_19018059,2,mujer,43,68.5,151.6,29.81,90.0,0.594,modulo_1,117.0,5.0,240.0,,,,,,,,,,,,,,,,,,,,1,,,False
2022_19018060,1,hombre,52,51.2,166.8,18.4,71.0,0.426,modulo_1,107.0,3.0,650.0,,,,,,,,,,,,,,,,,,,,0,,,False
2022_19018062,1,hombre,48,76.1,163.4,28.5,99.7,0.61,modulo_1,146.0,4.0,325.0,,,,,,,,,,,,,,,,,,,,1,,,False
2022_19018067,2,mujer,31,67.95,152.7,29.14,86.4,0.566,modulo_1,112.0,4.0,380.0,4.8,83.0,91.0,8.7,178.0,54.0,100.0,66.0,3.4,0.63,4.3,18.2,36.1,14.9,6.38,0.39,1.1,386.0,36.5,1,0.0,0.0,True
2022_19018069,2,mujer,36,56.8,156.1,23.31,86.6,0.555,modulo_1,99.0,3.0,190.0,,,,,,,,,,,,,,,,,,,,0,,,False
2022_19018070,2,mujer,22,41.9,147.4,19.28,71.4,0.484,modulo_1,91.0,5.0,300.0,,,,,,,,,,,,12.5,37.2,35.3,4.47,0.03,1.7,299.0,25.8,0,,,False
2022_19018071,2,mujer,31,80.65,156.4,32.97,96.5,0.617,modulo_1,114.0,3.0,200.0,,,,,,,,,,,,,,,,,,,,1,,,False
2022_19018073,1,hombre,25,69.65,162.3,26.44,84.7,0.522,modulo_1,118.0,4.0,180.0,4.6,71.0,85.0,6.6,138.0,35.0,95.0,90.0,5.4,0.73,4.4,15.9,,,,,,,,1,0.0,0.0,True
2022_19018075,2,mujer,37,48.6,158.5,19.35,77.2,0.487,modulo_1,92.0,2.0,600.0,5.1,77.0,100.0,2.4,157.0,38.0,86.0,131.0,4.1,0.48,2.8,7.4,4.8,13.6,11.99,0.76,3.2,264.0,11.7,0,0.0,0.0,True
2022_19018076,2,mujer,27,69.85,151.2,30.55,,,modulo_1,117.0,4.0,210.0,,,,,,,,,,,,,,,,,,,,1,,,False
2022_19018077,1,hombre,20,93.65,166.9,33.62,,,modulo_1,115.0,1.0,680.0,,,,,,,,,,,,,,,,,,,,1,,,False
2022_19018078,2,mujer,28,68.0,157.9,27.27,87.2,0.552,modulo_1,112.0,1.0,300.0,,,,,,,,,,,,,,,,,,,,1,,,False
2022_19018080,2,mujer,37,83.1,151.3,36.3,103.6,0.685,modulo_1,93.0,1.0,220.0,,,,,,,,,,,,14.0,18.3,20.7,5.64,0.39,0.9,425.0,21.4,0,,,False
2022_19018082,1,hombre,21,78.7,161.7,30.1,94.5,0.584,modulo_1,124.0,3.0,420.0,5.1,68.0,100.0,28.2,66.0,18.0,47.0,74.0,4.4,0.51,2.0,15.8,,,,,,,,1,0.0,0.0,True
2022_19018085,2,mujer,34,53.25,150.5,23.51,79.6,0.529,modulo_1,99.0,4.0,180.0,,,,,,,,,,,,,,,,,,,,0,,,False
2022_19018086,2,mujer,40,74.25,150.5,32.78,97.9,0.65,modulo_1,113.0,2.0,600.0,,,,,,,,,,,,,,,,,,,,1,,,False
2022_19018087,1,hombre,37,101.1,161.0,39.0,116.4,0.723,modulo_1,128.0,4.0,720.0,,,,,,,,,,,,,,,,,,,,1,,,False
2022_19018090,2,mujer,42,83.85,155.0,34.9,112.9,0.728,modulo_1,111.0,1.0,435.0,5.1,65.0,100.0,4.6,137.0,36.0,74.0,88.0,2.7,0.46,2.9,14.4,20.1,16.6,7.29,0.31,0.8,301.0,20.3,1,0.0,0.0,True
2022_19018091,1,hombre,23,100.55,170.1,34.75,112.3,0.66,modulo_1,124.0,1.0,420.0,,,,,,,,,,,,,,,,,,,,1,,,False
2022_19018093,1,hombre,24,74.0,169.5,25.76,90.1,0.532,modulo_1,123.0,3.0,120.0,,,,,,,,,,,,,,,,,,,,1,,,False
2022_19018097,2,mujer,29,77.9,160.5,30.24,97.8,0.609,modulo_1,108.0,4.0,390.0,,,,,,,,,,,,13.8,8.1,15.6,8.12,0.17,1.0,328.0,31.0,1,,,False
2022_19018101,1,hombre,27,47.9,170.5,16.48,70.4,0.413,modulo_1,83.0,5.0,1500.0,,,,,,,,,,,,,,,,,,,,0,,,False
2022_19018103,2,mujer,24,71.85,155.3,29.79,95.9,0.618,modulo_1,110.0,2.0,270.0,,,,,,,,,,,,12.5,64.0,29.8,13.53,1.4,1.2,488.0,7.8,1,,,False
2022_19018105,1,hombre,26,59.7,161.5,22.89,80.3,0.497,modulo_1,109.0,4.0,750.0,,,,,,,,,,,,,,,,,,,,0,,,False
2022_19018107,2,mujer,41,65.95,155.5,27.27,89.5,0.576,modulo_1,116.0,4.0,450.0,,,,,,,,,,,,,,,,,,,,1,,,False
2022_19018113,2,mujer,33,45.75,149.6,20.44,74.2,0.496,modulo_1,103.0,5.0,520.0,5.2,87.0,103.0,6.9,163.0,39.0,100.0,97.0,3.7,0.55,4.5,12.8,40.0,18.3,10.08,0.39,1.0,140.0,20.5,0,0.0,0.0,True
2022_19018124,2,mujer,54,88.4,158.4,35.23,114.3,0.722,modulo_1,145.0,4.0,35.0,,,,,,,,,,,,,,,,,,,,1,,,False
2022_19018129,2,mujer,44,61.55,156.6,25.1,86.8,0.554,modulo_1,117.0,1.0,615.0,4.8,107.0,91.0,23.6,148.0,57.0,70.0,102.0,4.4,0.69,4.3,13.9,10.5,11.3,9.42,0.07,1.3,250.0,27.4,1,0.0,0.0,True
2022_19018130,1,hombre,37,83.95,167.2,30.03,101.2,0.605,modulo_1,114.0,2.0,630.0,,,,,,,,,,,,,,,,,,,,1,,,False
2022_19019015,1,hombre,45,95.1,173.7,31.52,111.8,0.644,modulo_1,115.0,3.0,630.0,,,,,,,,,,,,,,,,,,,,1,,,False
2022_19021006,1,hombre,57,94.15,167.4,33.6,112.8,0.674,modulo_1,172.0,4.0,360.0,,,,,,,,,,,,,,,,,,,,1,,,False
2022_19021009,2,mujer,64,82.35,162.6,31.15,106.0,0.652,modulo_2,159.0,3.0,180.0,5.3,70.0,105.0,6.2,79.0,32.0,41.0,58.0,3.4,0.62,1.5,13.3,,,,,,,,0,0.0,0.0,True
2022_19021010,1,hombre,54,96.05,163.5,35.93,93.5,0.572,modulo_1,198.0,5.0,480.0,,,,,,,,,,,,,,,,,,,,1,,,False
2022_19021011,1,hombre,61,77.55,160.2,30.22,99.2,0.619,modulo_2,163.0,3.0,990.0,6.8,105.0,148.0,15.3,179.0,26.0,115.0,175.0,4.2,0.73,3.9,13.6,,,,,,,,0,1.0,1.0,True
2022_19021012,2,mujer,31,70.6,169.0,24.72,89.4,0.529,modulo_1,116.0,3.0,135.0,5.2,76.0,103.0,4.7,133.0,66.0,60.0,40.0,2.8,0.73,3.8,14.3,102.0,23.2,7.6,0.12,1.0,405.0,29.2,1,0.0,0.0,True
2022_19021018,2,mujer,68,56.55,157.0,22.94,85.8,0.546,modulo_2,110.0,3.0,282.0,,,,,,,,,,,,,,,,,,,,0,,,False
2022_19021023,2,mujer,30,53.5,154.0,22.56,75.2,0.488,modulo_1,107.0,5.0,5940.0,,,,,,,,,,,,,,,,,,,,0,,,False
2022_19021024,2,mujer,66,51.6,149.1,23.21,89.8,0.602,modulo_2,163.0,4.0,345.0,,,,,,,,,,,,,,,,,,,,0,,,False
2022_19021025,1,hombre,25,73.65,183.0,21.99,81.4,0.445,modulo_1,113.0,3.0,540.0,,,,,,,,,,,,,,,,,,,,0,,,False
2022_19021030,2,mujer,68,65.25,143.7,31.6,94.7,0.659,modulo_2,103.0,4.0,520.0,5.4,74.0,108.0,3.8,176.0,47.0,123.0,92.0,4.8,0.88,2.8,10.8,,,,,,,,0,0.0,0.0,True
2022_19021031,2,mujer,46,74.5,156.0,30.61,92.8,0.595,modulo_1,111.0,1.0,350.0,,,,,,,,,,,,,,,,,,,,1,,,False
2022_19021036,2,mujer,55,60.3,143.1,29.45,95.9,0.67,modulo_1,127.0,4.0,30.0,,,,,,,,,,,,,,,,,,,,1,,,False
2022_19021042,2,mujer,65,64.7,154.0,27.28,,,modulo_2,158.0,4.0,300.0,5.8,80.0,120.0,20.7,65.0,21.0,37.0,103.0,3.0,0.39,1.8,12.9,,,,,,,,0,0.0,1.0,True
2022_19021044,2,mujer,63,67.7,158.6,26.91,94.7,0.597,modulo_2,158.0,4.0,270.0,,,,,,,,,,,,,,,,,,,,0,,,False
2022_19021045,1,hombre,52,94.35,192.0,25.59,109.5,0.57,modulo_1,137.0,2.0,540.0,,,,,,,,,,,,,,,,,,,,1,,,False
2022_19021046,2,mujer,68,119.55,147.1,55.25,,,modulo_2,156.0,5.0,300.0,,,,,,,,,,,,,,,,,,,,0,,,False
2022_19021051,2,mujer,50,69.8,155.1,29.02,91.1,0.587,modulo_1,138.0,4.0,180.0,5.3,91.0,105.0,12.9,182.0,34.0,110.0,276.0,2.6,0.29,3.1,14.1,,,,,,,,1,0.0,0.0,True
2022_19021052,1,hombre,21,76.7,160.6,29.74,100.8,0.628,modulo_1,109.0,4.0,480.0,,,,,,,,,,,,,,,,,,,,1,,,False
2022_19021055,1,hombre,60,64.7,154.0,27.28,,,modulo_2,107.0,5.0,300.0,,,,,,,,,,,,,,,,,,,,0,,,False
2022_19021057,1,hombre,58,92.15,164.5,34.05,109.8,0.667,modulo_1,182.0,4.0,540.0,8.1,141.0,186.0,23.1,105.0,35.0,53.0,149.0,4.3,0.59,3.1,16.2,,,,,,,,1,1.0,1.0,True
2022_19021062,2,mujer,21,84.25,155.5,34.84,103.4,0.665,modulo_1,135.0,3.0,555.0,,,,,,,,,,,,,,,,,,,,1,,,False
2022_19021066,1,hombre,65,79.7,170.6,27.38,98.4,0.577,modulo_2,127.0,1.0,390.0,,,,,,,,,,,,,,,,,,,,0,,,False
2022_19021067,2,mujer,70,68.4,143.6,33.17,114.9,0.8,modulo_2,143.0,4.0,560.0,,,,,,,,,,,,,,,,,,,,0,,,False
2022_19021073,2,mujer,47,84.65,154.1,35.65,112.7,0.731,modulo_1,145.0,2.0,570.0,,,,,,,,,,,,,,,,,,,,1,,,False
2022_19021077,1,hombre,63,97.55,162.1,37.12,113.5,0.7,modulo_2,150.0,3.0,960.0,,,,,,,,,,,,,,,,,,,,0,,,False
2022_19021079,2,mujer,43,70.45,156.0,28.95,93.5,0.599,modulo_1,126.0,5.0,290.0,5.4,145.0,108.0,80.1,171.0,45.0,106.0,159.0,4.7,0.63,4.6,12.8,,,,,,,,1,0.0,0.0,True
2022_19021082,2,mujer,25,62.25,160.2,24.26,83.5,0.521,modulo_1,93.0,2.0,450.0,,,,,,,,,,,,,,,,,,,,0,,,False
2022_19021083,1,hombre,59,49.65,149.4,22.24,75.6,0.506,modulo_1,89.0,5.0,200.0,,,,,,,,,,,,,,,,,,,,0,,,False
2022_19021085,2,mujer,22,39.35,153.4,16.72,67.1,0.437,modulo_1,91.0,2.0,1040.0,,,,,,,,,,,,,,,,,,,,0,,,False
2022_19021086,2,mujer,25,56.3,150.3,24.92,77.5,0.516,modulo_1,92.0,5.0,480.0,,,,,,,,,,,,,,,,,,,,0,,,False
2022_19021088,2,mujer,59,82.35,158.5,32.78,115.2,0.727,modulo_1,120.0,4.0,50.0,,,,,,,,,,,,,,,,,,,,1,,,False
2022_19021091,2,mujer,27,41.1,153.2,17.51,,,modulo_1,96.0,2.0,691.0,,,,,,,,,,,,14.0,9.9,21.9,6.63,0.06,1.3,217.0,32.0,0,,,False
2022_19021094,2,mujer,38,68.4,144.5,32.76,100.1,0.693,modulo_1,135.0,3.0,120.0,,,,,,,,,,,,,,,,,,,,1,,,False
2022_19021095,1,hombre,28,63.05,168.6,22.18,79.9,0.474,modulo_1,103.0,4.0,960.0,4.9,89.0,94.0,4.1,119.0,44.0,64.0,91.0,5.4,0.94,4.6,17.8,,,,,,,,0,0.0,0.0,True
2022_19021097,2,mujer,46,82.9,154.9,34.55,112.3,0.725,modulo_1,122.0,2.0,360.0,,,,,,,,,,,,,,,,,,,,1,,,False
2022_19021098,2,mujer,49,76.45,151.7,33.22,101.7,0.67,modulo_1,130.0,3.0,420.0,5.0,94.0,97.0,11.3,136.0,56.0,66.0,69.0,5.8,0.59,3.9,12.2,29.7,13.5,7.84,0.65,1.4,185.0,27.0,1,0.0,0.0,True
2022_19021101,1,hombre,21,100.35,168.8,35.22,105.4,0.624,modulo_1,116.0,2.0,780.0,,,,,,,,,,,,,,,,,,,,1,,,False
2022_19021104,2,mujer,35,130.15,157.5,52.47,139.2,0.884,modulo_1,100.0,2.0,170.0,5.4,88.0,108.0,17.4,161.0,36.0,109.0,148.0,6.7,0.55,4.1,13.0,47.6,12.2,10.23,2.65,1.2,183.0,13.1,1,0.0,0.0,True
2022_19021109,1,hombre,35,79.75,173.9,26.37,98.3,0.565,modulo_1,116.0,5.0,70.0,,,,,,,,,,,,,,,,,,,,1,,,False
2022_19021115,2,mujer,26,76.95,151.0,33.75,,,modulo_1,99.0,4.0,10.0,,,,,,,,,,,,12.5,20.4,14.8,4.43,1.81,1.4,85.0,30.0,1,,,False
2022_19021118,1,hombre,38,75.55,172.1,25.51,88.0,0.511,modulo_1,111.0,4.0,120.0,,,,,,,,,,,,,,,,,,,,1,,,False
2022_19021122,2,mujer,36,60.3,158.3,24.06,87.6,0.553,modulo_1,105.0,4.0,300.0,,,,,,,,,,,,,,,,,,,,0,,,False
2022_19021125,2,mujer,31,73.75,154.8,30.78,97.0,0.627,modulo_1,106.0,1.0,300.0,,,,,,,,,,,,,,,,,,,,1,,,False
2022_19021127,2,mujer,16,52.85,156.4,21.61,,,modulo_1,115.0,3.0,450.0,,,,,,,,,,,,12.0,7.5,16.3,6.47,0.09,1.4,267.0,21.9,0,,,False
2022_19021130,1,hombre,46,103.75,171.2,35.4,114.0,0.666,modulo_1,155.0,4.0,510.0,,,,,,,,,,,,,,,,,,,,1,,,False
2022_19021131,1,hombre,37,114.5,171.0,39.16,123.9,0.725,modulo_1,122.0,2.0,980.0,7.4,150.0,166.0,29.7,156.0,38.0,178.0,158.0,6.4,0.86,3.9,15.8,,,,,,,,1,1.0,1.0,True
2022_19021134,2,mujer,36,70.65,153.9,29.83,95.8,0.622,modulo_1,122.0,3.0,428.0,,,,,,,,,,,,13.2,,,,,,,,1,,,False
2022_19021137,2,mujer,35,58.65,159.1,23.17,82.5,0.519,modulo_1,102.0,2.0,240.0,5.4,87.0,108.0,5.4,137.0,46.0,72.0,92.0,1.7,0.46,4.0,7.3,0.7,14.8,4.7,0.02,5.3,241.0,21.4,0,0.0,0.0,True
2022_19021138,1,hombre,32,56.1,169.2,19.6,73.5,0.434,modulo_1,101.0,3.0,960.0,5.6,90.0,114.0,1.4,116.0,70.0,35.0,65.0,4.4,0.67,4.5,15.4,,,,,,,,0,0.0,0.0,True
2022_19021140,2,mujer,22,66.95,155.5,27.69,90.2,0.58,modulo_1,103.0,2.0,90.0,,,,,,,,,,,,,,,,,,,,1,,,False
2022_19021142,1,hombre,37,71.85,168.5,25.31,90.4,0.536,modulo_1,97.0,1.0,301.0,,,,,,,,,,,,,,,,,,,,0,,,False
2022_19026003,1,hombre,51,101.85,169.9,35.28,121.2,0.713,modulo_1,149.0,2.0,675.0,,,,,,,,,,,,,,,,,,,,1,,,False
2022_19026004,1,hombre,21,97.3,175.3,31.66,103.8,0.592,modulo_1,120.0,4.0,250.0,,,,,,,,,,,,,,,,,,,,1,,,False
2022_19026007,2,mujer,69,58.9,152.0,25.49,88.9,0.585,modulo_2,112.0,1.0,560.0,,,,,,,,,,,,,,,,,,,,0,,,False
2022_19026009,2,mujer,76,52.4,157.0,21.26,83.9,0.534,modulo_2,85.0,2.0,780.0,,,,,,,,,,,,,,,,,,,,0,,,False
2022_19026012,2,mujer,49,71.55,148.0,32.67,98.6,0.666,modulo_1,102.0,1.0,480.0,6.2,104.0,131.0,11.9,178.0,45.0,108.0,212.0,5.0,0.86,3.7,14.0,77.9,13.5,8.73,1.1,0.6,211.0,14.1,1,0.0,1.0,True
2022_19026014,1,hombre,50,95.0,170.8,32.56,114.5,0.67,modulo_1,143.0,5.0,450.0,,,,,,,,,,,,,,,,,,,,1,,,False
2022_19026016,2,mujer,29,76.4,161.9,29.15,97.5,0.602,modulo_1,120.0,4.0,240.0,,,,,,,,,,,,,,,,,,,,1,,,False
2022_19026018,2,mujer,67,62.4,153.7,26.41,84.1,0.547,modulo_2,155.0,3.0,210.0,,,,,,,,,,,,,,,,,,,,0,,,False
2022_19026019,2,mujer,47,79.15,156.4,32.36,84.8,0.542,modulo_1,105.0,2.0,300.0,,,,,,,,,,,,14.4,45.4,13.3,10.1,0.92,1.3,165.0,16.8,1,,,False
2022_19026025,2,mujer,67,95.9,144.8,45.74,122.5,0.846,modulo_2,104.0,5.0,245.0,,,,,,,,,,,,,,,,,,,,0,,,False
2022_19026027,1,hombre,65,64.7,172.5,21.74,89.0,0.516,modulo_2,127.0,2.0,700.0,9.9,207.0,237.0,3.2,176.0,62.0,91.0,182.0,5.3,0.93,4.8,14.9,,,,,,,,0,1.0,1.0,True
2022_19026031,1,hombre,55,75.8,161.4,29.1,106.6,0.66,modulo_1,140.0,4.0,120.0,6.2,134.0,131.0,8.3,123.0,32.0,75.0,129.0,4.2,0.74,3.7,15.1,,,,,,,,1,0.0,1.0,True
2022_19026036,2,mujer,61,93.85,160.9,36.25,105.9,0.658,modulo_2,93.0,1.0,120.0,,,,,,,,,,,,,,,,,,,,1,,,False
2022_19026037,1,hombre,65,58.55,162.5,22.17,83.4,0.513,modulo_2,131.0,1.0,6420.0,,,,,,,,,,,,,,,,,,,,0,,,False
2022_19026044,1,hombre,51,108.3,167.5,38.6,125.2,0.747,modulo_1,130.0,1.0,690.0,,,,,,,,,,,,,,,,,,,,1,,,False
2022_19026045,2,mujer,66,64.7,154.0,27.28,,,modulo_2,142.0,3.0,160.0,,,,,,,,,,,,,,,,,,,,1,,,False
2022_19026047,1,hombre,60,75.35,167.0,27.02,97.0,0.581,modulo_2,162.0,3.0,820.0,,,,,,,,,,,,,,,,,,,,0,,,False
2022_19026048,2,mujer,40,76.55,156.8,31.14,92.7,0.591,modulo_1,128.0,4.0,750.0,5.2,100.0,103.0,21.2,158.0,54.0,92.0,87.0,3.0,0.6,3.7,12.8,19.2,18.5,5.68,0.22,0.9,415.0,21.6,1,0.0,0.0,True
2022_19026065,2,mujer,29,53.6,166.3,19.38,,,modulo_1,103.0,2.0,240.0,,,,,,,,,,,,,,,,,,,,0,,,False
2022_19026067,2,mujer,43,64.75,158.6,25.74,89.9,0.567,modulo_1,106.0,4.0,20.0,,,,,,,,,,,,,,,,,,,,1,,,False
2022_19026070,2,mujer,32,43.4,154.4,18.21,68.3,0.442,modulo_1,90.0,4.0,6000.0,4.2,96.0,74.0,7.7,103.0,43.0,45.0,87.0,4.1,0.56,4.2,12.3,28.9,10.3,5.87,0.59,1.0,533.0,40.2,0,0.0,0.0,True
2022_19026072,1,hombre,70,61.3,167.5,21.85,88.4,0.528,modulo_2,135.0,3.0,960.0,,,,,,,,,,,,,,,,,,,,0,,,False
2022_19026073,2,mujer,67,64.7,154.0,27.28,,,modulo_2,192.0,3.0,180.0,5.6,94.0,114.0,32.0,153.0,25.0,109.0,127.0,6.7,2.43,3.3,11.4,,,,,,,,0,0.0,0.0,True
2022_19026079,1,hombre,63,88.45,161.9,33.74,111.2,0.687,modulo_2,167.0,5.0,600.0,,,,,,,,,,,,,,,,,,,,0,,,False
2022_19026084,2,mujer,33,94.7,154.9,39.47,,,modulo_1,104.0,1.0,180.0,,,,,,,,,,,,11.5,12.3,14.0,7.68,0.42,0.7,167.0,30.2,1,,,False
2022_19026089,1,hombre,60,70.45,165.5,25.72,96.7,0.584,modulo_2,135.0,2.0,140.0,,,,,,,,,,,,,,,,,,,,1,,,False
2022_19026091,2,mujer,23,47.35,159.0,18.73,71.0,0.447,modulo_1,89.0,5.0,570.0,5.2,90.0,103.0,8.5,174.0,51.0,86.0,311.0,3.8,0.71,4.6,14.3,11.0,10.4,7.88,0.19,1.4,281.0,13.4,0,0.0,0.0,True
2022_19026094,2,mujer,64,79.95,163.0,30.09,96.0,0.589,modulo_2,152.0,3.0,120.0,,,,,,,,,,,,,,,,,,,,1,,,False
2022_19026103,1,hombre,32,80.7,170.3,27.83,106.8,0.627,modulo_1,110.0,2.0,360.0,,,,,,,,,,,,,,,,,,,,1,,,False
2022_19026113,2,mujer,64,95.55,162.9,36.01,111.9,0.687,modulo_2,136.0,1.0,200.0,,,,,,,,,,,,,,,,,,,,0,,,False
2022_19026116,2,mujer,43,96.3,148.8,43.49,119.6,0.804,modulo_1,114.0,3.0,624.0,5.1,79.0,100.0,5.4,147.0,58.0,74.0,62.0,3.5,0.57,3.5,13.6,22.5,14.4,5.91,0.25,1.2,1504.0,17.8,1,0.0,0.0,True
2022_19026135,2,mujer,58,75.6,149.6,33.78,105.7,0.707,modulo_1,118.0,3.0,285.0,,,,,,,,,,,,,,,,,,,,1,,,False
2022_19026137,2,mujer,46,69.9,152.1,30.21,98.9,0.65,modulo_1,91.0,2.0,540.0,,,,,,,,,,,,,,,,,,,,0,,,False
2022_19026143,2,mujer,32,69.7,149.9,31.02,,,modulo_1,113.0,1.0,90.0,,,,,,,,,,,,,,,,,,,,1,,,False
2022_19026148,2,mujer,56,66.45,151.7,28.88,94.4,0.622,modulo_1,138.0,2.0,795.0,5.8,167.0,120.0,32.1,160.0,50.0,97.0,75.0,5.5,0.7,4.0,14.2,,,,,,,,1,0.0,1.0,True
2022_19026150,1,hombre,74,87.7,167.4,31.3,112.5,0.672,modulo_2,152.0,2.0,990.0,7.5,164.0,169.0,5.4,125.0,29.0,82.0,113.0,3.3,0.79,3.6,15.6,,,,,,,,1,1.0,1.0,True
2022_19026154,2,mujer,45,59.55,146.6,27.71,89.0,0.607,modulo_1,108.0,5.0,240.0,5.8,76.0,120.0,3.9,132.0,47.0,73.0,85.0,4.9,0.69,3.5,10.9,5.6,10.2,8.19,2.11,1.1,165.0,13.9,1,0.0,1.0,True
2022_19026158,1,hombre,69,62.05,163.5,23.21,95.5,0.584,modulo_2,120.0,5.0,40.0,5.8,105.0,120.0,7.9,149.0,32.0,90.0,189.0,5.6,0.89,4.0,14.3,,,,,,,,1,0.0,1.0,True
2022_19026161,1,hombre,20,94.8,174.9,30.99,,,modulo_1,115.0,5.0,430.0,,,,,,,,,,,,,,,,,,,,1,,,False
2022_19026165,2,mujer,67,85.35,145.5,40.32,,,modulo_2,106.0,3.0,420.0,,,,,,,,,,,,,,,,,,,,0,,,False
2022_19026173,2,mujer,57,82.1,151.0,36.01,109.0,0.722,modulo_1,139.0,4.0,260.0,4.8,89.0,91.0,11.9,164.0,57.0,79.0,115.0,4.7,0.71,3.4,12.9,,,,,,,,1,0.0,0.0,True
2022_19026179,1,hombre,62,94.4,171.4,32.13,108.5,0.633,modulo_2,187.0,5.0,600.0,,,,,,,,,,,,,,,,,,,,0,,,False
2022_19026181,2,mujer,63,64.7,154.0,27.28,,,modulo_2,,4.0,300.0,6.1,84.0,128.0,6.7,125.0,50.0,57.0,119.0,8.3,1.63,2.5,10.2,,,,,,,,0,0.0,1.0,True
2022_19026182,1,hombre,66,77.85,162.0,29.66,104.4,0.644,modulo_2,137.0,2.0,200.0,6.0,114.0,126.0,12.6,109.0,27.0,68.0,166.0,5.1,0.83,3.2,14.3,,,,,,,,0,0.0,1.0,True
2022_19026184,2,mujer,52,69.65,154.2,29.29,98.6,0.639,modulo_1,109.0,4.0,730.0,,,,,,,,,,,,,,,,,,,,1,,,False
2022_19026185,1,hombre,57,87.1,164.5,32.19,108.2,0.658,modulo_1,136.0,4.0,240.0,,,,,,,,,,,,,,,,,,,,1,,,False
2022_19026187,2,mujer,61,72.75,156.2,29.82,100.6,0.644,modulo_2,123.0,4.0,360.0,5.7,96.0,117.0,7.4,143.0,47.0,97.0,117.0,3.2,0.45,2.6,12.1,,,,,,,,0,0.0,1.0,True
2022_19026192,2,mujer,61,90.0,163.8,33.54,110.4,0.674,modulo_2,104.0,1.0,590.0,,,,,,,,,,,,,,,,,,,,0,,,False
2022_19026193,2,mujer,31,80.7,158.7,32.04,101.7,0.641,modulo_1,125.0,4.0,260.0,,,,,,,,,,,,,,,,,,,,1,,,False
2022_19026197,1,hombre,61,,,,,,modulo_2,129.0,4.0,180.0,5.8,74.0,120.0,4.6,134.0,41.0,83.0,75.0,7.5,1.49,3.2,12.5,,,,,,,,0,0.0,1.0,True
2022_19027014,1,hombre,79,66.2,164.0,24.61,97.5,0.595,modulo_2,129.0,5.0,210.0,,,,,,,,,,,,,,,,,,,,0,,,False
2022_19031002,2,mujer,46,73.0,157.1,29.58,97.1,0.618,modulo_1,127.0,1.0,380.0,,,,,,,,,,,,,,,,,,,,1,,,False
2022_19031007,2,mujer,34,77.6,160.5,30.12,,,modulo_1,115.0,2.0,270.0,,,,,,,,,,,,,,,,,,,,1,,,False
2022_19031008,2,mujer,31,55.85,150.1,24.79,91.0,0.606,modulo_1,134.0,2.0,270.0,,,,,,,,,,,,12.2,45.4,25.0,6.49,0.16,0.9,135.0,28.5,0,,,False
2022_19031009,2,mujer,45,95.35,166.6,34.35,109.2,0.655,modulo_1,108.0,3.0,480.0,5.1,106.0,100.0,30.9,211.0,45.0,150.0,97.0,5.3,0.76,4.1,12.5,86.4,17.4,8.72,0.48,1.3,342.0,21.5,1,0.0,0.0,True
2022_19031019,2,mujer,38,57.8,147.0,26.75,88.7,0.603,modulo_1,126.0,2.0,350.0,,,,,,,,,,,,,,,,,,,,1,,,False
2022_19031022,1,hombre,42,66.75,153.9,28.18,,,modulo_1,115.0,5.0,190.0,,,,,,,,,,,,,,,,,,,,1,,,False
2022_19031026,1,hombre,47,90.6,162.0,34.52,102.1,0.63,modulo_1,114.0,3.0,650.0,5.2,91.0,103.0,7.6,188.0,37.0,123.0,133.0,5.6,0.83,4.3,14.3,,,,,,,,1,0.0,0.0,True
2022_19031027,2,mujer,26,77.75,157.0,31.54,,,modulo_1,110.0,1.0,360.0,5.3,72.0,105.0,15.6,171.0,54.0,86.0,236.0,3.6,0.44,3.4,12.4,26.8,26.3,4.81,0.51,1.3,99.0,42.8,1,0.0,0.0,True
2022_19031032,2,mujer,74,46.4,138.6,24.15,83.5,0.602,modulo_2,125.0,1.0,320.0,,,,,,,,,,,,,,,,,,,,0,,,False
2022_19031040,1,hombre,45,86.8,184.7,25.44,96.4,0.522,modulo_1,114.0,1.0,420.0,,,,,,,,,,,,,,,,,,,,1,,,False
2022_19031042,2,mujer,34,69.55,154.0,29.33,94.3,0.612,modulo_1,107.0,5.0,400.0,,,,,,,,,,,,,,,,,,,,1,,,False
2022_19031044,2,mujer,53,81.9,157.5,33.02,105.1,0.667,modulo_1,173.0,2.0,40.0,,,,,,,,,,,,,,,,,,,,1,,,False
2022_19031049,2,mujer,46,76.9,146.8,35.68,107.3,0.731,modulo_1,131.0,1.0,720.0,,,,,,,,,,,,,,,,,,,,1,,,False
2022_19031056,1,hombre,30,99.0,175.2,32.25,114.7,0.655,modulo_1,127.0,3.0,200.0,5.9,78.0,123.0,6.8,172.0,42.0,114.0,74.0,6.2,1.03,4.4,14.3,,,,,,,,1,0.0,1.0,True
2022_19031058,1,hombre,43,76.0,168.8,26.67,105.4,0.624,modulo_1,106.0,4.0,200.0,,,,,,,,,,,,,,,,,,,,1,,,False
2022_19031062,2,mujer,54,79.5,154.2,33.43,103.2,0.669,modulo_1,121.0,3.0,930.0,,,,,,,,,,,,,,,,,,,,1,,,False
2022_19031065,2,mujer,40,64.45,153.2,27.46,,,modulo_1,134.0,5.0,360.0,,,,,,,,,,,,,,,,,,,,1,,,False
2022_19031074,2,mujer,36,61.15,147.5,28.11,86.6,0.587,modulo_1,106.0,2.0,6260.0,6.5,76.0,140.0,27.5,150.0,25.0,84.0,409.0,4.6,0.6,4.4,11.0,39.5,20.2,8.4,0.55,1.1,176.0,42.3,1,1.0,1.0,True
2022_19031075,2,mujer,56,66.6,153.1,28.41,97.2,0.635,modulo_1,168.0,3.0,,5.2,84.0,103.0,14.7,139.0,37.0,72.0,232.0,5.0,0.7,4.4,13.2,,,,,,,,1,0.0,0.0,True
2022_19031077,2,mujer,29,74.55,158.0,29.86,158.0,1.0,modulo_1,121.0,5.0,150.0,5.4,89.0,108.0,8.4,203.0,43.0,131.0,157.0,3.8,0.56,4.2,12.8,33.0,16.3,6.7,2.01,1.3,183.0,35.2,1,0.0,0.0,True
2022_19031078,2,mujer,43,70.25,156.8,28.57,89.3,0.57,modulo_1,132.0,4.0,540.0,5.2,92.0,103.0,18.6,165.0,54.0,88.0,190.0,5.4,0.77,4.2,12.7,7.6,5.6,12.36,2.44,1.9,97.0,30.6,1,0.0,0.0,True
2022_19031080,2,mujer,37,73.5,161.7,28.11,97.3,0.602,modulo_1,110.0,3.0,610.0,5.2,89.0,103.0,110.2,209.0,40.0,99.0,470.0,5.3,0.92,4.7,13.0,57.9,11.5,12.95,0.29,1.1,212.0,29.5,1,0.0,0.0,True
2022_19031083,2,mujer,50,104.75,160.0,40.92,122.2,0.764,modulo_1,112.0,5.0,6060.0,5.5,90.0,111.0,32.5,137.0,30.0,84.0,153.0,4.3,0.77,3.8,14.3,,,,,,,,1,0.0,0.0,True
2022_19031085,2,mujer,45,80.95,156.6,33.01,104.8,0.669,modulo_1,106.0,4.0,130.0,,,,,,,,,,,,,,,,,,,,1,,,False
2022_19031087,2,mujer,52,84.9,152.0,36.75,118.3,0.778,modulo_1,130.0,4.0,260.0,,,,,,,,,,,,,,,,,,,,1,,,False
2022_19031088,1,hombre,34,61.35,165.9,22.29,86.1,0.519,modulo_1,124.0,1.0,570.0,,,,,,,,,,,,,,,,,,,,0,,,False
2022_19031089,2,mujer,49,85.4,153.8,36.1,,,modulo_1,109.0,4.0,330.0,,,,,,,,,,,,13.6,82.5,18.8,6.77,2.3,1.3,264.0,28.0,1,,,False
2022_19031091,1,hombre,35,85.7,169.0,30.01,102.5,0.607,modulo_1,123.0,5.0,915.0,5.5,120.0,111.0,21.5,173.0,42.0,109.0,157.0,6.4,1.1,4.8,17.2,,,,,,,,1,0.0,0.0,True
2022_19031093,1,hombre,57,54.35,171.5,18.48,72.1,0.42,modulo_1,125.0,3.0,230.0,,,,,,,,,,,,,,,,,,,,0,,,False
2022_19031097,1,hombre,57,105.8,171.5,35.97,119.9,0.699,modulo_1,109.0,4.0,780.0,5.1,91.0,100.0,26.8,183.0,40.0,115.0,157.0,5.4,0.66,4.0,15.1,,,,,,,,1,0.0,0.0,True
2022_19031098,1,hombre,31,159.6,173.5,53.02,154.0,0.888,modulo_1,142.0,1.0,1440.0,,,,,,,,,,,,,,,,,,,,1,,,False
2022_19031101,2,mujer,38,91.4,164.8,33.65,103.8,0.63,modulo_1,101.0,5.0,135.0,5.1,80.0,100.0,31.5,154.0,41.0,91.0,131.0,4.1,0.48,3.8,14.3,32.7,14.1,9.06,0.35,1.1,208.0,45.1,1,0.0,0.0,True
2022_19031102,1,hombre,48,80.95,172.4,27.24,101.8,0.59,modulo_1,141.0,3.0,525.0,,,,,,,,,,,,,,,,,,,,1,,,False
2022_19031104,1,hombre,35,124.7,170.8,42.75,,,modulo_1,109.0,2.0,270.0,,,,,,,,,,,,,,,,,,,,1,,,False
2022_19031105,2,mujer,40,80.0,172.2,26.98,103.0,0.598,modulo_1,110.0,2.0,80.0,5.6,96.0,114.0,7.1,185.0,50.0,102.0,98.0,4.8,0.71,4.5,14.7,89.2,15.8,10.13,0.56,1.4,412.0,38.3,1,0.0,0.0,True
2022_19031109,2,mujer,39,70.65,149.8,31.48,99.7,0.666,modulo_1,120.0,5.0,490.0,,,,,,,,,,,,,,,,,,,,1,,,False
2022_19031111,1,hombre,31,95.35,168.7,33.5,114.3,0.678,modulo_1,126.0,2.0,930.0,,,,,,,,,,,,,,,,,,,,1,,,False
2022_19031116,1,hombre,34,87.6,175.7,28.38,102.6,0.584,modulo_1,129.0,1.0,360.0,,,,,,,,,,,,,,,,,,,,1,,,False
2022_19031117,1,hombre,60,73.0,162.4,27.68,96.0,0.591,modulo_2,126.0,1.0,330.0,,,,,,,,,,,,,,,,,,,,0,,,False
2022_19031119,1,hombre,48,73.95,169.3,25.8,99.5,0.588,modulo_1,139.0,3.0,405.0,,,,,,,,,,,,,,,,,,,,1,,,False
2022_19031120,1,hombre,26,73.45,166.0,26.65,88.5,0.533,modulo_1,142.0,4.0,850.0,,,,,,,,,,,,,,,,,,,,1,,,False
2022_19031122,2,mujer,45,105.75,164.5,39.08,108.2,0.658,modulo_1,109.0,2.0,330.0,,,,,,,,,,,,,,,,,,,,1,,,False
2022_19031126,2,mujer,66,61.9,147.0,28.65,97.4,0.663,modulo_2,112.0,4.0,428.0,,,,,,,,,,,,,,,,,,,,0,,,False
2022_19031127,2,mujer,59,60.45,149.0,27.23,93.8,0.63,modulo_1,141.0,5.0,10.0,9.6,239.0,229.0,9.1,195.0,44.0,106.0,190.0,3.2,0.56,4.3,14.1,,,,,,,,1,1.0,1.0,True
2022_19031128,2,mujer,64,83.55,149.4,37.43,121.4,0.813,modulo_2,132.0,2.0,40.0,5.1,112.0,100.0,12.3,200.0,35.0,132.0,214.0,5.5,0.52,3.6,12.0,,,,,,,,1,0.0,0.0,True
2022_19031129,1,hombre,46,85.5,157.7,34.38,106.2,0.673,modulo_1,152.0,4.0,860.0,,,,,,,,,,,,,,,,,,,,1,,,False
2022_19031134,2,mujer,52,50.9,158.0,20.39,68.0,0.43,modulo_1,144.0,1.0,180.0,4.3,96.0,77.0,9.8,163.0,45.0,95.0,108.0,5.1,0.58,4.0,11.2,,,,,,,,0,0.0,0.0,True
2022_19031138,1,hombre,54,93.0,168.9,32.6,104.4,0.618,modulo_1,155.0,1.0,280.0,,,,,,,,,,,,,,,,,,,,1,,,False
2022_19031149,2,mujer,27,67.45,151.8,29.27,105.1,0.692,modulo_1,121.0,2.0,80.0,,,,,,,,,,,,,,,,,,,,1,,,False
2022_19031151,2,mujer,41,70.35,154.4,29.51,105.4,0.683,modulo_1,144.0,4.0,130.0,,,,,,,,,,,,,,,,,,,,1,,,False
2022_19032001,1,hombre,45,90.75,166.0,32.93,115.5,0.696,modulo_1,126.0,4.0,180.0,,,,,,,,,,,,,,,,,,,,1,,,False
2022_19032002,2,mujer,58,85.05,164.5,31.43,116.0,0.705,modulo_1,120.0,3.0,490.0,,,,,,,,,,,,,,,,,,,,1,,,False
2022_19032003,1,hombre,49,105.55,166.2,38.21,122.6,0.738,modulo_1,145.0,4.0,300.0,,,,,,,,,,,,,,,,,,,,1,,,False
2022_19032004,1,hombre,48,88.1,163.5,32.96,116.4,0.712,modulo_1,129.0,4.0,600.0,,,,,,,,,,,,,,,,,,,,1,,,False
2022_19032005,1,hombre,25,37.25,154.5,15.61,,,modulo_1,115.0,4.0,540.0,,,,,,,,,,,,,,,,,,,,0,,,False
2022_19032008,2,mujer,58,94.95,158.0,38.03,114.0,0.722,modulo_1,186.0,3.0,315.0,,,,,,,,,,,,,,,,,,,,1,,,False
2022_19032010,2,mujer,66,79.1,151.0,34.69,119.6,0.792,modulo_2,137.0,2.0,90.0,,,,,,,,,,,,,,,,,,,,1,,,False
2022_19032014,2,mujer,55,76.85,153.5,32.62,99.8,0.65,modulo_1,126.0,3.0,1080.0,,,,,,,,,,,,,,,,,,,,1,,,False
2022_19032017,1,hombre,43,61.2,146.1,28.67,92.3,0.632,modulo_1,118.0,4.0,360.0,,,,,,,,,,,,,,,,,,,,1,,,False
2022_19032019,1,hombre,46,95.2,170.0,32.94,110.9,0.652,modulo_1,112.0,4.0,420.0,,,,,,,,,,,,,,,,,,,,1,,,False
2022_19032020,1,hombre,40,57.0,156.1,23.39,,,modulo_1,115.0,4.0,180.0,,,,,,,,,,,,,,,,,,,,0,,,False
2022_19032021,1,hombre,52,130.0,157.6,52.34,144.5,0.917,modulo_1,122.0,5.0,330.0,,,,,,,,,,,,,,,,,,,,1,,,False
2022_19032030,2,mujer,65,85.3,150.0,37.91,106.1,0.707,modulo_2,134.0,1.0,90.0,,,,,,,,,,,,,,,,,,,,1,,,False
2022_19032031,1,hombre,53,108.7,180.0,33.55,119.3,0.663,modulo_1,130.0,2.0,90.0,5.1,95.0,100.0,36.7,105.0,17.0,64.0,155.0,8.0,0.69,3.1,15.7,,,,,,,,1,0.0,0.0,True
2022_19032032,1,hombre,41,77.95,170.7,26.75,94.6,0.554,modulo_1,118.0,4.0,435.0,5.1,68.0,100.0,6.8,123.0,34.0,85.0,115.0,3.9,0.64,2.3,15.0,,,,,,,,1,0.0,0.0,True
2022_19032035,2,mujer,49,83.7,159.1,33.07,104.5,0.657,modulo_1,118.0,5.0,420.0,,,,,,,,,,,,,,,,,,,,1,,,False
2022_19032037,2,mujer,59,64.85,151.3,28.33,102.4,0.677,modulo_1,137.0,1.0,6090.0,,,,,,,,,,,,,,,,,,,,1,,,False
2022_19032039,2,mujer,29,48.0,144.5,22.99,89.0,0.616,modulo_2,176.0,1.0,60.0,,,,,,,,,,,,,,,,,,,,1,,,False
2022_19039003,2,mujer,68,87.65,159.5,34.45,104.5,0.655,modulo_2,97.0,2.0,400.0,8.2,86.0,189.0,17.4,140.0,40.0,73.0,109.0,7.6,1.58,3.9,10.3,,,,,,,,0,1.0,1.0,True
2022_19039009,2,mujer,57,74.95,151.3,32.74,92.8,0.613,modulo_1,136.0,3.0,150.0,5.8,103.0,120.0,19.3,155.0,38.0,96.0,155.0,4.9,0.5,4.1,15.1,,,,,,,,1,0.0,1.0,True
2022_19039018,1,hombre,43,57.7,153.2,24.58,86.9,0.567,modulo_1,82.0,2.0,810.0,,,,,,,,,,,,,,,,,,,,0,,,False
2022_19039027,1,hombre,60,74.5,171.4,25.36,96.5,0.563,modulo_2,126.0,2.0,490.0,5.9,79.0,123.0,14.3,190.0,52.0,122.0,93.0,7.5,0.74,4.4,14.4,,,,,,,,0,0.0,1.0,True
2022_19039033,2,mujer,57,96.75,169.5,33.68,107.3,0.633,modulo_1,117.0,2.0,120.0,,,,,,,,,,,,,,,,,,,,1,,,False
2022_19039035,1,hombre,57,84.3,175.8,27.28,98.5,0.56,modulo_1,114.0,4.0,400.0,,,,,,,,,,,,,,,,,,,,1,,,False
2022_19039037,2,mujer,59,74.15,156.3,30.35,94.5,0.605,modulo_1,121.0,3.0,210.0,5.2,102.0,103.0,8.1,186.0,70.0,98.0,53.0,3.8,0.53,4.5,12.3,,,,,,,,1,0.0,0.0,True
2022_19039040,2,mujer,52,79.35,159.8,31.07,,,modulo_1,87.0,3.0,270.0,5.8,88.0,120.0,7.8,210.0,50.0,144.0,82.0,5.3,0.63,3.9,12.2,,,,,,,,0,0.0,1.0,True
2022_19039041,2,mujer,65,95.35,154.1,40.15,119.9,0.778,modulo_2,144.0,4.0,360.0,,,,,,,,,,,,,,,,,,,,0,,,False
2022_19039044,1,hombre,64,87.35,163.7,32.6,114.6,0.7,modulo_2,127.0,2.0,330.0,,,,,,,,,,,,,,,,,,,,0,,,False
2022_19039045,2,mujer,45,57.15,161.9,21.8,82.1,0.507,modulo_1,93.0,2.0,400.0,,,,,,,,,,,,,,,,,,,,0,,,False
2022_19039047,1,hombre,29,76.5,169.9,26.5,92.1,0.542,modulo_1,105.0,2.0,345.0,,,,,,,,,,,,,,,,,,,,1,,,False
2022_19039052,2,mujer,48,87.2,163.0,32.82,108.3,0.664,modulo_1,103.0,4.0,550.0,,,,,,,,,,,,13.9,495.3,9.2,8.46,0.25,0.9,626.0,24.3,1,,,False
2022_19039054,2,mujer,30,82.1,173.5,27.27,97.0,0.559,modulo_1,109.0,2.0,615.0,,,,,,,,,,,,,,,,,,,,1,,,False
2022_19039058,2,mujer,66,64.35,154.2,27.06,93.8,0.608,modulo_2,105.0,2.0,120.0,,,,,,,,,,,,,,,,,,,,1,,,False
2022_19039060,2,mujer,38,83.2,162.4,31.55,106.5,0.656,modulo_1,117.0,1.0,885.0,,,,,,,,,,,,,,,,,,,,1,,,False
2022_19039062,2,mujer,29,50.2,156.3,20.55,67.0,0.429,modulo_1,108.0,3.0,380.0,,,,,,,,,,,,,,,,,,,,0,,,False
2022_19039063,2,mujer,39,91.3,163.4,34.2,109.8,0.672,modulo_1,99.0,5.0,300.0,,,,,,,,,,,,,,,,,,,,0,,,False
2022_19039067,2,mujer,54,69.3,158.9,27.45,107.2,0.675,modulo_1,112.0,4.0,220.0,,,,,,,,,,,,,,,,,,,,1,,,False
2022_19039077,2,mujer,78,53.0,149.5,23.71,90.5,0.605,modulo_2,110.0,3.0,180.0,,,,,,,,,,,,,,,,,,,,0,,,False
2022_19039081,1,hombre,25,102.0,171.3,34.76,109.5,0.639,modulo_1,106.0,3.0,1080.0,,,,,,,,,,,,,,,,,,,,1,,,False
2022_19039082,1,hombre,47,80.6,166.2,29.18,97.5,0.587,modulo_1,127.0,3.0,345.0,,,,,,,,,,,,,,,,,,,,1,,,False
2022_19039084,2,mujer,63,75.6,151.2,33.07,105.0,0.694,modulo_2,136.0,2.0,540.0,,,,,,,,,,,,,,,,,,,,0,,,False
2022_19039087,1,hombre,80,64.7,154.0,27.28,,,modulo_2,123.0,3.0,540.0,,,,,,,,,,,,,,,,,,,,0,,,False
2022_19039090,2,mujer,60,54.6,152.9,23.35,80.8,0.528,modulo_2,105.0,3.0,170.0,,,,,,,,,,,,,,,,,,,,1,,,False
2022_19039091,2,mujer,46,79.25,167.1,28.38,101.5,0.607,modulo_1,102.0,3.0,630.0,5.3,90.0,105.0,7.2,158.0,39.0,94.0,129.0,3.9,0.5,4.1,14.0,18.1,13.0,5.82,0.15,1.0,242.0,16.3,1,0.0,0.0,True
2022_19039093,1,hombre,67,64.6,169.3,22.54,88.5,0.523,modulo_2,135.0,5.0,630.0,,,,,,,,,,,,,,,,,,,,0,,,False
2022_19039098,1,hombre,69,85.8,164.5,31.71,109.9,0.668,modulo_2,155.0,1.0,300.0,,,,,,,,,,,,,,,,,,,,0,,,False
2022_19039102,2,mujer,38,78.9,163.5,29.51,,,modulo_1,108.0,1.0,5310.0,,,,,,,,,,,,,,,,,,,,1,,,False
2022_19039110,2,mujer,66,78.65,147.5,36.15,105.6,0.716,modulo_2,122.0,4.0,530.0,5.7,84.0,117.0,17.8,175.0,56.0,92.0,128.0,5.2,0.73,4.4,11.8,,,,,,,,0,0.0,1.0,True
2022_19039111,1,hombre,47,86.35,169.5,30.06,103.0,0.608,modulo_1,122.0,4.0,440.0,,,,,,,,,,,,,,,,,,,,1,,,False
2022_19039112,2,mujer,61,68.65,142.5,33.81,106.4,0.747,modulo_2,125.0,4.0,390.0,5.5,81.0,111.0,10.8,171.0,44.0,109.0,151.0,4.5,0.76,3.8,12.9,,,,,,,,0,0.0,0.0,True
2022_19039115,2,mujer,62,60.15,155.3,24.94,93.0,0.599,modulo_2,109.0,3.0,300.0,5.2,90.0,103.0,7.2,163.0,55.0,83.0,100.0,3.3,0.62,4.4,13.6,,,,,,,,0,0.0,0.0,True
2022_19039116,2,mujer,63,52.5,156.0,21.57,88.4,0.567,modulo_2,111.0,3.0,130.0,,,,,,,,,,,,,,,,,,,,1,,,False
2022_19039123,2,mujer,34,55.1,149.5,24.65,88.0,0.589,modulo_1,104.0,2.0,195.0,5.0,87.0,97.0,17.5,137.0,43.0,80.0,81.0,3.1,0.58,4.4,13.1,24.8,28.8,5.6,0.15,0.8,133.0,30.6,0,0.0,0.0,True
2022_19039127,2,mujer,66,52.75,148.5,23.92,91.1,0.613,modulo_2,122.0,2.0,210.0,,,,,,,,,,,,,,,,,,,,0,,,False
2022_19039130,2,mujer,28,76.55,158.8,30.36,92.0,0.579,modulo_1,108.0,3.0,620.0,,,,,,,,,,,,,,,,,,,,1,,,False
2022_19039131,1,hombre,55,76.9,169.5,26.77,97.1,0.573,modulo_1,116.0,2.0,720.0,5.3,98.0,105.0,12.5,180.0,52.0,117.0,96.0,3.4,0.88,4.0,16.5,,,,,,,,1,0.0,0.0,True
2022_19039132,2,mujer,69,84.65,155.5,35.01,108.0,0.695,modulo_2,130.0,4.0,570.0,,,,,,,,,,,,,,,,,,,,0,,,False
2022_19039135,2,mujer,37,75.1,168.3,26.51,,,modulo_1,102.0,5.0,75.0,,,,,,,,,,,,,,,,,,,,1,,,False
2022_19039138,2,mujer,57,60.3,145.4,28.52,91.8,0.631,modulo_1,107.0,3.0,145.0,,,,,,,,,,,,,,,,,,,,1,,,False
2022_19039140,2,mujer,32,68.75,151.3,30.03,101.8,0.673,modulo_1,103.0,4.0,5280.0,,,,,,,,,,,,14.7,19.6,13.4,8.44,0.32,1.3,128.0,26.0,1,,,False
2022_19039143,2,mujer,69,83.25,157.8,33.43,109.9,0.696,modulo_2,140.0,5.0,120.0,,,,,,,,,,,,,,,,,,,,1,,,False
2022_19039147,1,hombre,36,71.35,171.3,24.32,86.4,0.504,modulo_1,117.0,2.0,890.0,,,,,,,,,,,,,,,,,,,,0,,,False
2022_19039150,1,hombre,52,81.35,161.1,31.34,103.9,0.645,modulo_1,134.0,4.0,240.0,,,,,,,,,,,,,,,,,,,,1,,,False
2022_19039151,1,hombre,76,64.7,154.0,27.28,,,modulo_2,133.0,4.0,300.0,5.5,80.0,111.0,1.4,156.0,56.0,82.0,93.0,6.0,0.74,3.9,11.7,,,,,,,,0,0.0,0.0,True
2022_19039152,1,hombre,24,59.3,167.7,21.09,86.3,0.515,modulo_1,117.0,4.0,200.0,4.8,90.0,91.0,9.1,180.0,66.0,93.0,161.0,5.4,0.67,4.7,16.1,,,,,,,,0,0.0,0.0,True
2022_19039153,1,hombre,47,89.45,175.6,29.01,106.8,0.608,modulo_1,120.0,2.0,770.0,,,,,,,,,,,,,,,,,,,,1,,,False
2022_19039154,1,hombre,70,75.8,163.6,28.32,102.0,0.623,modulo_2,117.0,4.0,645.0,5.3,86.0,105.0,10.0,140.0,36.0,91.0,103.0,5.8,0.71,4.1,13.6,,,,,,,,0,0.0,0.0,True
2022_19039156,2,mujer,66,68.9,147.1,31.84,102.6,0.697,modulo_2,133.0,3.0,350.0,,,,,,,,,,,,,,,,,,,,0,,,False
2022_19039157,2,mujer,45,78.5,155.6,32.42,99.6,0.64,modulo_1,111.0,3.0,270.0,,,,,,,,,,,,,,,,,,,,1,,,False
2022_19039159,1,hombre,53,85.05,175.5,27.61,101.3,0.577,modulo_1,135.0,2.0,730.0,,,,,,,,,,,,,,,,,,,,1,,,False
2022_19039160,2,mujer,33,85.65,168.9,30.02,100.6,0.596,modulo_1,107.0,2.0,360.0,,,,,,,,,,,,,,,,,,,,1,,,False
2022_19039168,2,mujer,49,68.55,147.7,31.42,102.8,0.696,modulo_1,118.0,2.0,240.0,,,,,,,,,,,,,,,,,,,,1,,,False
2022_19039171,2,mujer,62,71.8,165.6,26.18,94.6,0.571,modulo_2,95.0,5.0,760.0,,,,,,,,,,,,,,,,,,,,0,,,False
2022_19039173,2,mujer,25,98.65,164.4,36.5,101.8,0.619,modulo_1,115.0,4.0,630.0,,,,,,,,,,,,,,,,,,,,1,,,False
2022_19039181,2,mujer,72,89.15,149.9,39.68,131.5,0.877,modulo_2,131.0,3.0,630.0,,,,,,,,,,,,,,,,,,,,0,,,False
2022_19039184,1,hombre,63,71.05,158.1,28.42,104.3,0.66,modulo_2,140.0,5.0,180.0,5.6,104.0,114.0,10.4,198.0,59.0,123.0,102.0,6.4,0.78,4.2,14.0,,,,,,,,0,0.0,0.0,True
2022_19039185,2,mujer,54,82.55,141.3,41.35,119.2,0.844,modulo_1,136.0,2.0,140.0,5.7,97.0,117.0,25.8,165.0,47.0,90.0,159.0,5.2,0.51,3.8,13.0,,,,,,,,1,0.0,1.0,True
2022_19039189,2,mujer,56,68.35,158.6,27.17,96.8,0.61,modulo_1,101.0,3.0,270.0,,,,,,,,,,,,,,,,,,,,1,,,False
2022_19039194,1,hombre,51,91.0,185.4,26.47,99.9,0.539,modulo_1,141.0,3.0,468.0,5.0,84.0,97.0,6.2,168.0,34.0,82.0,229.0,7.3,1.19,3.9,17.2,,,,,,,,1,0.0,0.0,True
2022_19039195,1,hombre,16,88.7,172.1,29.95,,,modulo_1,115.0,4.0,450.0,,,,,,,,,,,,,,,,,,,,1,,,False
2022_19039202,1,hombre,54,76.75,168.2,27.13,94.6,0.562,modulo_1,106.0,1.0,300.0,,,,,,,,,,,,,,,,,,,,1,,,False
2022_19039205,1,hombre,70,63.5,157.9,25.47,96.7,0.612,modulo_2,110.0,4.0,350.0,,,,,,,,,,,,,,,,,,,,0,,,False
2022_19039207,2,mujer,62,71.9,145.9,33.78,103.1,0.707,modulo_2,144.0,1.0,330.0,,,,,,,,,,,,,,,,,,,,0,,,False
2022_19039210,2,mujer,72,73.6,146.9,34.11,103.9,0.707,modulo_2,147.0,5.0,140.0,5.8,150.0,120.0,30.8,130.0,41.0,73.0,98.0,9.0,1.21,3.8,12.9,,,,,,,,1,0.0,1.0,True
2022_19039211,1,hombre,16,50.35,176.4,16.18,,,modulo_1,115.0,4.0,330.0,,,,,,,,,,,,,,,,,,,,0,,,False
2022_19039214,2,mujer,58,73.45,154.6,30.73,106.5,0.689,modulo_1,133.0,4.0,120.0,,,,,,,,,,,,,,,,,,,,1,,,False
2022_19039224,1,hombre,42,64.7,154.0,27.28,,,modulo_2,171.0,1.0,975.0,,,,,,,,,,,,,,,,,,,,0,,,False
2022_19039225,1,hombre,47,70.1,173.8,23.21,86.5,0.498,modulo_1,91.0,4.0,600.0,,,,,,,,,,,,,,,,,,,,0,,,False
2022_19041002,2,mujer,39,100.55,157.1,40.74,124.6,0.793,modulo_1,139.0,5.0,205.0,,,,,,,,,,,,13.4,287.9,22.4,8.91,0.42,0.8,123.0,31.3,1,,,False
2022_19041006,2,mujer,29,48.5,151.0,21.27,,,modulo_1,90.0,4.0,45.0,,,,,,,,,,,,14.3,11.8,24.8,6.15,0.09,0.9,242.0,26.8,1,,,False
2022_19041008,2,mujer,40,68.2,157.0,27.67,90.1,0.574,modulo_1,118.0,3.0,160.0,,,,,,,,,,,,13.1,17.9,14.5,6.17,0.24,1.0,348.0,14.6,1,,,False
2022_19041010,1,hombre,25,78.55,159.0,31.07,92.0,0.579,modulo_1,113.0,5.0,720.0,5.1,82.0,100.0,9.3,166.0,29.0,113.0,148.0,6.5,0.9,3.1,14.9,,,,,,,,1,0.0,0.0,True
2022_19041011,2,mujer,33,57.55,151.5,25.07,84.0,0.554,modulo_1,97.0,2.0,375.0,,,,,,,,,,,,,,,,,,,,0,,,False
2022_19041012,1,hombre,24,79.9,180.4,24.55,92.0,0.51,modulo_1,185.0,4.0,600.0,,,,,,,,,,,,,,,,,,,,0,,,False
2022_19041013,1,hombre,31,74.9,166.7,26.95,85.4,0.512,modulo_1,131.0,2.0,555.0,4.8,130.0,91.0,54.0,222.0,38.0,107.0,649.0,4.9,0.76,3.8,14.9,,,,,,,,1,0.0,0.0,True
2022_19041022,1,hombre,26,60.55,155.6,25.01,92.2,0.593,modulo_1,112.0,2.0,180.0,,,,,,,,,,,,,,,,,,,,1,,,False
2022_19041025,1,hombre,28,88.8,170.6,30.51,106.5,0.624,modulo_1,154.0,3.0,200.0,,,,,,,,,,,,,,,,,,,,1,,,False
2022_19041026,2,mujer,20,64.25,156.4,26.27,89.2,0.57,modulo_1,80.0,4.0,360.0,4.8,75.0,91.0,5.5,90.0,27.0,58.0,72.0,3.4,0.41,3.0,14.0,140.6,14.5,10.2,0.68,0.8,287.0,28.8,0,0.0,0.0,True
2022_19041030,2,mujer,29,56.65,152.4,24.39,82.2,0.539,modulo_1,109.0,2.0,130.0,4.8,78.0,91.0,3.7,114.0,50.0,52.0,132.0,4.6,0.51,3.6,12.0,55.6,13.1,7.48,2.41,1.0,490.0,31.2,1,0.0,0.0,True
2022_19041034,2,mujer,28,91.7,167.4,32.72,113.0,0.675,modulo_1,129.0,2.0,390.0,,,,,,,,,,,,,,,,,,,,1,,,False
2022_19041035,2,mujer,33,64.6,162.6,24.43,91.4,0.562,modulo_1,107.0,1.0,350.0,,,,,,,,,,,,,,,,,,,,0,,,False
2022_19044001,2,mujer,41,91.35,171.5,31.06,101.2,0.59,modulo_1,99.0,3.0,540.0,,,,,,,,,,,,,,,,,,,,0,,,False
2022_19044005,1,hombre,47,83.5,166.9,29.98,99.4,0.596,modulo_1,112.0,1.0,600.0,5.4,131.0,108.0,11.0,209.0,30.0,94.0,745.0,6.0,1.01,4.1,15.0,,,,,,,,1,0.0,0.0,True
2022_19044006,2,mujer,20,55.55,177.5,17.63,,,modulo_1,115.0,1.0,579.0,,,,,,,,,,,,,,,,,,,,0,,,False
2022_19044008,1,hombre,41,78.7,169.9,27.26,97.5,0.574,modulo_1,149.0,3.0,480.0,5.4,83.0,108.0,10.6,201.0,40.0,141.0,104.0,5.4,0.64,4.0,15.4,,,,,,,,1,0.0,0.0,True
2022_19044012,1,hombre,54,76.75,167.8,27.26,98.2,0.585,modulo_1,122.0,2.0,180.0,5.5,93.0,111.0,4.3,166.0,37.0,103.0,98.0,3.3,0.74,4.1,15.1,,,,,,,,1,0.0,0.0,True
2022_19044015,1,hombre,50,63.9,145.5,30.18,,,modulo_1,97.0,3.0,310.0,,,,,,,,,,,,,,,,,,,,0,,,False
2022_19044016,1,hombre,29,76.5,161.5,29.33,96.5,0.598,modulo_1,115.0,4.0,960.0,4.7,86.0,88.0,5.9,118.0,38.0,62.0,85.0,6.5,0.87,4.4,16.3,,,,,,,,1,0.0,0.0,True
2022_19044018,1,hombre,68,91.6,170.5,31.51,114.1,0.669,modulo_2,130.0,3.0,540.0,6.8,172.0,148.0,14.2,187.0,44.0,108.0,172.0,5.5,0.98,4.4,17.0,,,,,,,,1,1.0,1.0,True
2022_19044019,1,hombre,65,64.95,168.7,22.82,90.1,0.534,modulo_2,162.0,4.0,360.0,8.9,262.0,209.0,12.1,117.0,30.0,70.0,110.0,3.8,0.98,3.6,13.4,,,,,,,,0,1.0,1.0,True
2022_19044020,1,hombre,40,74.05,164.0,27.53,92.5,0.564,modulo_1,124.0,3.0,720.0,6.5,114.0,140.0,8.1,340.0,35.0,121.0,516.0,4.8,0.64,4.9,16.0,,,,,,,,1,1.0,1.0,True
2022_19044023,2,mujer,47,96.6,158.0,38.7,114.0,0.722,modulo_1,119.0,3.0,570.0,,,,,,,,,,,,,,,,,,,,1,,,False
2022_19044025,1,hombre,58,50.0,158.8,19.83,81.9,0.516,modulo_1,110.0,4.0,185.0,5.3,108.0,105.0,2.7,220.0,84.0,112.0,131.0,6.4,0.76,4.4,16.3,,,,,,,,0,0.0,0.0,True
2022_19044027,1,hombre,46,66.55,169.9,23.05,81.5,0.48,modulo_1,95.0,2.0,615.0,,,,,,,,,,,,,,,,,,,,0,,,False
2022_19044028,1,hombre,44,63.85,172.8,21.38,,,modulo_1,115.0,5.0,35.0,,,,,,,,,,,,,,,,,,,,1,,,False
2022_19046008,2,mujer,43,95.4,164.0,35.47,164.0,1.0,modulo_1,118.0,2.0,360.0,5.0,75.0,97.0,17.9,103.0,42.0,60.0,48.0,2.6,0.49,3.4,13.7,78.5,15.6,7.04,0.96,1.1,240.0,36.7,1,0.0,0.0,True
2022_19046015,2,mujer,59,69.8,146.0,32.75,102.8,0.704,modulo_1,121.0,4.0,120.0,,,,,,,,,,,,,,,,,,,,1,,,False
2022_19046016,2,mujer,63,61.5,148.2,28.0,94.0,0.634,modulo_2,125.0,4.0,300.0,,,,,,,,,,,,,,,,,,,,0,,,False
2022_19046022,1,hombre,65,68.1,152.6,29.24,101.2,0.663,modulo_2,162.0,4.0,450.0,4.9,83.0,94.0,12.3,139.0,28.0,80.0,207.0,7.9,1.1,3.0,15.6,,,,,,,,0,0.0,0.0,True
2022_19046024,1,hombre,58,90.65,173.8,30.01,101.8,0.586,modulo_1,117.0,4.0,660.0,,,,,,,,,,,,,,,,,,,,1,,,False
2022_19046029,1,hombre,56,74.05,172.2,24.97,98.7,0.573,modulo_1,129.0,1.0,650.0,,,,,,,,,,,,,,,,,,,,1,,,False
2022_19046033,2,mujer,65,,,,,,modulo_2,178.0,2.0,300.0,,,,,,,,,,,,,,,,,,,,0,,,False
2022_19046034,2,mujer,69,68.8,158.1,27.52,115.7,0.732,modulo_2,177.0,3.0,6000.0,,,,,,,,,,,,,,,,,,,,0,,,False
2022_19046035,1,hombre,46,66.9,161.8,25.55,94.0,0.581,modulo_1,134.0,3.0,270.0,10.8,285.0,263.0,3.5,142.0,42.0,83.0,135.0,5.0,0.83,3.8,17.6,,,,,,,,1,1.0,1.0,True
2022_19046037,2,mujer,73,73.4,149.7,32.75,109.0,0.728,modulo_2,154.0,5.0,300.0,,,,,,,,,,,,,,,,,,,,0,,,False
2022_19046039,2,mujer,34,125.0,152.5,53.75,141.3,0.927,modulo_1,119.0,5.0,300.0,,,,,,,,,,,,,,,,,,,,1,,,False
2022_19046043,1,hombre,65,71.6,163.5,26.78,96.7,0.591,modulo_2,138.0,1.0,240.0,,,,,,,,,,,,,,,,,,,,0,,,False
2022_19046044,2,mujer,53,57.7,156.0,23.71,82.3,0.528,modulo_1,126.0,5.0,,,,,,,,,,,,,,,,,,,,,0,,,False
2022_19046045,2,mujer,68,62.15,142.0,30.82,99.8,0.703,modulo_2,124.0,5.0,380.0,,,,,,,,,,,,,,,,,,,,0,,,False
2022_19046049,2,mujer,36,71.25,157.0,28.91,91.2,0.581,modulo_1,111.0,5.0,240.0,,,,,,,,,,,,,,,,,,,,1,,,False
2022_19046051,1,hombre,66,93.55,164.3,34.66,117.2,0.713,modulo_2,157.0,3.0,660.0,5.6,80.0,114.0,16.7,156.0,32.0,71.0,417.0,4.3,0.89,1.8,14.8,,,,,,,,0,0.0,0.0,True
2022_19046054,2,mujer,23,69.1,148.9,31.17,97.1,0.652,modulo_1,112.0,5.0,420.0,,,,,,,,,,,,,,,,,,,,1,,,False
2022_19046055,2,mujer,62,99.1,141.4,49.56,132.8,0.939,modulo_2,180.0,4.0,135.0,5.4,98.0,108.0,18.0,110.0,52.0,43.0,52.0,5.7,0.78,2.1,12.4,,,,,,,,1,0.0,0.0,True
2022_19046057,2,mujer,62,88.35,142.2,43.69,112.7,0.793,modulo_2,138.0,2.0,540.0,7.3,122.0,163.0,8.5,127.0,45.0,65.0,76.0,4.8,0.58,3.0,13.2,,,,,,,,0,1.0,1.0,True
2022_19046061,2,mujer,36,52.8,147.0,24.43,81.7,0.556,modulo_1,110.0,4.0,180.0,,,,,,,,,,,,,,,,,,,,0,,,False
2022_19046064,2,mujer,67,77.75,141.1,39.05,111.2,0.788,modulo_2,134.0,1.0,135.0,,,,,,,,,,,,,,,,,,,,1,,,False
2022_19046065,1,hombre,28,61.6,172.8,20.63,76.5,0.443,modulo_1,126.0,4.0,420.0,5.3,87.0,105.0,4.9,129.0,52.0,73.0,61.0,6.5,0.92,4.1,16.2,,,,,,,,0,0.0,0.0,True
2022_19046066,2,mujer,67,78.25,149.4,35.06,106.1,0.71,modulo_2,129.0,5.0,420.0,5.8,102.0,120.0,5.6,186.0,56.0,111.0,156.0,7.8,1.14,3.8,12.2,,,,,,,,0,0.0,1.0,True
2022_19046068,2,mujer,54,94.6,150.3,41.88,114.0,0.758,modulo_1,96.0,4.0,300.0,,,,,,,,,,,,,,,,,,,,0,,,False
2022_19046069,1,hombre,36,69.95,160.9,27.02,87.8,0.546,modulo_1,111.0,5.0,225.0,7.0,147.0,154.0,8.3,100.0,38.0,60.0,111.0,3.8,0.8,4.0,16.9,,,,,,,,1,1.0,1.0,True
2022_19046070,2,mujer,67,64.7,154.0,27.28,,,modulo_2,140.0,1.0,660.0,7.1,107.0,157.0,7.1,138.0,61.0,74.0,106.0,5.8,0.75,3.0,11.9,,,,,,,,0,1.0,1.0,True
2022_19046072,1,hombre,69,57.6,159.5,22.64,,,modulo_2,133.0,4.0,660.0,,,,,,,,,,,,,,,,,,,,0,,,False
2022_19046077,1,hombre,22,127.95,178.3,40.25,124.0,0.695,modulo_1,120.0,4.0,270.0,,,,,,,,,,,,,,,,,,,,1,,,False
2022_19046078,2,mujer,28,73.65,157.6,29.65,91.5,0.581,modulo_1,94.0,3.0,855.0,,,,,,,,,,,,,,,,,,,,0,,,False
2022_19046079,2,mujer,58,65.45,159.9,25.6,95.7,0.598,modulo_1,130.0,3.0,220.0,,,,,,,,,,,,,,,,,,,,1,,,False
2022_19046080,2,mujer,58,80.0,153.9,33.78,113.4,0.737,modulo_1,121.0,4.0,320.0,,,,,,,,,,,,,,,,,,,,1,,,False
2022_19046081,2,mujer,63,69.3,145.0,32.96,101.4,0.699,modulo_2,126.0,3.0,270.0,,,,,,,,,,,,,,,,,,,,0,,,False
2022_19046082,2,mujer,75,68.25,150.6,30.09,101.2,0.672,modulo_2,144.0,5.0,750.0,,,,,,,,,,,,,,,,,,,,0,,,False
2022_19046084,1,hombre,38,81.9,164.5,30.27,106.5,0.647,modulo_1,116.0,1.0,1020.0,,,,,,,,,,,,,,,,,,,,1,,,False
2022_19046085,2,mujer,66,56.7,153.4,24.1,91.3,0.595,modulo_2,117.0,2.0,280.0,,,,,,,,,,,,,,,,,,,,0,,,False
2022_19046089,1,hombre,67,78.3,167.7,27.84,104.2,0.621,modulo_2,170.0,5.0,160.0,,,,,,,,,,,,,,,,,,,,1,,,False
2022_19048002,2,mujer,60,63.7,148.0,29.08,94.7,0.64,modulo_2,200.0,5.0,75.0,,,,,,,,,,,,,,,,,,,,1,,,False
2022_19048003,1,hombre,29,113.05,177.1,36.04,,,modulo_1,115.0,4.0,190.0,,,,,,,,,,,,,,,,,,,,1,,,False
2022_19048004,1,hombre,47,70.9,169.8,24.59,97.0,0.571,modulo_1,110.0,3.0,1092.0,,,,,,,,,,,,,,,,,,,,0,,,False
2022_19048006,2,mujer,27,76.5,153.0,32.68,102.0,0.667,modulo_1,113.0,2.0,455.0,7.5,217.0,169.0,47.8,147.0,29.0,98.0,161.0,5.0,0.52,3.9,14.3,122.8,14.2,5.71,1.78,1.1,575.0,12.1,1,1.0,1.0,True
2022_19048007,1,hombre,47,87.8,165.1,32.21,101.2,0.613,modulo_1,140.0,1.0,140.0,,,,,,,,,,,,,,,,,,,,1,,,False
2022_19048016,2,mujer,63,77.65,154.0,32.74,107.6,0.699,modulo_2,149.0,2.0,570.0,5.0,88.0,97.0,12.4,230.0,46.0,108.0,364.0,5.7,0.91,4.3,13.0,,,,,,,,1,0.0,0.0,True
2022_19048027,1,hombre,53,84.5,164.0,31.42,105.2,0.641,modulo_1,152.0,2.0,30.0,5.0,92.0,97.0,11.3,151.0,48.0,94.0,120.0,5.5,0.94,4.2,14.8,,,,,,,,1,0.0,0.0,True
2022_19048028,1,hombre,59,64.7,157.0,26.25,93.3,0.594,modulo_1,125.0,3.0,660.0,,,,,,,,,,,,,,,,,,,,1,,,False
2022_19048033,1,hombre,52,114.3,175.7,37.03,122.0,0.694,modulo_1,151.0,4.0,105.0,,,,,,,,,,,,,,,,,,,,1,,,False
2022_19048034,2,mujer,21,55.95,151.0,24.54,81.1,0.537,modulo_1,110.0,4.0,40.0,,,,,,,,,,,,,,,,,,,,1,,,False
2022_19048035,2,mujer,43,54.1,174.5,17.77,80.9,0.464,modulo_1,137.0,4.0,260.0,,,,,,,,,,,,,,,,,,,,0,,,False
2022_19048036,1,hombre,63,47.75,144.9,22.74,79.3,0.547,modulo_1,118.0,4.0,180.0,,,,,,,,,,,,,,,,,,,,0,,,False
2022_19048039,1,hombre,41,80.65,160.0,31.5,100.2,0.626,modulo_1,139.0,4.0,160.0,,,,,,,,,,,,,,,,,,,,1,,,False
2022_19048040,2,mujer,65,76.5,158.2,30.57,101.5,0.642,modulo_2,146.0,3.0,240.0,,,,,,,,,,,,,,,,,,,,0,,,False
2022_19048043,2,mujer,47,50.4,146.0,23.64,82.9,0.568,modulo_1,129.0,3.0,540.0,,,,,,,,,,,,,,,,,,,,0,,,False
2022_19048044,2,mujer,28,65.8,145.7,31.0,92.6,0.636,modulo_1,112.0,2.0,735.0,5.6,88.0,114.0,35.2,165.0,46.0,93.0,173.0,5.8,0.73,4.4,13.1,24.9,23.9,6.07,0.24,1.0,306.0,9.7,1,0.0,0.0,True
2022_19048048,2,mujer,51,81.45,158.1,32.59,104.1,0.658,modulo_1,109.0,3.0,10.0,,,,,,,,,,,,,,,,,,,,1,,,False
2022_19048052,2,mujer,52,67.1,154.1,28.26,96.8,0.628,modulo_1,111.0,4.0,223.0,,,,,,,,,,,,,,,,,,,,1,,,False
2022_19048053,1,hombre,61,62.6,151.0,27.45,,,modulo_1,115.0,5.0,360.0,,,,,,,,,,,,,,,,,,,,1,,,False
2022_19048054,2,mujer,64,55.5,151.6,24.15,85.9,0.567,modulo_2,136.0,3.0,345.0,5.1,90.0,100.0,5.1,190.0,49.0,108.0,102.0,4.1,1.05,4.0,12.8,,,,,,,,0,0.0,0.0,True
2022_19048055,2,mujer,20,56.95,158.0,22.81,76.8,0.486,modulo_1,97.0,5.0,560.0,,,,,,,,,,,,,,,,,,,,0,,,False
2022_19048060,1,hombre,37,41.15,148.9,18.56,,,modulo_1,115.0,5.0,140.0,,,,,,,,,,,,,,,,,,,,1,,,False
2022_19049003,2,mujer,39,57.45,150.6,25.33,89.0,0.591,modulo_2,111.0,3.0,600.0,,,,,,,,,,,,,,,,,,,,0,,,False
2022_19049004,2,mujer,61,64.55,150.6,28.46,93.8,0.623,modulo_2,136.0,4.0,102.0,,,,,,,,,,,,,,,,,,,,1,,,False
2022_19049016,1,hombre,43,72.95,160.4,28.35,,,modulo_1,115.0,5.0,450.0,,,,,,,,,,,,,,,,,,,,1,,,False
2022_19049017,1,hombre,56,62.15,159.5,24.43,93.2,0.584,modulo_1,131.0,1.0,1120.0,,,,,,,,,,,,,,,,,,,,0,,,False
2022_19049018,2,mujer,61,85.4,154.9,35.59,106.5,0.688,modulo_2,111.0,3.0,420.0,,,,,,,,,,,,,,,,,,,,0,,,False
2022_19049021,1,hombre,66,83.35,176.2,26.85,104.5,0.593,modulo_2,152.0,4.0,600.0,,,,,,,,,,,,,,,,,,,,0,,,False
2022_19049023,2,mujer,66,55.1,150.3,24.39,83.9,0.558,modulo_2,106.0,2.0,360.0,5.8,79.0,120.0,3.6,193.0,46.0,108.0,173.0,5.1,0.49,3.2,15.0,,,,,,,,0,0.0,1.0,True
2022_19049025,1,hombre,64,77.15,176.0,24.91,103.3,0.587,modulo_2,144.0,2.0,480.0,5.5,68.0,111.0,1.8,92.0,32.0,54.0,56.0,2.3,0.73,3.2,14.1,,,,,,,,0,0.0,0.0,True
2022_20002002,2,mujer,49,80.05,155.1,33.28,104.7,0.675,modulo_1,137.0,3.0,120.0,,,,,,,,,,,,,,,,,,,,1,,,False
2022_20002004,2,mujer,17,67.55,149.9,30.06,,,modulo_1,115.0,5.0,190.0,,,,,,,,,,,,13.5,20.4,16.7,6.4,0.37,1.2,214.0,27.0,1,,,False
2022_20002005,2,mujer,37,72.8,157.8,29.24,92.8,0.588,modulo_1,100.0,5.0,240.0,5.4,85.0,108.0,10.5,129.0,40.0,80.0,74.0,3.4,0.45,4.0,9.9,2.0,16.0,6.0,0.53,2.3,178.0,36.7,0,0.0,0.0,True
2022_20002010,1,hombre,47,98.95,166.3,35.78,122.5,0.737,modulo_1,127.0,1.0,780.0,,,,,,,,,,,,,,,,,,,,1,,,False
2022_20002011,1,hombre,51,80.45,153.8,34.01,109.4,0.711,modulo_1,132.0,4.0,850.0,,,,,,,,,,,,,,,,,,,,1,,,False
2022_20002013,2,mujer,66,62.7,152.4,27.0,90.2,0.592,modulo_2,170.0,5.0,150.0,8.9,238.0,209.0,10.8,173.0,34.0,88.0,310.0,4.3,0.95,4.3,13.5,,,,,,,,1,1.0,1.0,True
2022_20002019,1,hombre,73,72.95,162.8,27.52,104.1,0.639,modulo_2,103.0,4.0,210.0,,,,,,,,,,,,,,,,,,,,0,,,False
2022_20016001,2,mujer,45,54.9,140.1,27.97,97.9,0.699,modulo_1,107.0,5.0,270.0,,,,,,,,,,,,,,,,,,,,1,,,False
2022_20016007,2,mujer,62,35.0,133.2,19.73,71.8,0.539,modulo_2,111.0,5.0,90.0,,,,,,,,,,,,,,,,,,,,1,,,False
2022_20016008,2,mujer,17,55.1,151.4,24.04,,,modulo_1,115.0,5.0,330.0,,,,,,,,,,,,,,,,,,,,0,,,False
2022_20016011,2,mujer,59,47.9,140.4,24.3,93.2,0.664,modulo_1,155.0,5.0,330.0,,,,,,,,,,,,,,,,,,,,0,,,False
2022_20016012,2,mujer,65,52.05,146.9,24.12,84.8,0.577,modulo_2,132.0,4.0,630.0,,,,,,,,,,,,,,,,,,,,0,,,False
2022_20016014,1,hombre,48,67.55,151.0,29.63,100.0,0.662,modulo_1,156.0,4.0,6135.0,5.3,65.0,105.0,7.8,105.0,22.0,75.0,109.0,6.5,0.62,2.6,16.7,,,,,,,,1,0.0,0.0,True
2022_20016016,2,mujer,51,42.0,135.5,22.88,87.4,0.645,modulo_1,91.0,4.0,135.0,,,,,,,,,,,,,,,,,,,,1,,,False
2022_20016017,2,mujer,52,57.8,142.8,28.34,103.5,0.725,modulo_1,132.0,5.0,1020.0,,,,,,,,,,,,,,,,,,,,1,,,False
2022_20016018,2,mujer,54,38.85,137.0,20.7,81.1,0.592,modulo_1,107.0,5.0,100.0,,,,,,,,,,,,,,,,,,,,1,,,False
2022_20016020,2,mujer,46,68.75,140.3,34.93,,,modulo_1,111.0,4.0,30.0,,,,,,,,,,,,,,,,,,,,1,,,False
2022_20016023,2,mujer,57,45.4,142.8,22.26,82.8,0.58,modulo_1,111.0,5.0,560.0,,,,,,,,,,,,,,,,,,,,0,,,False
2022_20016024,2,mujer,72,59.8,145.4,28.29,,,modulo_1,122.0,4.0,90.0,,,,,,,,,,,,,,,,,,,,1,,,False
2022_20016035,2,mujer,39,41.15,136.2,22.18,79.3,0.582,modulo_1,121.0,4.0,5460.0,,,,,,,,,,,,,,,,,,,,0,,,False
2022_20039001,2,mujer,58,59.8,139.8,30.6,98.8,0.707,modulo_1,132.0,3.0,120.0,5.2,84.0,103.0,8.3,190.0,51.0,128.0,128.0,3.7,0.58,4.2,9.6,,,,,,,,1,0.0,0.0,True
2022_20039002,1,hombre,24,51.1,159.0,20.21,72.5,0.456,modulo_1,112.0,4.0,180.0,4.3,62.0,77.0,1.2,,15.0,28.0,50.0,2.9,0.46,1.7,16.2,,,,,,,,0,0.0,0.0,True
2022_20039007,2,mujer,63,64.05,153.5,27.18,93.7,0.61,modulo_2,121.0,3.0,770.0,,,,,,,,,,,,,,,,,,,,0,,,False
2022_20039013,1,hombre,36,66.6,157.6,26.81,93.6,0.594,modulo_1,119.0,4.0,165.0,,,,,,,,,,,,,,,,,,,,1,,,False
2022_20039015,2,mujer,58,66.65,149.3,29.9,105.1,0.704,modulo_1,110.0,4.0,220.0,5.7,91.0,117.0,8.8,118.0,40.0,58.0,203.0,5.8,0.77,4.1,14.1,,,,,,,,1,0.0,1.0,True
2022_20039017,2,mujer,21,76.0,156.2,31.15,99.4,0.636,modulo_1,95.0,4.0,825.0,4.9,91.0,94.0,18.8,200.0,35.0,135.0,207.0,4.8,0.49,4.3,13.8,34.9,29.8,5.8,0.68,1.2,289.0,21.8,0,0.0,0.0,True
2022_20039018,1,hombre,42,68.55,159.8,26.84,89.3,0.559,modulo_1,120.0,3.0,480.0,,,,,,,,,,,,,,,,,,,,1,,,False
2022_20039025,1,hombre,37,92.15,160.4,35.82,112.5,0.701,modulo_1,124.0,2.0,420.0,,,,,,,,,,,,,,,,,,,,1,,,False
2022_20067006,2,mujer,43,60.25,161.4,23.13,86.4,0.535,modulo_1,149.0,4.0,360.0,5.4,95.0,108.0,10.3,144.0,54.0,68.0,144.0,3.3,0.64,4.1,12.4,2.9,7.0,10.7,0.23,1.8,200.0,19.1,0,0.0,0.0,True
2022_20067007,1,hombre,45,76.35,168.2,26.99,92.8,0.552,modulo_1,122.0,4.0,660.0,,,,,,,,,,,,,,,,,,,,1,,,False
2022_20067017,1,hombre,52,124.45,182.4,37.41,130.9,0.718,modulo_1,118.0,3.0,372.0,,,,,,,,,,,,,,,,,,,,1,,,False
2022_20067022,1,hombre,68,80.6,167.3,28.8,,,modulo_1,115.0,2.0,400.0,,,,,,,,,,,,,,,,,,,,1,,,False
2022_20067029,2,mujer,43,85.7,161.5,32.86,107.3,0.664,modulo_1,128.0,2.0,260.0,,,,,,,,,,,,,,,,,,,,1,,,False
2022_20076001,2,mujer,51,76.9,149.9,34.22,108.3,0.722,modulo_1,102.0,3.0,180.0,,,,,,,,,,,,,,,,,,,,1,,,False
2022_20076003,1,hombre,45,66.9,161.5,25.65,94.1,0.583,modulo_1,119.0,4.0,540.0,,,,,,,,,,,,,,,,,,,,1,,,False
2022_20076004,2,mujer,66,53.3,144.0,25.7,89.9,0.624,modulo_2,91.0,5.0,40.0,5.6,45.0,114.0,1.5,70.0,13.0,44.0,108.0,2.6,0.28,1.0,13.3,,,,,,,,1,0.0,0.0,True
2022_20076005,1,hombre,45,60.05,160.6,23.28,82.2,0.512,modulo_1,111.0,3.0,420.0,5.6,71.0,114.0,2.0,84.0,23.0,52.0,62.0,4.2,0.44,2.2,15.6,,,,,,,,0,0.0,0.0,True
2022_20076006,1,hombre,43,65.1,159.5,25.59,107.5,0.674,modulo_1,116.0,3.0,240.0,,,,,,,,,,,,,,,,,,,,1,,,False
2022_20076007,2,mujer,63,65.0,139.2,33.55,100.2,0.72,modulo_2,143.0,4.0,200.0,,,,,,,,,,,,,,,,,,,,0,,,False
2022_20076008,1,hombre,60,65.6,156.8,26.68,,,modulo_2,165.0,5.0,350.0,,,,,,,,,,,,,,,,,,,,0,,,False
2022_20076009,2,mujer,65,50.55,147.8,23.14,91.8,0.621,modulo_2,170.0,4.0,330.0,,,,,,,,,,,,,,,,,,,,0,,,False
2022_20076011,2,mujer,56,63.65,150.8,27.99,96.2,0.638,modulo_1,100.0,5.0,240.0,,,,,,,,,,,,,,,,,,,,0,,,False
2022_20076012,2,mujer,40,91.2,150.0,40.53,111.8,0.745,modulo_1,143.0,3.0,120.0,,,,,,,,,,,,,,,,,,,,1,,,False
2022_20076015,1,hombre,65,66.6,153.4,28.3,100.3,0.654,modulo_2,106.0,5.0,480.0,,,,,,,,,,,,,,,,,,,,0,,,False
2022_20076016,1,hombre,64,71.15,152.5,30.59,106.7,0.7,modulo_2,162.0,3.0,380.0,,,,,,,,,,,,,,,,,,,,0,,,False
2022_20076018,2,mujer,38,77.05,157.4,31.1,94.9,0.603,modulo_1,116.0,4.0,120.0,4.9,63.0,94.0,6.4,87.0,28.0,44.0,127.0,2.7,0.43,2.3,14.4,25.2,15.7,4.4,0.15,1.2,159.0,36.1,1,0.0,0.0,True
2022_20076019,1,hombre,60,57.15,155.8,23.54,84.9,0.545,modulo_1,119.0,4.0,90.0,,,,,,,,,,,,,,,,,,,,1,,,False
2022_20076020,1,hombre,46,62.5,160.0,24.41,88.3,0.552,modulo_1,114.0,4.0,300.0,5.2,64.0,103.0,3.9,70.0,20.0,41.0,132.0,2.8,0.49,1.9,16.5,,,,,,,,0,0.0,0.0,True
2022_20076023,1,hombre,64,59.0,155.0,24.56,91.8,0.592,modulo_2,129.0,3.0,630.0,,,,,,,,,,,,,,,,,,,,0,,,False
2022_20076024,2,mujer,44,69.95,143.5,33.97,98.1,0.684,modulo_1,108.0,4.0,240.0,,,,,,,,,,,,14.7,11.8,8.0,6.9,0.78,1.1,316.0,26.2,1,,,False
2022_20076027,2,mujer,39,80.4,153.8,33.99,99.3,0.646,modulo_1,120.0,4.0,360.0,,,,,,,,,,,,,,,,,,,,1,,,False
2022_20076028,2,mujer,48,54.6,143.0,26.7,91.2,0.638,modulo_1,145.0,2.0,320.0,,,,,,,,,,,,,,,,,,,,1,,,False
2022_20076029,2,mujer,55,68.55,144.5,32.83,99.5,0.689,modulo_1,139.0,4.0,270.0,5.8,69.0,120.0,10.3,89.0,21.0,54.0,108.0,2.9,0.42,1.9,14.3,,,,,,,,1,0.0,1.0,True
2022_20076031,1,hombre,43,63.15,163.6,23.59,82.6,0.505,modulo_1,115.0,2.0,540.0,,,,,,,,,,,,,,,,,,,,0,,,False
2022_20076033,2,mujer,75,74.45,151.8,32.31,104.1,0.686,modulo_2,173.0,5.0,135.0,5.7,67.0,117.0,7.6,126.0,27.0,75.0,154.0,3.1,0.49,2.3,12.6,,,,,,,,1,0.0,1.0,True
2022_20076034,2,mujer,45,56.1,151.9,24.31,88.4,0.582,modulo_1,99.0,4.0,240.0,,,,,,,,,,,,,,,,,,,,0,,,False
2022_20076035,2,mujer,45,72.15,145.3,34.17,104.7,0.721,modulo_1,121.0,5.0,45.0,,,,,,,,,,,,,,,,,,,,1,,,False
2022_20258008,1,hombre,28,50.9,157.2,20.6,72.6,0.462,modulo_1,119.0,4.0,360.0,4.9,67.0,94.0,2.8,87.0,35.0,37.0,35.0,4.0,0.6,2.8,17.5,,,,,,,,0,0.0,0.0,True
2022_20258009,2,mujer,61,53.15,143.2,25.92,88.8,0.62,modulo_2,144.0,3.0,210.0,4.9,55.0,94.0,1.6,75.0,29.0,42.0,49.0,2.5,0.37,2.0,15.2,,,,,,,,0,0.0,0.0,True
2022_20258010,2,mujer,56,61.55,150.0,27.36,96.4,0.643,modulo_1,118.0,3.0,300.0,5.7,66.0,117.0,3.5,127.0,26.0,61.0,203.0,3.3,0.51,2.4,15.1,,,,,,,,1,0.0,1.0,True
2022_20258012,1,hombre,46,79.5,164.5,29.38,97.6,0.593,modulo_1,110.0,4.0,480.0,5.1,93.0,100.0,5.9,178.0,35.0,114.0,179.0,5.1,0.88,3.6,18.7,,,,,,,,1,0.0,0.0,True
2022_20258016,2,mujer,39,60.75,149.6,27.14,87.3,0.584,modulo_1,135.0,1.0,420.0,,,,,,,,,,,,,,,,,,,,1,,,False
2022_20272002,1,hombre,50,72.15,157.8,28.97,90.4,0.573,modulo_1,125.0,4.0,720.0,6.2,108.0,131.0,12.3,82.0,25.0,42.0,134.0,5.1,0.65,2.9,16.0,,,,,,,,1,0.0,1.0,True
2022_20272005,1,hombre,63,52.95,155.7,21.84,83.7,0.538,modulo_2,130.0,3.0,360.0,5.2,74.0,103.0,1.3,99.0,34.0,58.0,90.0,4.9,0.73,2.3,13.1,,,,,,,,0,0.0,0.0,True
2022_20272007,2,mujer,34,68.05,144.9,32.41,94.4,0.651,modulo_1,108.0,4.0,90.0,5.4,83.0,108.0,4.1,148.0,33.0,88.0,214.0,4.6,0.54,3.6,14.3,31.9,12.5,6.3,0.59,1.0,242.0,41.6,1,0.0,0.0,True
2022_20272008,2,mujer,49,56.85,144.0,27.42,82.6,0.574,modulo_1,136.0,2.0,570.0,,,,,,,,,,,,,,,,,,,,1,,,False
2022_20272009,2,mujer,54,79.8,148.7,36.09,79.8,0.537,modulo_1,101.0,2.0,25.0,13.9,203.0,352.0,2.2,125.0,29.0,74.0,139.0,1.8,0.38,2.3,13.6,,,,,,,,1,1.0,1.0,True
2022_20272011,1,hombre,41,72.9,151.9,31.59,103.5,0.681,modulo_1,142.0,1.0,750.0,,,,,,,,,,,,,,,,,,,,1,,,False
2022_20272013,2,mujer,37,59.8,157.9,23.98,87.4,0.554,modulo_1,97.0,4.0,270.0,,,,,,,,,,,,,,,,,,,,0,,,False
2022_20272014,2,mujer,46,41.85,140.2,21.29,82.8,0.591,modulo_1,126.0,2.0,300.0,5.1,66.0,100.0,7.8,103.0,19.0,50.0,254.0,3.8,0.86,1.5,12.5,26.0,12.6,12.6,0.21,1.1,118.0,19.3,0,0.0,0.0,True
2022_20272016,1,hombre,50,99.05,160.0,38.69,111.2,0.695,modulo_1,126.0,5.0,420.0,6.0,75.0,126.0,10.9,78.0,21.0,48.0,90.0,3.5,0.62,2.0,15.0,,,,,,,,1,0.0,1.0,True
2022_20272019,1,hombre,53,70.4,160.2,27.43,95.8,0.598,modulo_1,117.0,1.0,330.0,,,,,,,,,,,,,,,,,,,,1,,,False
2022_20272020,2,mujer,40,77.75,150.2,34.46,101.5,0.676,modulo_1,111.0,4.0,180.0,,,,,,,,,,,,,,,,,,,,1,,,False
2022_20272024,1,hombre,58,75.95,165.2,27.83,95.2,0.576,modulo_1,137.0,2.0,330.0,,,,,,,,,,,,,,,,,,,,1,,,False
2022_20272026,2,mujer,28,46.35,154.1,19.52,68.2,0.443,modulo_1,96.0,4.0,240.0,5.5,72.0,111.0,6.3,117.0,25.0,71.0,143.0,3.4,0.45,2.8,10.5,2.7,4.2,10.3,0.02,2.3,157.0,35.4,0,0.0,0.0,True
2022_20339002,1,hombre,22,86.6,161.6,33.16,100.8,0.624,modulo_1,116.0,3.0,600.0,,,,,,,,,,,,,,,,,,,,1,,,False
2022_20339003,2,mujer,48,72.9,154.0,30.74,97.2,0.631,modulo_1,111.0,3.0,300.0,,,,,,,,,,,,,,,,,,,,1,,,False
2022_20339009,2,mujer,56,70.8,141.2,35.51,114.8,0.813,modulo_1,111.0,4.0,60.0,,,,,,,,,,,,,,,,,,,,1,,,False
2022_20339010,2,mujer,30,86.6,150.0,38.49,114.4,0.763,modulo_1,113.0,4.0,240.0,4.8,92.0,91.0,17.7,151.0,36.0,83.0,241.0,4.0,0.59,4.1,15.0,80.3,16.7,5.3,0.18,1.1,163.0,22.8,1,0.0,0.0,True
2022_20339011,2,mujer,51,82.9,142.1,41.06,116.2,0.818,modulo_1,102.0,2.0,180.0,,,,,,,,,,,,14.1,,,,,,,,1,,,False
2022_20339012,2,mujer,44,43.85,148.3,19.94,,,modulo_1,115.0,4.0,300.0,5.7,91.0,117.0,12.1,167.0,39.0,93.0,277.0,4.4,0.61,4.0,16.0,32.0,14.1,6.3,0.37,0.9,170.0,16.4,0,0.0,1.0,True
2022_20339014,1,hombre,46,87.8,,,116.3,,modulo_1,122.0,1.0,270.0,,,,,,,,,,,,,,,,,,,,1,,,False
2022_20339015,1,hombre,37,80.25,160.6,31.11,98.6,0.614,modulo_1,128.0,4.0,480.0,,,,,,,,,,,,,,,,,,,,1,,,False
2022_20339022,1,hombre,63,74.9,154.1,31.54,104.8,0.68,modulo_2,177.0,3.0,210.0,,,,,,,,,,,,,,,,,,,,0,,,False
2022_20339026,2,mujer,46,75.2,152.9,32.17,106.3,0.695,modulo_1,103.0,3.0,380.0,,,,,,,,,,,,,,,,,,,,1,,,False
2022_20339027,2,mujer,51,68.7,145.3,32.54,103.5,0.712,modulo_1,119.0,3.0,230.0,,,,,,,,,,,,,,,,,,,,1,,,False
2022_20339030,1,hombre,48,67.3,164.8,24.78,88.5,0.537,modulo_1,126.0,4.0,150.0,,,,,,,,,,,,,,,,,,,,1,,,False
2022_20339032,2,mujer,37,78.45,156.5,32.03,99.2,0.634,modulo_1,112.0,3.0,370.0,,,,,,,,,,,,,,,,,,,,1,,,False
2022_20339034,2,mujer,55,91.0,146.5,42.4,125.2,0.855,modulo_1,156.0,4.0,70.0,,,,,,,,,,,,,,,,,,,,1,,,False
2022_20390005,2,mujer,51,61.2,138.3,32.0,111.1,0.803,modulo_1,118.0,4.0,570.0,,,,,,,,,,,,,,,,,,,,1,,,False
2022_20390013,1,hombre,28,62.9,159.0,24.88,84.0,0.528,modulo_1,116.0,2.0,1170.0,,,,,,,,,,,,,,,,,,,,0,,,False
2022_20390016,2,mujer,43,63.45,154.8,26.48,93.2,0.602,modulo_1,102.0,4.0,180.0,,,,,,,,,,,,,,,,,,,,1,,,False
2022_20390018,2,mujer,51,49.0,146.6,22.8,,,modulo_1,92.0,2.0,260.0,5.5,60.0,111.0,3.3,120.0,36.0,74.0,73.0,3.8,0.38,2.3,13.8,,,,,,,,0,0.0,0.0,True
2022_20390028,2,mujer,59,54.6,149.3,24.49,87.4,0.585,modulo_1,107.0,2.0,95.0,,,,,,,,,,,,,,,,,,,,1,,,False
2022_20390030,2,mujer,66,47.0,143.5,22.82,73.4,0.511,modulo_2,126.0,4.0,180.0,,,,,,,,,,,,,,,,,,,,0,,,False
2022_20499002,1,hombre,50,71.2,168.0,25.23,168.0,1.0,modulo_1,104.0,4.0,570.0,,,,,,,,,,,,,,,,,,,,1,,,False
2022_20499004,1,hombre,56,84.05,156.0,34.54,107.2,0.687,modulo_1,123.0,3.0,180.0,,,,,,,,,,,,,,,,,,,,1,,,False
2022_20499006,2,mujer,28,77.4,154.6,32.38,103.8,0.671,modulo_1,111.0,2.0,480.0,5.0,89.0,97.0,71.3,135.0,34.0,76.0,274.0,5.1,0.7,4.3,14.4,52.0,15.1,9.2,0.16,1.1,213.0,32.9,1,0.0,0.0,True
2022_20499009,2,mujer,25,94.9,168.1,33.58,99.1,0.59,modulo_1,120.0,3.0,360.0,5.3,85.0,105.0,18.9,112.0,29.0,77.0,120.0,5.1,0.52,2.9,15.7,21.1,9.5,7.2,0.95,1.1,222.0,34.2,1,0.0,0.0,True
2022_20499010,2,mujer,40,74.6,153.2,31.78,103.8,0.678,modulo_1,142.0,4.0,125.0,5.5,102.0,111.0,6.1,214.0,56.0,86.0,256.0,4.1,0.57,4.6,17.1,25.8,22.9,5.9,0.35,1.1,278.0,19.0,1,0.0,0.0,True
2022_20499011,2,mujer,50,66.1,145.5,31.22,94.2,0.647,modulo_1,128.0,2.0,570.0,5.8,85.0,120.0,14.7,159.0,40.0,83.0,258.0,5.2,0.52,3.9,14.9,,,,,,,,1,0.0,1.0,True
2022_20499017,2,mujer,69,55.4,143.6,26.87,100.1,0.697,modulo_2,162.0,1.0,240.0,,,,,,,,,,,,,,,,,,,,0,,,False
2022_20515003,2,mujer,53,91.15,150.1,40.46,129.2,0.861,modulo_1,167.0,5.0,120.0,,,,,,,,,,,,,,,,,,,,1,,,False
2022_20515006,2,mujer,32,56.2,152.3,24.23,77.5,0.509,modulo_1,103.0,4.0,300.0,,,,,,,,,,,,,,,,,,,,0,,,False
2022_20515008,2,mujer,31,61.95,153.0,26.46,86.5,0.565,modulo_1,101.0,3.0,480.0,5.9,116.0,123.0,7.5,88.0,27.0,66.0,78.0,3.8,0.42,2.5,11.8,8.4,25.8,6.1,0.61,1.4,371.0,26.3,1,0.0,1.0,True
2022_20515009,2,mujer,29,51.9,145.7,24.45,,,modulo_1,103.0,4.0,320.0,5.1,72.0,100.0,4.1,108.0,48.0,59.0,43.0,3.4,0.4,3.0,13.2,12.1,21.8,6.1,0.06,1.1,202.0,13.9,0,0.0,0.0,True
2022_20515011,2,mujer,64,64.7,154.0,27.28,,,modulo_2,152.0,5.0,5290.0,,,,,,,,,,,,,,,,,,,,0,,,False
2022_20515014,1,hombre,18,111.3,179.4,34.58,,,modulo_1,115.0,4.0,390.0,,,,,,,,,,,,,,,,,,,,1,,,False
2022_20515016,1,hombre,65,63.8,164.9,23.46,92.8,0.563,modulo_2,164.0,1.0,180.0,8.5,174.0,197.0,4.3,282.0,45.0,153.0,463.0,4.2,0.73,4.3,14.1,,,,,,,,1,1.0,1.0,True
2022_20515017,2,mujer,29,91.0,150.3,40.28,121.5,0.808,modulo_1,108.0,5.0,375.0,,,,,,,,,,,,,,,,,,,,1,,,False
2022_20515027,1,hombre,46,56.1,159.1,22.16,89.4,0.562,modulo_1,117.0,1.0,480.0,5.2,78.0,103.0,4.8,125.0,27.0,54.0,369.0,10.0,1.05,3.3,7.7,,,,,,,,0,0.0,0.0,True
2022_21010001,1,hombre,40,73.55,156.7,29.95,99.2,0.633,modulo_1,98.0,4.0,285.0,,,,,,,,,,,,,,,,,,,,0,,,False
2022_21010003,1,hombre,36,79.55,157.0,32.27,100.8,0.642,modulo_1,133.0,4.0,860.0,5.5,,111.0,,,,,,,,,18.7,,,,,,,,1,0.0,0.0,True
2022_21010008,2,mujer,45,71.7,145.5,33.87,102.4,0.704,modulo_1,141.0,5.0,150.0,,,,,,,,,,,,,,,,,,,,1,,,False
2022_21010009,2,mujer,31,47.6,140.7,24.04,,,modulo_1,111.0,4.0,210.0,5.7,122.0,117.0,49.1,76.0,34.0,38.0,33.0,2.9,0.52,3.1,12.4,9.4,16.3,10.24,0.84,1.6,148.0,19.5,0,0.0,1.0,True
2022_21010010,2,mujer,30,71.4,153.7,30.22,,,modulo_1,97.0,2.0,75.0,,,,,,,,,,,,,,,,,,,,1,,,False
2022_21010011,1,hombre,65,80.15,162.1,30.5,108.1,0.667,modulo_2,137.0,5.0,810.0,,,,,,,,,,,,,,,,,,,,0,,,False
2022_21066002,2,mujer,54,107.9,150.9,47.39,123.5,0.818,modulo_1,128.0,1.0,300.0,,,,,,,,,,,,,,,,,,,,1,,,False
2022_21066005,2,mujer,28,74.1,154.4,31.08,91.1,0.59,modulo_1,101.0,4.0,450.0,5.3,92.0,105.0,10.1,103.0,37.0,61.0,124.0,5.4,0.68,3.4,13.1,127.7,7.5,6.67,0.44,1.4,638.0,32.9,1,0.0,0.0,True
2022_21066015,1,hombre,33,73.55,177.5,23.34,88.0,0.496,modulo_1,125.0,1.0,480.0,,,,,,,,,,,,,,,,,,,,0,,,False
2022_21085002,2,mujer,69,53.5,142.3,26.42,,,modulo_2,134.0,5.0,620.0,,,,,,,,,,,,,,,,,,,,0,,,False
2022_21085006,1,hombre,30,105.95,164.1,39.34,122.6,0.747,modulo_1,132.0,4.0,1020.0,,,,,,,,,,,,,,,,,,,,1,,,False
2022_21085007,2,mujer,67,56.65,143.0,27.7,98.2,0.687,modulo_2,155.0,5.0,360.0,4.7,96.0,88.0,8.5,152.0,39.0,94.0,104.0,5.4,0.48,3.7,17.1,,,,,,,,0,0.0,0.0,True
2022_21085008,1,hombre,30,62.3,155.8,25.67,83.4,0.535,modulo_1,127.0,1.0,540.0,,,,,,,,,,,,,,,,,,,,1,,,False
2022_21085009,2,mujer,70,53.3,137.1,28.36,91.1,0.664,modulo_2,126.0,4.0,180.0,5.7,91.0,117.0,19.1,118.0,41.0,62.0,134.0,3.4,0.47,3.2,13.6,,,,,,,,0,0.0,1.0,True
2022_21085011,2,mujer,27,71.2,153.1,30.38,98.5,0.643,modulo_1,108.0,5.0,460.0,,,,,,,,,,,,,,,,,,,,1,,,False
2022_21085013,2,mujer,54,70.1,151.6,30.5,98.4,0.649,modulo_1,113.0,3.0,420.0,5.2,94.0,103.0,6.1,156.0,50.0,95.0,98.0,3.7,0.48,4.1,14.1,,,,,,,,1,0.0,0.0,True
2022_21085022,2,mujer,49,79.75,157.3,32.23,108.3,0.688,modulo_1,117.0,5.0,320.0,,,,,,,,,,,,10.7,2.7,7.9,25.3,0.49,2.4,59.0,25.0,1,,,False
2022_21085032,1,hombre,42,64.8,156.5,26.46,95.3,0.609,modulo_1,135.0,3.0,180.0,,,,,,,,,,,,,,,,,,,,1,,,False
2022_21085035,1,hombre,31,69.5,169.6,24.16,86.2,0.508,modulo_1,128.0,2.0,1860.0,,,,,,,,,,,,,,,,,,,,0,,,False
2022_21085036,1,hombre,55,56.4,160.5,21.89,76.4,0.476,modulo_1,94.0,3.0,1380.0,,,,,,,,,,,,,,,,,,,,0,,,False
2022_21114002,2,mujer,57,56.1,151.0,24.6,89.5,0.593,modulo_1,118.0,4.0,540.0,10.4,136.0,252.0,13.4,162.0,37.0,104.0,303.0,4.6,0.44,3.3,15.7,,,,,,,,1,1.0,1.0,True
2022_21114014,2,mujer,53,66.3,140.0,33.83,102.0,0.729,modulo_1,152.0,4.0,750.0,5.2,120.0,103.0,162.1,127.0,42.0,74.0,201.0,3.6,0.68,3.4,16.0,,,,,,,,1,0.0,0.0,True
2022_21114016,2,mujer,67,56.25,145.0,26.75,82.8,0.571,modulo_2,106.0,4.0,330.0,,,,,,,,,,,,,,,,,,,,0,,,False
2022_21114023,2,mujer,55,87.3,157.8,35.06,116.0,0.735,modulo_1,149.0,4.0,270.0,,,,,,,,,,,,,,,,,,,,1,,,False
2022_21114026,2,mujer,62,61.25,142.7,30.08,98.6,0.691,modulo_2,118.0,4.0,180.0,,,,,,,,,,,,,,,,,,,,0,,,False
2022_21114033,2,mujer,57,78.7,147.0,36.42,115.5,0.786,modulo_1,143.0,4.0,660.0,,,,,,,,,,,,,,,,,,,,1,,,False
2022_21114047,2,mujer,60,51.3,147.9,23.45,82.4,0.557,modulo_2,191.0,3.0,180.0,8.8,140.0,206.0,1.8,171.0,40.0,128.0,113.0,2.6,0.61,3.6,18.3,,,,,,,,1,1.0,1.0,True
2022_21114049,2,mujer,60,53.55,149.0,24.12,92.2,0.619,modulo_2,188.0,4.0,215.0,,,,,,,,,,,,,,,,,,,,0,,,False
2022_21114057,2,mujer,44,53.5,151.3,23.37,82.2,0.543,modulo_1,104.0,4.0,330.0,4.9,85.0,94.0,8.2,139.0,40.0,68.0,296.0,4.2,0.55,3.4,14.3,18.9,18.1,5.49,4.29,1.1,466.0,14.4,0,0.0,0.0,True
2022_21114060,2,mujer,48,69.9,151.0,30.66,102.7,0.68,modulo_1,115.0,5.0,445.0,5.3,99.0,105.0,26.6,160.0,45.0,112.0,119.0,3.9,0.85,3.0,12.6,3.7,15.1,9.56,0.39,2.6,163.0,26.0,1,0.0,0.0,True
2022_21114061,2,mujer,60,92.9,151.0,40.74,122.0,0.808,modulo_2,112.0,4.0,450.0,,,,,,,,,,,,,,,,,,,,0,,,False
2022_21119005,2,mujer,44,63.05,144.5,30.2,91.6,0.634,modulo_1,107.0,4.0,840.0,5.5,90.0,111.0,12.0,117.0,31.0,73.0,158.0,5.8,0.51,3.3,11.9,2.3,11.0,10.6,0.31,3.8,184.0,17.5,1,0.0,0.0,True
2022_21119013,2,mujer,64,64.0,135.0,35.12,106.8,0.791,modulo_2,133.0,1.0,390.0,9.9,251.0,237.0,7.8,176.0,62.0,112.0,175.0,2.9,0.33,2.9,18.4,,,,,,,,1,1.0,1.0,True
2022_21119015,2,mujer,40,58.15,149.0,26.19,88.0,0.591,modulo_1,111.0,3.0,210.0,12.6,317.0,315.0,4.6,210.0,42.0,110.0,461.0,3.1,0.55,3.7,15.0,15.9,22.2,1.56,0.47,1.3,378.0,21.0,1,1.0,1.0,True
2022_21119017,2,mujer,60,59.6,146.0,27.96,,,modulo_1,110.0,4.0,40.0,,,,,,,,,,,,,,,,,,,,1,,,False
2022_21119018,2,mujer,64,62.15,148.0,28.37,92.0,0.622,modulo_2,124.0,4.0,480.0,,,,,,,,,,,,,,,,,,,,0,,,False
2022_21119027,1,hombre,65,80.4,168.6,28.28,97.7,0.579,modulo_2,118.0,3.0,390.0,,,,,,,,,,,,,,,,,,,,0,,,False
2022_21147001,2,mujer,71,57.1,144.4,27.38,93.4,0.647,modulo_2,153.0,4.0,180.0,,,,,,,,,,,,,,,,,,,,0,,,False
2022_21147006,2,mujer,69,61.8,141.0,31.08,94.0,0.667,modulo_2,110.0,3.0,660.0,5.6,92.0,114.0,7.2,96.0,45.0,43.0,70.0,4.1,0.63,3.3,14.9,,,,,,,,0,0.0,0.0,True
2022_21147009,2,mujer,57,58.4,151.4,25.48,,,modulo_1,115.0,4.0,690.0,,,,,,,,,,,,,,,,,,,,1,,,False
2022_21147011,1,hombre,59,57.85,152.8,24.78,94.4,0.618,modulo_1,137.0,4.0,540.0,8.8,340.0,206.0,15.6,124.0,30.0,76.0,232.0,5.4,0.75,3.2,16.6,,,,,,,,1,1.0,1.0,True
2022_21147014,2,mujer,40,66.25,150.2,29.37,98.4,0.655,modulo_1,122.0,4.0,240.0,5.2,83.0,103.0,9.1,171.0,48.0,119.0,153.0,5.0,0.65,4.2,14.8,14.1,12.9,10.92,0.23,1.3,62.0,31.8,1,0.0,0.0,True
2022_21147017,2,mujer,55,55.9,148.0,25.52,96.0,0.649,modulo_1,114.0,3.0,660.0,,,,,,,,,,,,,,,,,,,,1,,,False
2022_21147019,2,mujer,42,45.5,146.7,21.14,,,modulo_1,126.0,5.0,180.0,,,,,,,,,,,,,,,,,,,,0,,,False
2022_21147021,2,mujer,29,48.0,142.3,23.7,,,modulo_1,113.0,4.0,180.0,,,,,,,,,,,,,,,,,,,,0,,,False
2022_21147024,2,mujer,53,38.45,142.9,18.83,75.4,0.528,modulo_1,136.0,1.0,360.0,,,,,,,,,,,,,,,,,,,,0,,,False
2022_21147029,2,mujer,60,41.8,139.5,21.48,82.5,0.591,modulo_2,149.0,2.0,300.0,,,,,,,,,,,,,,,,,,,,0,,,False
2022_21148005,2,mujer,18,59.85,147.8,27.4,,,modulo_1,115.0,3.0,170.0,,,,,,,,,,,,,,,,,,,,1,,,False
2022_21148010,1,hombre,33,68.6,176.2,22.1,76.0,0.431,modulo_1,132.0,3.0,480.0,5.2,72.0,103.0,6.3,155.0,36.0,102.0,109.0,6.4,0.82,4.0,18.0,,,,,,,,0,0.0,0.0,True
2022_21148017,2,mujer,52,64.0,150.0,28.44,93.0,0.62,modulo_1,112.0,3.0,480.0,,,,,,,,,,,,,,,,,,,,1,,,False
2022_21148022,2,mujer,54,42.4,146.0,19.89,78.0,0.534,modulo_1,154.0,3.0,350.0,,,,,,,,,,,,,,,,,,,,0,,,False
2022_21148024,1,hombre,57,76.45,156.8,31.09,103.5,0.66,modulo_1,125.0,4.0,600.0,,,,,,,,,,,,,,,,,,,,1,,,False
2022_21148026,2,mujer,52,79.65,170.4,27.43,93.7,0.55,modulo_1,143.0,5.0,440.0,,,,,,,,,,,,,,,,,,,,1,,,False
2022_21148030,2,mujer,62,72.3,145.0,34.39,108.0,0.745,modulo_2,129.0,4.0,300.0,,,,,,,,,,,,,,,,,,,,0,,,False
2022_21212001,2,mujer,50,66.5,156.8,27.05,91.5,0.584,modulo_1,119.0,5.0,480.0,,,,,,,,,,,,,,,,,,,,1,,,False
2022_21212004,2,mujer,43,69.1,142.4,34.08,98.6,0.692,modulo_1,131.0,3.0,540.0,5.2,74.0,103.0,5.9,132.0,38.0,93.0,107.0,2.7,0.47,2.8,15.4,29.6,13.1,7.22,0.22,0.8,191.0,20.1,1,0.0,0.0,True
2022_21212005,2,mujer,50,51.1,141.7,25.45,90.2,0.637,modulo_1,137.0,5.0,330.0,,,,,,,,,,,,,,,,,,,,1,,,False
2022_21212007,2,mujer,37,74.5,146.6,34.66,108.9,0.743,modulo_1,125.0,1.0,480.0,5.7,77.0,117.0,5.9,133.0,34.0,92.0,131.0,3.7,0.46,3.8,16.1,129.1,27.6,7.1,0.9,1.1,262.0,19.7,1,0.0,1.0,True
2022_21212008,2,mujer,66,66.3,143.2,32.33,95.4,0.666,modulo_2,130.0,4.0,210.0,,,,,,,,,,,,,,,,,,,,0,,,False
2022_21212009,1,hombre,47,59.6,157.1,24.15,84.0,0.535,modulo_1,115.0,1.0,240.0,,,,,,,,,,,,,,,,,,,,0,,,False
2022_21212010,2,mujer,54,60.3,139.8,30.85,100.9,0.722,modulo_1,120.0,4.0,180.0,5.5,123.0,111.0,26.6,154.0,49.0,104.0,144.0,5.0,0.45,3.3,15.4,,,,,,,,1,0.0,0.0,True
2022_21212013,2,mujer,59,38.0,140.0,19.39,71.0,0.507,modulo_1,147.0,5.0,440.0,4.7,91.0,88.0,2.9,107.0,55.0,39.0,57.0,7.2,2.67,3.1,10.3,,,,,,,,0,0.0,0.0,True
2022_21212017,2,mujer,46,73.25,154.0,30.89,96.0,0.623,modulo_1,137.0,5.0,720.0,5.8,82.0,120.0,9.0,170.0,28.0,78.0,784.0,5.6,0.39,3.4,15.3,42.1,14.0,6.98,0.2,1.1,196.0,21.0,1,0.0,1.0,True
2022_21212018,1,hombre,55,62.75,158.5,24.98,85.0,0.536,modulo_1,125.0,1.0,625.0,5.3,82.0,105.0,2.7,163.0,39.0,98.0,291.0,6.6,0.81,3.3,14.7,,,,,,,,1,0.0,0.0,True
2022_21212023,2,mujer,27,64.75,154.5,27.13,95.7,0.619,modulo_1,128.0,4.0,390.0,,,,,,,,,,,,,,,,,,,,1,,,False
2022_21212030,1,hombre,54,74.65,158.5,29.71,99.6,0.628,modulo_1,107.0,2.0,495.0,7.6,169.0,171.0,17.4,138.0,25.0,65.0,618.0,4.6,0.95,3.2,19.9,,,,,,,,1,1.0,1.0,True
2022_22001006,1,hombre,33,62.45,166.7,22.47,78.8,0.473,modulo_1,95.0,4.0,435.0,,,,,,,,,,,,,,,,,,,,0,,,False
2022_22001010,2,mujer,51,73.4,149.4,32.88,100.9,0.675,modulo_1,104.0,3.0,260.0,,,,,,,,,,,,,,,,,,,,1,,,False
2022_22001012,2,mujer,70,77.05,143.8,37.26,123.5,0.859,modulo_2,183.0,3.0,640.0,,,,,,,,,,,,,,,,,,,,0,,,False
2022_22001015,2,mujer,37,50.9,149.8,22.68,82.3,0.549,modulo_1,106.0,4.0,240.0,,,,,,,,,,,,,,,,,,,,0,,,False
2022_22001017,2,mujer,45,92.15,159.1,36.4,103.4,0.65,modulo_1,116.0,4.0,180.0,7.0,128.0,154.0,6.1,144.0,30.0,105.0,189.0,3.9,0.48,2.5,14.8,16.6,27.2,6.58,0.08,1.3,118.0,22.9,1,1.0,1.0,True
2022_22001023,2,mujer,39,59.0,152.0,25.54,83.2,0.547,modulo_1,135.0,4.0,75.0,,,,,,,,,,,,,,,,,,,,1,,,False
2022_22004007,1,hombre,42,86.6,160.0,33.83,107.5,0.672,modulo_1,130.0,4.0,240.0,,,,,,,,,,,,,,,,,,,,1,,,False
2022_22004010,1,hombre,30,71.05,170.8,24.36,80.9,0.474,modulo_1,107.0,3.0,430.0,,,,,,,,,,,,,,,,,,,,0,,,False
2022_22004011,2,mujer,49,64.95,154.9,27.07,91.4,0.59,modulo_1,124.0,5.0,285.0,5.1,75.0,100.0,2.9,145.0,33.0,76.0,200.0,2.3,0.55,3.4,8.3,2.7,25.7,5.61,0.08,5.0,193.0,23.1,1,0.0,0.0,True
2022_22004015,1,hombre,64,71.8,160.3,27.94,102.6,0.64,modulo_2,143.0,2.0,380.0,,,,,,,,,,,,,,,,,,,,0,,,False
2022_22004016,2,mujer,54,79.25,159.6,31.11,101.5,0.636,modulo_1,138.0,4.0,190.0,5.7,99.0,117.0,39.8,149.0,31.0,86.0,213.0,3.6,0.42,3.0,15.2,,,,,,,,1,0.0,1.0,True
2022_22004017,2,mujer,23,64.65,154.0,27.26,85.0,0.552,modulo_1,115.0,4.0,410.0,5.0,96.0,97.0,56.7,109.0,30.0,76.0,94.0,5.3,0.62,3.5,16.0,14.9,12.6,7.37,0.28,1.2,7500.0,22.8,1,0.0,0.0,True
2022_22004019,1,hombre,34,74.7,170.3,25.76,97.4,0.572,modulo_1,142.0,5.0,540.0,5.1,85.0,100.0,2.7,184.0,44.0,138.0,126.0,7.6,0.75,3.5,16.2,,,,,,,,1,0.0,0.0,True
2022_22004021,2,mujer,26,51.4,156.1,21.09,77.3,0.495,modulo_1,103.0,4.0,660.0,5.2,59.0,103.0,5.2,,13.0,20.0,23.0,2.3,0.22,1.9,13.5,30.5,13.3,6.58,0.06,0.8,196.0,15.4,0,0.0,0.0,True
2022_22004026,2,mujer,55,61.3,149.5,27.43,90.3,0.604,modulo_1,131.0,5.0,380.0,4.9,82.0,94.0,5.6,143.0,34.0,81.0,336.0,4.5,0.58,3.6,16.5,,,,,,,,1,0.0,0.0,True
2022_22011002,1,hombre,45,104.2,166.7,37.5,115.6,0.693,modulo_1,138.0,3.0,780.0,,,,,,,,,,,,,,,,,,,,1,,,False
2022_22011006,2,mujer,62,62.35,153.8,26.36,92.7,0.603,modulo_2,,5.0,155.0,,,,,,,,,,,,,,,,,,,,1,,,False
2022_22011007,2,mujer,21,81.5,157.0,33.06,104.0,0.662,modulo_1,130.0,3.0,180.0,,,,,,,,,,,,,,,,,,,,1,,,False
2022_22011009,2,mujer,50,67.75,149.5,30.31,103.5,0.692,modulo_1,120.0,1.0,200.0,,,,,,,,,,,,,,,,,,,,1,,,False
2022_22011015,1,hombre,71,75.25,153.6,31.9,108.8,0.708,modulo_2,150.0,4.0,130.0,5.9,83.0,123.0,4.2,107.0,28.0,50.0,315.0,6.7,0.78,3.2,16.6,,,,,,,,1,0.0,1.0,True
2022_22011017,1,hombre,34,79.0,165.1,28.98,100.5,0.609,modulo_1,112.0,4.0,330.0,5.2,66.0,103.0,4.6,88.0,21.0,64.0,81.0,4.0,0.52,2.0,15.5,,,,,,,,1,0.0,0.0,True
2022_22011024,2,mujer,23,60.45,153.4,25.69,81.5,0.531,modulo_1,105.0,3.0,300.0,5.0,62.0,97.0,9.4,111.0,35.0,45.0,141.0,3.4,0.35,2.3,14.8,15.7,17.9,6.96,0.02,1.1,248.0,32.1,1,0.0,0.0,True
2022_22011028,2,mujer,54,64.95,146.5,30.26,94.0,0.642,modulo_1,136.0,1.0,130.0,7.8,68.0,177.0,10.8,110.0,48.0,47.0,64.0,4.5,0.93,4.3,14.4,,,,,,,,1,1.0,1.0,True
2022_22011030,1,hombre,34,64.9,159.7,25.45,85.1,0.533,modulo_1,124.0,4.0,840.0,,,,,,,,,,,,,,,,,,,,1,,,False
2022_22011032,1,hombre,51,71.95,160.0,28.11,98.8,0.617,modulo_1,138.0,5.0,360.0,5.4,105.0,108.0,5.6,644.0,17.0,269.0,1320.0,3.7,0.29,4.1,16.8,,,,,,,,1,0.0,0.0,True
2022_22011034,1,hombre,72,82.5,153.9,34.83,123.9,0.805,modulo_2,113.0,4.0,430.0,5.2,82.0,103.0,3.5,114.0,41.0,60.0,53.0,6.6,0.88,3.6,16.9,,,,,,,,0,0.0,0.0,True
2022_22012001,2,mujer,56,56.7,137.5,29.99,104.2,0.758,modulo_1,175.0,4.0,240.0,,,,,,,,,,,,,,,,,,,,1,,,False
2022_22012010,2,mujer,34,112.55,166.6,40.55,119.7,0.718,modulo_1,128.0,2.0,240.0,5.9,120.0,123.0,13.9,122.0,28.0,91.0,222.0,5.0,0.57,2.7,15.5,25.4,19.7,5.85,0.27,1.1,135.0,26.5,1,0.0,1.0,True
2022_22012013,1,hombre,39,90.55,164.8,33.34,106.0,0.643,modulo_1,136.0,3.0,510.0,,,,,,,,,,,,,,,,,,,,1,,,False
2022_22012022,2,mujer,68,70.7,143.6,34.29,105.9,0.737,modulo_2,175.0,4.0,600.0,,,,,,,,,,,,,,,,,,,,0,,,False
2022_22012024,2,mujer,46,65.85,154.2,27.69,97.3,0.631,modulo_1,118.0,4.0,240.0,,,,,,,,,,,,13.4,4.7,15.6,7.23,0.98,1.9,384.0,21.2,1,,,False
2022_22014004,1,hombre,49,89.25,170.1,30.85,105.4,0.62,modulo_1,123.0,1.0,515.0,,,,,,,,,,,,,,,,,,,,1,,,False
2022_22014015,2,mujer,62,74.95,151.8,32.53,,,modulo_2,147.0,5.0,960.0,6.9,126.0,151.0,12.4,161.0,39.0,95.0,170.0,3.3,0.68,3.7,13.5,,,,,,,,0,1.0,1.0,True
2022_22014020,2,mujer,66,84.8,157.7,34.1,105.2,0.667,modulo_2,134.0,3.0,300.0,6.0,99.0,126.0,13.7,171.0,54.0,89.0,167.0,2.9,0.59,4.1,15.1,,,,,,,,0,0.0,1.0,True
2022_22014024,2,mujer,29,69.9,165.7,25.46,83.8,0.506,modulo_1,120.0,2.0,750.0,,,,,,,,,,,,,,,,,,,,1,,,False
2022_22014032,2,mujer,56,62.3,158.4,24.83,88.2,0.557,modulo_1,126.0,4.0,360.0,5.2,52.0,103.0,3.7,93.0,22.0,52.0,77.0,1.1,0.32,1.7,13.4,,,,,,,,0,0.0,0.0,True
2022_22014035,1,hombre,51,81.4,170.8,27.9,95.0,0.556,modulo_1,126.0,3.0,370.0,,,,,,,,,,,,,,,,,,,,1,,,False
2022_22014040,1,hombre,37,85.65,170.8,29.36,104.0,0.609,modulo_1,156.0,4.0,310.0,,,,,,,,,,,,,,,,,,,,1,,,False
2022_22014046,2,mujer,58,63.65,151.4,27.77,78.6,0.519,modulo_1,125.0,3.0,540.0,5.2,68.0,103.0,4.7,136.0,37.0,68.0,137.0,4.4,0.34,3.3,12.3,,,,,,,,1,0.0,0.0,True
2022_22014048,2,mujer,61,70.8,147.8,32.41,104.3,0.706,modulo_2,103.0,1.0,90.0,,,,,,,,,,,,,,,,,,,,1,,,False
2022_22014049,2,mujer,54,54.0,151.0,23.68,78.5,0.52,modulo_1,97.0,3.0,165.0,5.1,51.0,100.0,3.0,99.0,34.0,55.0,38.0,2.5,0.32,2.0,13.1,,,,,,,,1,0.0,0.0,True
2022_22014054,1,hombre,68,80.4,164.5,29.71,104.0,0.632,modulo_2,118.0,4.0,360.0,5.6,52.0,114.0,7.0,116.0,20.0,70.0,242.0,3.6,0.47,2.5,15.3,,,,,,,,0,0.0,0.0,True
2022_22014074,2,mujer,51,93.4,160.6,36.21,107.7,0.671,modulo_1,160.0,4.0,190.0,5.8,87.0,120.0,20.4,164.0,34.0,109.0,146.0,3.3,0.38,3.1,15.1,30.1,12.5,9.46,1.28,1.0,241.0,11.7,1,0.0,1.0,True
2022_22014080,2,mujer,64,68.1,141.6,33.96,106.2,0.75,modulo_2,167.0,4.0,360.0,,,,,,,,,,,,,,,,,,,,0,,,False
2022_22014083,2,mujer,60,96.15,155.2,39.92,119.3,0.769,modulo_2,146.0,5.0,780.0,6.7,94.0,146.0,19.1,149.0,53.0,82.0,105.0,4.2,0.71,3.8,13.3,,,,,,,,0,1.0,1.0,True
2022_22014087,1,hombre,45,57.3,156.0,23.55,87.0,0.558,modulo_1,136.0,5.0,6010.0,5.0,51.0,97.0,12.4,147.0,38.0,97.0,78.0,2.8,0.46,2.4,15.3,,,,,,,,0,0.0,0.0,True
2022_22014089,2,mujer,65,63.1,148.9,28.46,87.2,0.586,modulo_2,134.0,2.0,250.0,,,,,,,,,,,,,,,,,,,,0,,,False
2022_22014096,1,hombre,24,76.05,169.8,26.38,89.4,0.527,modulo_1,122.0,2.0,840.0,5.2,87.0,103.0,3.5,217.0,46.0,128.0,244.0,6.0,0.93,5.0,14.2,,,,,,,,1,0.0,0.0,True
2022_22014102,2,mujer,53,61.6,149.3,27.64,86.0,0.576,modulo_1,102.0,3.0,390.0,5.4,73.0,108.0,4.0,170.0,37.0,100.0,123.0,3.3,0.48,3.2,15.5,,,,,,,,1,0.0,0.0,True
2022_22014109,1,hombre,18,82.8,163.4,31.01,,,modulo_1,115.0,2.0,600.0,,,,,,,,,,,,,,,,,,,,1,,,False
2022_22014112,1,hombre,57,73.4,167.8,26.07,97.3,0.58,modulo_1,128.0,4.0,940.0,11.4,268.0,280.0,13.9,123.0,30.0,75.0,114.0,4.7,0.87,3.6,16.2,,,,,,,,1,1.0,1.0,True
2022_22014114,2,mujer,22,62.8,148.6,28.44,89.0,0.599,modulo_1,109.0,1.0,420.0,,,,,,,,,,,,,,,,,,,,1,,,False
2022_22014118,2,mujer,43,73.05,151.0,32.04,96.8,0.641,modulo_1,108.0,4.0,800.0,5.3,92.0,105.0,9.3,173.0,62.0,90.0,96.0,2.7,0.41,3.8,9.7,3.2,16.1,5.02,0.47,3.1,591.0,21.2,1,0.0,0.0,True
2022_22014121,1,hombre,48,84.75,163.0,31.9,105.2,0.645,modulo_1,123.0,1.0,595.0,5.0,96.0,97.0,11.3,145.0,32.0,96.0,160.0,6.1,0.87,4.0,17.6,,,,,,,,1,0.0,0.0,True
2022_22014122,1,hombre,41,89.9,185.7,26.07,103.0,0.555,modulo_1,130.0,2.0,600.0,,,,,,,,,,,,,,,,,,,,1,,,False
2022_22014123,1,hombre,44,89.55,164.0,33.29,107.6,0.656,modulo_1,143.0,1.0,435.0,5.6,83.0,114.0,10.3,165.0,44.0,106.0,109.0,7.4,0.78,4.1,14.3,,,,,,,,1,0.0,0.0,True
2022_22014127,1,hombre,57,96.9,167.5,34.54,115.4,0.689,modulo_1,130.0,2.0,260.0,,,,,,,,,,,,,,,,,,,,1,,,False
2022_22014130,2,mujer,57,86.9,153.4,36.93,108.2,0.705,modulo_1,126.0,2.0,210.0,5.3,82.0,105.0,21.7,117.0,45.0,58.0,75.0,2.9,0.51,3.0,15.1,,,,,,,,1,0.0,0.0,True
2022_22014132,1,hombre,26,50.55,169.7,17.55,68.8,0.405,modulo_1,124.0,4.0,495.0,4.5,75.0,82.0,1.7,139.0,44.0,67.0,119.0,5.5,0.84,4.8,18.3,,,,,,,,0,0.0,0.0,True
2022_22014133,2,mujer,39,50.25,145.3,23.8,87.7,0.604,modulo_1,112.0,2.0,275.0,5.2,86.0,103.0,9.7,149.0,43.0,87.0,136.0,4.5,0.68,3.7,14.7,14.9,21.2,8.43,0.4,1.2,176.0,27.1,0,0.0,0.0,True
2022_22014136,1,hombre,27,82.0,179.4,25.48,93.3,0.52,modulo_1,121.0,5.0,790.0,,,,,,,,,,,,,,,,,,,,1,,,False
2022_22014138,1,hombre,41,113.4,184.2,33.42,120.8,0.656,modulo_1,115.0,1.0,970.0,5.2,72.0,103.0,11.9,134.0,24.0,134.0,202.0,4.9,0.75,3.0,19.9,,,,,,,,1,0.0,0.0,True
2022_22014140,1,hombre,24,91.05,171.0,31.14,105.4,0.616,modulo_1,109.0,4.0,450.0,,,,,,,,,,,,,,,,,,,,1,,,False
2022_22016003,2,mujer,27,46.3,152.0,20.04,70.5,0.464,modulo_1,103.0,3.0,600.0,5.0,50.0,97.0,5.2,67.0,25.0,40.0,65.0,2.8,0.37,2.2,14.0,50.3,14.4,6.5,0.13,0.8,363.0,25.1,0,0.0,0.0,True
2022_22016004,1,hombre,56,65.4,162.0,24.92,86.0,0.531,modulo_1,132.0,1.0,620.0,,,,,,,,,,,,,,,,,,,,1,,,False
2022_22016007,1,hombre,51,90.2,160.5,35.02,,,modulo_1,139.0,3.0,1440.0,5.6,81.0,114.0,9.6,169.0,36.0,64.0,408.0,5.4,0.85,4.2,17.2,,,,,,,,1,0.0,0.0,True
2022_22016008,2,mujer,54,71.35,145.8,33.56,104.2,0.715,modulo_1,155.0,2.0,410.0,,,,,,,,,,,,,,,,,,,,1,,,False
2022_22016018,1,hombre,48,79.15,180.5,24.29,93.6,0.519,modulo_1,114.0,3.0,465.0,,,,,,,,,,,,,,,,,,,,0,,,False
2022_22016030,1,hombre,31,83.05,161.6,31.8,98.5,0.61,modulo_1,135.0,4.0,130.0,,,,,,,,,,,,,,,,,,,,1,,,False
2022_22016031,1,hombre,61,81.95,163.2,30.77,102.7,0.629,modulo_2,148.0,4.0,790.0,5.1,84.0,100.0,8.2,93.0,23.0,45.0,179.0,5.3,0.57,3.6,15.4,,,,,,,,0,0.0,0.0,True
2022_22016034,1,hombre,38,70.3,165.0,25.82,89.0,0.539,modulo_1,147.0,4.0,730.0,,,,,,,,,,,,,,,,,,,,1,,,False
2022_22016050,2,mujer,37,67.8,153.0,28.96,103.4,0.676,modulo_1,97.0,4.0,390.0,,,,,,,,,,,,,,,,,,,,0,,,False
2022_22016053,1,hombre,51,90.95,162.0,34.66,112.1,0.692,modulo_1,147.0,3.0,480.0,,,,,,,,,,,,,,,,,,,,1,,,False
2022_22016056,1,hombre,45,79.8,160.7,30.9,99.5,0.619,modulo_1,139.0,3.0,120.0,5.0,100.0,97.0,6.3,136.0,34.0,66.0,205.0,6.6,0.64,3.7,17.3,,,,,,,,1,0.0,0.0,True
2022_22016059,1,hombre,66,46.2,149.1,20.78,86.4,0.579,modulo_2,112.0,4.0,300.0,,,,,,,,,,,,,,,,,,,,0,,,False
2022_22016060,1,hombre,74,70.2,161.4,26.95,103.4,0.641,modulo_2,156.0,4.0,300.0,4.6,76.0,85.0,8.5,131.0,35.0,80.0,96.0,0.2,0.87,4.0,19.0,,,,,,,,0,0.0,0.0,True
2022_23002002,1,hombre,19,57.5,165.8,20.92,,,modulo_1,115.0,1.0,320.0,,,,,,,,,,,,,,,,,,,,0,,,False
2022_23002003,2,mujer,38,127.65,160.4,49.61,127.0,0.792,modulo_1,106.0,5.0,690.0,,,,,,,,,,,,,,,,,,,,1,,,False
2022_23002004,2,mujer,21,59.7,154.7,24.95,80.0,0.517,modulo_1,98.0,5.0,550.0,,,,,,,,,,,,,,,,,,,,0,,,False
2022_23002005,2,mujer,47,73.75,155.7,30.42,105.8,0.68,modulo_1,158.0,2.0,660.0,7.9,317.0,108.0,25.7,227.0,41.0,75.0,852.0,6.6,0.5,4.2,14.2,67.9,25.8,5.7,2.8,1.1,595.0,17.8,1,1.0,1.0,True
2022_23002006,2,mujer,17,41.3,152.0,17.88,,,modulo_1,115.0,3.0,150.0,,,,,,,,,,,,12.4,,,,,,,,1,,,False
2022_23002007,2,mujer,51,74.6,151.2,32.63,96.4,0.638,modulo_1,180.0,1.0,240.0,,,,,,,,,,,,,,,,,,,,1,,,False
2022_23002010,2,mujer,69,76.0,150.2,33.69,107.5,0.716,modulo_2,136.0,2.0,300.0,,,,,,,,,,,,,,,,,,,,0,,,False
2022_23002013,2,mujer,40,56.8,147.0,26.29,87.0,0.592,modulo_1,108.0,2.0,240.0,5.8,103.0,120.0,9.0,156.0,62.0,79.0,110.0,2.9,0.73,4.2,12.1,24.9,27.9,7.2,0.19,1.5,1171.0,30.3,1,0.0,1.0,True
2022_23002014,2,mujer,40,84.1,145.0,40.0,113.0,0.779,modulo_1,123.0,4.0,340.0,,,,,,,,,,,,15.5,7.5,20.5,8.66,0.91,1.0,173.0,35.7,1,,,False
2022_23002016,2,mujer,27,68.1,144.0,32.84,92.0,0.639,modulo_1,113.0,3.0,480.0,,,,,,,,,,,,,,,,,,,,1,,,False
2022_23002021,1,hombre,30,73.35,157.2,29.68,99.3,0.632,modulo_1,141.0,3.0,1080.0,,,,,,,,,,,,,,,,,,,,1,,,False
2022_23002023,2,mujer,65,50.4,138.0,26.47,90.0,0.652,modulo_2,123.0,3.0,420.0,8.7,117.0,203.0,6.5,163.0,42.0,79.0,134.0,5.7,1.25,3.7,9.0,,,,,,,,0,1.0,1.0,True
2022_23002026,1,hombre,52,83.45,161.5,31.99,102.2,0.633,modulo_1,142.0,2.0,840.0,5.5,95.0,111.0,13.1,113.0,39.0,62.0,64.0,5.9,0.75,4.0,13.9,,,,,,,,1,0.0,0.0,True
2022_23002028,1,hombre,70,84.8,160.6,32.88,112.3,0.699,modulo_2,137.0,3.0,720.0,5.5,86.0,111.0,9.5,141.0,44.0,74.0,110.0,4.8,0.84,4.2,9.2,,,,,,,,0,0.0,0.0,True
2022_23002029,2,mujer,52,91.4,144.9,43.53,124.0,0.856,modulo_1,139.0,4.0,120.0,6.8,168.0,148.0,6.2,312.0,44.0,154.0,778.0,7.1,0.34,3.5,14.4,,,,,,,,1,1.0,1.0,True
2022_23002031,1,hombre,20,89.2,162.0,33.99,117.0,0.722,modulo_1,114.0,3.0,330.0,,,,,,,,,,,,,,,,,,,,1,,,False
2022_23002034,2,mujer,59,68.8,137.8,36.23,107.3,0.779,modulo_1,131.0,2.0,420.0,,,,,,,,,,,,,,,,,,,,1,,,False
2022_23002035,1,hombre,56,64.9,155.5,26.84,85.0,0.547,modulo_1,116.0,5.0,360.0,6.2,100.0,131.0,3.6,117.0,44.0,58.0,74.0,6.5,0.62,4.0,15.7,,,,,,,,1,0.0,1.0,True
2022_23002036,1,hombre,55,78.1,152.9,33.41,105.4,0.689,modulo_1,138.0,4.0,510.0,5.6,102.0,114.0,9.1,162.0,36.0,93.0,172.0,6.7,0.8,4.1,14.1,,,,,,,,1,0.0,0.0,True
2022_23002039,2,mujer,65,66.4,145.0,31.58,105.0,0.724,modulo_2,197.0,4.0,721.0,7.3,140.0,163.0,10.6,170.0,56.0,90.0,73.0,4.4,0.49,4.3,11.8,,,,,,,,0,1.0,1.0,True
2022_23002042,2,mujer,50,51.05,140.4,25.9,91.0,0.648,modulo_1,130.0,4.0,480.0,,,,,,,,,,,,,,,,,,,,1,,,False
2022_23002043,2,mujer,70,54.65,150.4,24.16,95.9,0.638,modulo_2,139.0,2.0,330.0,,,,,,,,,,,,,,,,,,,,0,,,False
2022_23002044,2,mujer,45,69.0,153.4,29.32,95.5,0.623,modulo_1,154.0,4.0,480.0,9.1,90.0,214.0,12.3,180.0,44.0,116.0,112.0,3.4,0.58,4.5,10.3,41.9,22.9,9.17,0.52,1.2,182.0,26.2,1,1.0,1.0,True
2022_23002045,1,hombre,58,81.0,155.5,33.5,109.2,0.702,modulo_1,149.0,3.0,480.0,,,,,,,,,,,,,,,,,,,,1,,,False
2022_23002046,2,mujer,73,58.3,151.2,25.5,89.5,0.592,modulo_2,166.0,4.0,195.0,8.0,148.0,183.0,7.9,197.0,44.0,106.0,223.0,3.4,0.63,4.4,12.4,,,,,,,,0,1.0,1.0,True
2022_23002048,2,mujer,50,67.8,140.6,34.3,96.0,0.683,modulo_1,101.0,3.0,300.0,,,,,,,,,,,,,,,,,,,,1,,,False
2022_23002050,1,hombre,53,75.15,161.0,28.99,104.0,0.646,modulo_1,125.0,3.0,900.0,5.8,99.0,120.0,4.3,187.0,56.0,111.0,80.0,7.3,0.83,4.7,15.5,,,,,,,,1,0.0,1.0,True
2022_23002053,2,mujer,55,71.75,137.5,37.95,102.0,0.742,modulo_1,103.0,4.0,270.0,5.5,105.0,111.0,16.4,151.0,44.0,86.0,117.0,6.0,0.72,4.0,18.3,,,,,,,,1,0.0,0.0,True
2022_23002057,1,hombre,67,50.45,145.0,24.0,86.5,0.597,modulo_2,155.0,5.0,270.0,,,,,,,,,,,,,,,,,,,,0,,,False
2022_23002063,2,mujer,65,63.4,154.0,26.73,89.5,0.581,modulo_2,134.0,4.0,600.0,,,,,,,,,,,,,,,,,,,,0,,,False
2022_23002064,1,hombre,26,82.9,156.0,34.06,104.0,0.667,modulo_1,106.0,4.0,460.0,5.4,90.0,108.0,6.8,215.0,88.0,99.0,76.0,6.0,0.67,5.0,16.1,,,,,,,,1,0.0,0.0,True
2022_23004001,1,hombre,29,72.75,169.5,25.32,87.3,0.515,modulo_1,125.0,3.0,540.0,5.2,80.0,103.0,14.5,131.0,33.0,60.0,275.0,7.2,0.77,4.1,14.8,,,,,,,,1,0.0,0.0,True
2022_23004002,1,hombre,46,82.71,163.3,31.02,100.0,0.612,modulo_1,128.0,4.0,370.0,,,,,,,,,,,,,,,,,,,,1,,,False
2022_23004003,2,mujer,56,68.1,151.1,29.83,92.0,0.609,modulo_1,138.0,3.0,450.0,,,,,,,,,,,,,,,,,,,,1,,,False
2022_23004004,1,hombre,41,95.5,165.3,34.95,109.0,0.659,modulo_1,124.0,4.0,240.0,,,,,,,,,,,,,,,,,,,,1,,,False
2022_23004006,1,hombre,59,67.45,161.5,25.86,96.2,0.596,modulo_1,173.0,4.0,280.0,,,,,,,,,,,,,,,,,,,,1,,,False
2022_23004011,1,hombre,49,62.0,154.5,25.97,86.1,0.557,modulo_1,117.0,2.0,540.0,,,,,,,,,,,,,,,,,,,,1,,,False
2022_23004012,2,mujer,36,66.4,157.8,26.67,96.0,0.608,modulo_1,133.0,4.0,510.0,,,,,,,,,,,,13.1,153.3,23.9,7.33,2.91,1.5,491.0,28.3,1,,,False
2022_23004014,2,mujer,18,43.35,156.4,17.72,,,modulo_1,115.0,2.0,670.0,,,,,,,,,,,,13.3,26.3,34.1,6.58,0.02,1.1,342.0,20.3,0,,,False
2022_23004016,2,mujer,60,62.5,152.0,27.05,88.4,0.582,modulo_2,125.0,1.0,370.0,5.4,96.0,108.0,8.6,194.0,46.0,113.0,143.0,6.8,0.83,4.4,12.6,,,,,,,,0,0.0,0.0,True
2022_23004018,2,mujer,46,80.35,146.2,37.59,103.9,0.711,modulo_1,133.0,2.0,330.0,,,,,,,,,,,,,,,,,,,,1,,,False
2022_23004020,2,mujer,55,63.3,148.2,28.82,85.5,0.577,modulo_1,134.0,4.0,630.0,,,,,,,,,,,,,,,,,,,,1,,,False
2022_23004022,1,hombre,43,63.4,163.7,23.66,89.4,0.546,modulo_1,108.0,2.0,435.0,,,,,,,,,,,,,,,,,,,,0,,,False
2022_23004025,2,mujer,30,70.75,157.5,28.52,89.8,0.57,modulo_1,112.0,2.0,520.0,,,,,,,,,,,,13.5,16.5,25.8,7.4,0.14,1.0,328.0,34.8,1,,,False
2022_23004026,1,hombre,64,71.4,153.0,30.5,108.0,0.706,modulo_2,124.0,2.0,780.0,,,,,,,,,,,,,,,,,,,,0,,,False
2022_23004028,2,mujer,46,72.2,157.0,29.29,91.5,0.583,modulo_1,126.0,5.0,975.0,,,,,,,,,,,,,,,,,,,,1,,,False
2022_23004029,1,hombre,29,80.1,170.0,27.72,93.0,0.547,modulo_1,127.0,3.0,480.0,,,,,,,,,,,,,,,,,,,,1,,,False
2022_23004031,2,mujer,67,78.65,143.0,38.46,115.0,0.804,modulo_2,142.0,4.0,300.0,6.0,109.0,126.0,9.3,177.0,42.0,93.0,208.0,4.6,0.48,4.0,14.2,,,,,,,,0,0.0,1.0,True
2022_23004035,2,mujer,42,87.0,149.0,39.19,110.0,0.738,modulo_1,152.0,2.0,140.0,6.0,91.0,126.0,21.5,173.0,49.0,94.0,233.0,5.3,0.75,4.2,13.8,51.1,21.4,9.07,0.7,0.9,260.0,26.9,1,0.0,1.0,True
2022_23004037,2,mujer,55,79.35,146.0,37.23,107.3,0.735,modulo_1,100.0,3.0,250.0,5.7,101.0,117.0,21.9,186.0,51.0,89.0,257.0,5.7,0.44,4.2,12.6,,,,,,,,0,0.0,1.0,True
2022_23005017,2,mujer,63,66.65,154.4,27.96,87.3,0.565,modulo_2,150.0,2.0,240.0,,,,,,,,,,,,,,,,,,,,0,,,False
2022_23005023,2,mujer,68,59.7,148.9,26.93,90.0,0.604,modulo_2,109.0,3.0,520.0,,,,,,,,,,,,,,,,,,,,0,,,False
2022_23005031,2,mujer,49,55.7,152.5,23.95,82.1,0.538,modulo_1,114.0,2.0,540.0,,,,,,,,,,,,,,,,,,,,0,,,False
2022_23005032,1,hombre,43,66.0,171.1,22.54,79.0,0.462,modulo_1,106.0,4.0,180.0,,,,,,,,,,,,,,,,,,,,0,,,False
2022_23005035,2,mujer,57,61.95,157.5,24.97,86.5,0.549,modulo_1,113.0,2.0,840.0,5.3,77.0,105.0,2.7,126.0,56.0,59.0,49.0,2.5,0.69,3.2,12.6,,,,,,,,1,0.0,0.0,True
2022_23005036,1,hombre,22,98.95,174.5,32.5,98.5,0.564,modulo_1,111.0,1.0,1820.0,,,,,,,,,,,,,,,,,,,,1,,,False
2022_23005040,1,hombre,21,112.8,176.2,36.33,116.8,0.663,modulo_1,126.0,3.0,720.0,5.0,81.0,97.0,10.4,215.0,64.0,117.0,143.0,7.1,0.86,4.8,16.0,,,,,,,,1,0.0,0.0,True
2022_23005043,2,mujer,27,45.45,151.9,19.7,69.0,0.454,modulo_1,132.0,4.0,420.0,5.4,88.0,108.0,5.9,148.0,51.0,87.0,50.0,3.2,0.61,4.4,11.7,3.7,26.7,10.1,0.02,0.9,140.0,22.6,0,0.0,0.0,True
2022_23005045,2,mujer,53,78.8,155.9,32.42,104.0,0.667,modulo_1,106.0,2.0,360.0,5.1,88.0,100.0,14.5,172.0,45.0,98.0,154.0,5.9,0.54,4.1,14.0,,,,,,,,1,0.0,0.0,True
2022_23005046,2,mujer,64,56.2,137.5,29.73,94.3,0.686,modulo_2,116.0,3.0,195.0,,,,,,,,,,,,,,,,,,,,0,,,False
2022_23005048,2,mujer,60,90.7,147.0,41.97,132.0,0.898,modulo_2,139.0,4.0,601.0,6.7,117.0,146.0,25.3,180.0,54.0,90.0,155.0,3.8,0.52,3.8,12.8,,,,,,,,0,1.0,1.0,True
2022_23005050,2,mujer,16,55.5,162.0,21.15,,,modulo_1,115.0,4.0,610.0,,,,,,,,,,,,15.4,34.0,18.4,10.8,0.02,1.3,181.0,32.0,0,,,False
2022_23005052,2,mujer,56,67.7,149.7,30.21,94.5,0.631,modulo_1,104.0,3.0,480.0,,,,,,,,,,,,,,,,,,,,1,,,False
2022_23005054,2,mujer,58,83.35,144.0,40.2,115.0,0.799,modulo_1,118.0,5.0,200.0,,,,,,,,,,,,,,,,,,,,1,,,False
2022_23005055,2,mujer,39,50.25,148.0,22.94,77.5,0.524,modulo_1,123.0,3.0,150.0,5.1,87.0,100.0,5.8,171.0,36.0,109.0,123.0,4.3,0.66,4.3,12.1,11.7,22.6,9.23,0.12,1.1,192.0,37.4,1,0.0,0.0,True
2022_23005058,2,mujer,45,62.55,151.0,27.43,88.0,0.583,modulo_1,104.0,4.0,180.0,,,,,,,,,,,,13.0,12.4,23.8,8.04,0.17,0.7,97.0,24.9,1,,,False
2022_23005063,2,mujer,55,72.3,160.5,28.07,92.5,0.576,modulo_1,147.0,2.0,320.0,,,,,,,,,,,,,,,,,,,,1,,,False
2022_23005066,1,hombre,51,84.75,169.0,29.67,103.1,0.61,modulo_1,137.0,4.0,240.0,,,,,,,,,,,,,,,,,,,,1,,,False
2022_23005072,2,mujer,23,56.1,148.7,25.37,81.0,0.545,modulo_1,104.0,3.0,420.0,,,,,,,,,,,,11.4,2.7,28.0,8.65,0.09,1.8,213.0,29.2,1,,,False
2022_23005075,2,mujer,31,54.6,157.0,22.15,71.0,0.452,modulo_1,107.0,2.0,300.0,9.7,331.0,232.0,2.0,216.0,58.0,143.0,61.0,3.0,0.65,3.6,13.2,18.4,26.1,3.9,0.14,1.2,549.0,23.2,0,1.0,1.0,True
2022_23005081,1,hombre,45,69.0,163.0,25.97,95.0,0.583,modulo_1,118.0,2.0,420.0,,,,,,,,,,,,,,,,,,,,1,,,False
2022_23005084,2,mujer,27,72.65,162.0,27.68,98.0,0.605,modulo_1,103.0,4.0,740.0,,,,,,,,,,,,,,,,,,,,1,,,False
2022_23005086,1,hombre,21,73.45,164.2,27.24,84.0,0.512,modulo_1,106.0,3.0,180.0,,,,,,,,,,,,,,,,,,,,1,,,False
2022_23005089,1,hombre,47,73.55,169.0,25.75,90.0,0.533,modulo_1,147.0,4.0,50.0,,,,,,,,,,,,,,,,,,,,1,,,False
2022_23005092,1,hombre,69,85.3,167.9,30.26,105.0,0.625,modulo_2,128.0,2.0,360.0,,,,,,,,,,,,,,,,,,,,0,,,False
2022_23005096,2,mujer,29,54.05,147.6,24.81,82.4,0.558,modulo_1,103.0,4.0,540.0,,,,,,,,,,,,,,,,,,,,0,,,False
2022_23005097,1,hombre,45,76.25,168.6,26.82,,,modulo_1,115.0,3.0,780.0,,,,,,,,,,,,,,,,,,,,1,,,False
2022_23005107,2,mujer,36,68.55,147.3,31.59,101.0,0.686,modulo_1,106.0,3.0,300.0,5.1,103.0,100.0,9.0,168.0,39.0,112.0,144.0,6.3,0.72,3.7,13.4,41.3,25.1,2.4,0.8,1.0,1601.0,31.6,1,0.0,0.0,True
2022_23005109,2,mujer,64,65.7,146.0,30.82,100.7,0.69,modulo_2,106.0,5.0,240.0,12.0,344.0,298.0,2.6,176.0,55.0,83.0,166.0,4.0,0.84,4.1,12.7,,,,,,,,0,1.0,1.0,True
2022_23005110,2,mujer,46,60.0,149.6,26.81,68.0,0.455,modulo_1,124.0,3.0,720.0,,,,,,,,,,,,,,,,,,,,1,,,False
2022_23005112,1,hombre,27,78.55,171.1,26.83,97.5,0.57,modulo_1,119.0,3.0,660.0,,,,,,,,,,,,,,,,,,,,1,,,False
2022_23005113,1,hombre,66,74.6,164.0,27.74,97.0,0.591,modulo_2,133.0,4.0,210.0,,,,,,,,,,,,,,,,,,,,0,,,False
2022_23005121,2,mujer,45,72.3,152.0,31.29,94.0,0.618,modulo_1,120.0,3.0,150.0,5.6,97.0,114.0,14.9,148.0,39.0,110.0,167.0,4.7,0.56,3.6,13.0,30.3,16.9,7.1,0.67,0.9,221.0,21.3,1,0.0,0.0,True
2022_23005127,2,mujer,31,66.55,148.4,30.22,90.1,0.607,modulo_1,121.0,2.0,260.0,,,,,,,,,,,,,,,,,,,,1,,,False
2022_23005128,2,mujer,44,63.8,148.0,29.13,96.2,0.65,modulo_1,128.0,2.0,60.0,4.5,91.0,82.0,6.9,127.0,34.0,66.0,129.0,4.0,0.46,3.2,13.2,31.6,9.5,13.4,0.8,1.2,441.0,38.4,1,0.0,0.0,True
2022_23005130,2,mujer,41,76.0,152.4,32.72,89.4,0.587,modulo_1,109.0,3.0,360.0,5.4,93.0,108.0,20.8,133.0,40.0,72.0,123.0,4.9,0.59,3.9,11.6,12.9,14.0,4.9,0.95,1.1,408.0,15.6,1,0.0,0.0,True
2022_23005135,2,mujer,21,71.9,157.7,28.91,92.5,0.587,modulo_1,131.0,1.0,435.0,,,,,,,,,,,,12.8,21.4,11.7,4.9,0.25,1.1,387.0,21.4,1,,,False
2022_23005137,2,mujer,21,65.15,153.5,27.65,,,modulo_1,113.0,4.0,420.0,5.0,68.0,97.0,4.6,204.0,59.0,113.0,229.0,3.6,0.5,3.3,11.4,7.5,23.7,5.4,0.49,1.4,105.0,50.9,1,0.0,0.0,True
2022_23005157,2,mujer,40,63.8,161.0,24.61,88.5,0.55,modulo_1,112.0,4.0,270.0,,,,,,,,,,,,,,,,,,,,0,,,False
2022_23005161,1,hombre,48,80.3,163.3,30.11,99.5,0.609,modulo_1,128.0,2.0,840.0,,,,,,,,,,,,,,,,,,,,1,,,False
2022_23005164,1,hombre,40,81.65,166.4,29.49,106.5,0.64,modulo_1,136.0,4.0,80.0,,,,,,,,,,,,,,,,,,,,1,,,False
2022_23005171,1,hombre,28,64.7,154.0,27.28,,,modulo_2,117.0,4.0,720.0,5.1,78.0,100.0,4.2,119.0,27.0,92.0,76.0,4.8,0.65,2.7,16.0,,,,,,,,1,0.0,0.0,True
2022_23005179,1,hombre,26,93.0,168.5,32.76,105.5,0.626,modulo_1,119.0,3.0,240.0,,,,,,,,,,,,,,,,,,,,1,,,False
2022_23006001,1,hombre,64,50.2,155.4,20.79,76.6,0.493,modulo_2,138.0,4.0,720.0,6.1,90.0,128.0,1.6,136.0,36.0,78.0,87.0,2.5,0.69,3.9,13.2,,,,,,,,0,0.0,1.0,True
2022_23006002,2,mujer,34,84.55,145.8,39.77,109.6,0.752,modulo_1,121.0,4.0,150.0,,,,,,,,,,,,11.6,7.0,15.7,5.97,0.73,2.0,252.0,43.1,1,,,False
2022_23006003,1,hombre,52,77.7,163.3,29.14,95.0,0.582,modulo_1,113.0,4.0,900.0,,,,,,,,,,,,,,,,,,,,1,,,False
2022_23006006,2,mujer,48,58.95,149.5,26.38,89.0,0.595,modulo_1,141.0,3.0,300.0,,,,,,,,,,,,,,,,,,,,1,,,False
2022_23006011,2,mujer,37,72.2,140.9,36.37,109.3,0.776,modulo_1,107.0,5.0,300.0,5.5,101.0,111.0,12.6,124.0,56.0,59.0,80.0,4.7,0.69,4.1,12.0,49.0,29.9,6.9,0.06,1.1,236.0,28.9,1,0.0,0.0,True
2022_23006015,2,mujer,28,58.6,149.0,26.4,61.0,0.409,modulo_1,91.0,4.0,300.0,,,,,,,,,,,,,,,,,,,,0,,,False
2022_23006018,2,mujer,47,83.75,151.5,36.49,108.5,0.716,modulo_1,135.0,4.0,300.0,,,,,,,,,,,,,,,,,,,,1,,,False
2022_23006024,2,mujer,49,69.45,140.5,35.18,104.0,0.74,modulo_1,100.0,2.0,200.0,,,,,,,,,,,,,,,,,,,,0,,,False
2022_23006026,1,hombre,69,66.8,160.5,25.93,96.0,0.598,modulo_2,132.0,3.0,600.0,6.9,119.0,151.0,4.9,161.0,45.0,85.0,142.0,6.7,0.73,4.0,15.8,,,,,,,,1,1.0,1.0,True
2022_23006028,1,hombre,60,91.3,167.7,32.46,109.0,0.65,modulo_2,152.0,3.0,570.0,6.2,107.0,131.0,16.8,195.0,47.0,120.0,171.0,4.3,0.75,3.7,15.9,,,,,,,,0,0.0,1.0,True
2022_23008008,1,hombre,53,72.85,172.5,24.48,97.0,0.562,modulo_1,123.0,4.0,120.0,,,,,,,,,,,,,,,,,,,,1,,,False
2022_23008009,2,mujer,26,86.05,156.9,34.95,101.5,0.647,modulo_1,91.0,4.0,180.0,5.2,89.0,103.0,7.7,147.0,47.0,85.0,83.0,4.8,0.77,3.9,12.4,10.1,15.0,6.67,0.06,1.1,254.0,23.6,0,0.0,0.0,True
2022_23008013,1,hombre,26,62.55,152.5,26.9,82.0,0.538,modulo_1,121.0,3.0,270.0,5.4,92.0,108.0,6.4,163.0,61.0,83.0,66.0,6.1,1.0,4.7,16.3,,,,,,,,1,0.0,0.0,True
2022_23008016,2,mujer,47,60.0,145.1,28.5,93.0,0.641,modulo_1,140.0,4.0,240.0,,,,,,,,,,,,,,,,,,,,1,,,False
2022_23008022,1,hombre,44,113.25,171.7,38.41,130.5,0.76,modulo_1,124.0,2.0,300.0,,,,,,,,,,,,,,,,,,,,1,,,False
2022_23008023,2,mujer,53,64.7,154.0,27.28,,,modulo_2,112.0,1.0,720.0,5.5,88.0,111.0,6.6,112.0,31.0,65.0,92.0,2.9,0.33,3.3,13.2,,,,,,,,1,0.0,0.0,True
2022_23008024,2,mujer,27,56.8,149.5,25.41,86.4,0.578,modulo_1,91.0,2.0,370.0,5.2,91.0,103.0,22.2,139.0,44.0,72.0,161.0,4.3,0.74,3.9,14.5,31.5,12.2,5.11,2.86,0.7,206.0,0.71,0,0.0,0.0,True
2022_23008025,2,mujer,42,66.0,158.0,26.44,102.0,0.646,modulo_1,108.0,4.0,520.0,5.9,173.0,123.0,9.9,159.0,40.0,98.0,92.0,2.0,0.62,4.0,11.3,3.0,22.4,7.9,0.04,2.2,186.0,25.0,1,0.0,1.0,True
2022_23008027,2,mujer,24,49.65,155.0,20.67,73.0,0.471,modulo_1,89.0,4.0,380.0,,,,,,,,,,,,,,,,,,,,0,,,False
2022_23008033,1,hombre,39,72.5,166.0,26.31,88.0,0.53,modulo_1,119.0,4.0,600.0,6.0,,126.0,,,,,,,,,17.2,,,,,,,,1,0.0,1.0,True
2022_23008034,1,hombre,35,70.5,160.7,27.3,89.0,0.554,modulo_1,129.0,1.0,260.0,,,,,,,,,,,,,,,,,,,,1,,,False
2022_23008035,2,mujer,65,49.05,135.0,26.91,85.7,0.635,modulo_2,144.0,3.0,150.0,7.5,98.0,169.0,5.6,300.0,42.0,164.0,282.0,3.3,0.48,4.0,11.5,,,,,,,,1,1.0,1.0,True
2022_23008036,2,mujer,27,59.7,144.4,28.63,86.5,0.599,modulo_1,115.0,5.0,370.0,,,,,,,,,,,,,,,,,,,,1,,,False
2022_23008037,2,mujer,43,61.25,162.0,23.34,80.3,0.496,modulo_1,114.0,3.0,180.0,,,,,,,,,,,,,,,,,,,,0,,,False
2022_23008038,1,hombre,22,80.6,153.0,34.43,106.0,0.693,modulo_1,142.0,5.0,540.0,,,,,,,,,,,,,,,,,,,,1,,,False
2022_23008041,2,mujer,52,68.35,144.5,32.73,100.1,0.693,modulo_1,141.0,4.0,90.0,13.4,327.0,338.0,9.9,191.0,42.0,94.0,281.0,3.2,0.45,3.7,14.6,,,,,,,,1,1.0,1.0,True
2022_23008044,1,hombre,28,64.4,179.0,20.1,82.0,0.458,modulo_1,127.0,3.0,1259.0,,,,,,,,,,,,,,,,,,,,0,,,False
2022_23008046,1,hombre,41,88.45,175.0,28.88,104.0,0.594,modulo_1,127.0,3.0,1200.0,,,,,,,,,,,,,,,,,,,,1,,,False
2022_23008053,2,mujer,38,75.6,165.8,27.5,97.5,0.588,modulo_1,124.0,3.0,480.0,,,,,,,,,,,,12.6,5.4,18.0,4.86,0.19,1.6,244.0,21.2,1,,,False
2022_23008056,1,hombre,32,78.8,164.6,29.08,97.0,0.589,modulo_1,121.0,4.0,570.0,,,,,,,,,,,,,,,,,,,,1,,,False
2022_23008057,1,hombre,18,60.65,162.1,23.08,,,modulo_1,115.0,3.0,180.0,,,,,,,,,,,,,,,,,,,,0,,,False
2022_23008058,1,hombre,63,55.95,167.6,19.92,76.0,0.453,modulo_2,123.0,3.0,360.0,,,,,,,,,,,,,,,,,,,,0,,,False
2022_23008066,2,mujer,35,78.75,151.0,34.54,108.5,0.719,modulo_1,91.0,4.0,300.0,,,,,,,,,,,,,,,,,,,,0,,,False
2022_23008068,2,mujer,33,75.05,142.5,36.96,99.0,0.695,modulo_1,134.0,3.0,360.0,5.3,86.0,105.0,13.8,132.0,33.0,82.0,103.0,6.3,0.67,4.2,12.7,54.5,23.3,10.15,0.85,0.9,125.0,25.5,1,0.0,0.0,True
2022_23008071,2,mujer,39,77.25,163.0,29.08,92.0,0.564,modulo_1,112.0,2.0,540.0,5.4,100.0,108.0,14.5,137.0,35.0,86.0,67.0,3.9,0.66,4.0,13.1,10.4,22.7,6.71,0.56,1.6,199.0,27.1,1,0.0,0.0,True
2022_23008073,1,hombre,39,72.8,160.0,28.44,94.0,0.588,modulo_1,110.0,2.0,500.0,5.7,93.0,117.0,3.2,220.0,45.0,132.0,162.0,4.5,0.93,4.3,15.5,,,,,,,,1,0.0,1.0,True
2022_23008077,2,mujer,32,57.6,142.8,28.25,81.0,0.567,modulo_1,93.0,4.0,60.0,5.1,78.0,100.0,7.2,157.0,62.0,80.0,72.0,3.9,0.59,4.3,13.1,13.9,28.3,5.69,0.09,1.0,293.0,36.3,1,0.0,0.0,True
2022_23008080,1,hombre,52,61.85,150.0,27.49,93.2,0.621,modulo_1,137.0,2.0,65.0,,,,,,,,,,,,,,,,,,,,1,,,False
2022_23008083,1,hombre,25,89.05,173.0,29.75,104.5,0.604,modulo_1,129.0,3.0,600.0,,,,,,,,,,,,,,,,,,,,1,,,False
2022_23008084,1,hombre,59,73.2,168.9,25.66,90.0,0.533,modulo_1,129.0,2.0,480.0,,,,,,,,,,,,,,,,,,,,1,,,False
2022_23008086,2,mujer,20,66.8,162.5,25.3,80.5,0.495,modulo_1,100.0,1.0,540.0,,,,,,,,,,,,,,,,,,,,0,,,False
2022_23008088,1,hombre,51,81.6,167.5,29.08,99.8,0.596,modulo_1,127.0,4.0,180.0,,,,,,,,,,,,,,,,,,,,1,,,False
2022_24021003,2,mujer,39,89.75,159.0,35.5,115.8,0.728,modulo_1,115.0,4.0,580.0,,,,,,,,,,,,,,,,,,,,1,,,False
2022_24021005,1,hombre,68,72.0,161.5,27.6,106.0,0.656,modulo_2,144.0,2.0,1080.0,,,,,,,,,,,,,,,,,,,,0,,,False
2022_24021008,1,hombre,43,74.3,162.0,28.31,94.3,0.582,modulo_1,125.0,3.0,780.0,5.3,88.0,105.0,9.6,140.0,29.0,95.0,133.0,8.3,0.8,3.6,17.5,,,,,,,,1,0.0,0.0,True
2022_24021010,2,mujer,26,54.85,159.9,21.45,75.8,0.474,modulo_1,114.0,4.0,630.0,,,,,,,,,,,,,,,,,,,,0,,,False
2022_24021012,1,hombre,27,66.85,164.5,24.7,84.3,0.512,modulo_1,125.0,4.0,840.0,,,,,,,,,,,,,,,,,,,,0,,,False
2022_24021014,1,hombre,49,84.95,171.6,28.85,97.6,0.569,modulo_1,135.0,2.0,840.0,,,,,,,,,,,,,,,,,,,,1,,,False
2022_24021016,1,hombre,59,78.2,171.8,26.49,99.4,0.579,modulo_1,141.0,4.0,660.0,9.2,147.0,217.0,2.3,88.0,22.0,55.0,71.0,4.4,0.61,2.1,13.6,,,,,,,,1,1.0,1.0,True
2022_24021020,1,hombre,71,56.15,155.5,23.22,87.7,0.564,modulo_2,163.0,4.0,300.0,,,,,,,,,,,,,,,,,,,,0,,,False
2022_24021023,2,mujer,27,77.15,149.4,34.56,109.9,0.736,modulo_1,132.0,2.0,80.0,,,,,,,,,,,,,,,,,,,,1,,,False
2022_24021024,1,hombre,64,70.95,,,98.0,,modulo_2,143.0,2.0,260.0,,,,,,,,,,,,,,,,,,,,0,,,False
2022_24021026,2,mujer,21,51.95,158.4,20.7,73.6,0.465,modulo_1,109.0,2.0,500.0,5.2,78.0,103.0,3.2,105.0,45.0,45.0,49.0,2.9,0.52,3.7,12.0,4.5,17.8,7.3,0.02,1.6,217.0,14.4,0,0.0,0.0,True
2022_24021027,1,hombre,35,81.2,167.3,29.01,101.6,0.607,modulo_1,139.0,4.0,180.0,6.7,110.0,146.0,17.7,151.0,39.0,101.0,179.0,6.1,0.78,3.8,16.7,,,,,,,,1,1.0,1.0,True
2022_24021028,2,mujer,47,76.6,145.7,36.08,116.0,0.796,modulo_1,146.0,3.0,80.0,,,,,,,,,,,,14.5,17.8,18.3,7.5,1.44,1.4,172.0,34.2,1,,,False
2022_24021029,1,hombre,25,73.75,170.3,25.43,93.0,0.546,modulo_1,,4.0,270.0,4.9,85.0,94.0,2.7,231.0,66.0,131.0,259.0,8.6,0.81,5.2,17.9,,,,,,,,1,0.0,0.0,True
2022_24021030,2,mujer,32,72.85,162.2,27.69,96.5,0.595,modulo_1,92.0,4.0,30.0,,,,,,,,,,,,,,,,,,,,1,,,False
2022_24021043,1,hombre,58,65.65,159.5,25.81,95.9,0.601,modulo_1,156.0,2.0,210.0,8.8,164.0,206.0,2.9,117.0,31.0,60.0,140.0,5.7,0.93,3.3,16.7,,,,,,,,1,1.0,1.0,True
2022_24028005,2,mujer,52,50.9,151.4,22.21,87.8,0.58,modulo_1,134.0,3.0,210.0,,,,,,,,,,,,,,,,,,,,0,,,False
2022_24028014,1,hombre,27,64.7,154.0,27.28,,,modulo_2,100.0,4.0,210.0,,,,,,,,,,,,,,,,,,,,0,,,False
2022_24028015,1,hombre,37,89.9,167.0,32.23,107.5,0.644,modulo_1,109.0,3.0,695.0,,,,,,,,,,,,,,,,,,,,1,,,False
2022_24028019,2,mujer,26,60.0,153.5,25.46,,,modulo_1,102.0,1.0,120.0,5.2,72.0,103.0,7.8,108.0,44.0,56.0,60.0,3.2,0.38,2.9,13.6,32.3,8.5,8.61,0.22,1.1,201.0,16.8,1,0.0,0.0,True
2022_24028022,2,mujer,49,77.25,145.5,36.49,107.0,0.735,modulo_1,126.0,1.0,560.0,,,,,,,,,,,,14.3,42.9,13.4,11.24,0.62,1.2,221.0,20.8,1,,,False
2022_24028030,2,mujer,49,61.05,149.6,27.28,82.2,0.549,modulo_1,106.0,3.0,360.0,5.3,72.0,105.0,8.3,112.0,40.0,63.0,53.0,3.2,0.51,2.9,14.9,11.9,11.1,7.94,0.16,1.3,268.0,22.2,1,0.0,0.0,True
2022_24028039,1,hombre,32,93.0,179.0,29.03,95.7,0.535,modulo_1,114.0,2.0,195.0,,,,,,,,,,,,,,,,,,,,1,,,False
2022_24028040,1,hombre,36,100.75,176.5,32.34,110.0,0.623,modulo_1,130.0,3.0,495.0,,,,,,,,,,,,,,,,,,,,1,,,False
2022_24028043,1,hombre,50,93.0,179.1,28.99,102.8,0.574,modulo_1,123.0,2.0,450.0,,,,,,,,,,,,,,,,,,,,1,,,False
2022_24028049,2,mujer,29,51.65,154.0,21.78,87.3,0.567,modulo_2,106.0,5.0,360.0,,,,,,,,,,,,,,,,,,,,0,,,False
2022_24028067,2,mujer,59,67.95,150.9,29.84,96.5,0.639,modulo_1,144.0,2.0,120.0,5.7,132.0,117.0,3.6,681.0,30.0,303.0,1124.0,4.0,0.33,4.6,13.8,,,,,,,,1,0.0,1.0,True
2022_24028072,2,mujer,30,53.95,148.0,24.63,77.3,0.522,modulo_1,111.0,3.0,705.0,,,,,,,,,,,,14.3,28.1,17.6,8.0,0.4,1.3,233.0,25.9,0,,,False
2022_24028076,2,mujer,30,74.3,164.4,27.49,,,modulo_1,104.0,2.0,270.0,,,,,,,,,,,,16.2,71.3,14.7,8.2,1.4,1.0,594.0,24.1,1,,,False
2022_24028080,2,mujer,36,50.2,151.0,22.02,81.0,0.536,modulo_1,112.0,2.0,180.0,,,,,,,,,,,,,,,,,,,,0,,,False
2022_24028088,2,mujer,38,75.0,162.0,28.58,77.6,0.479,modulo_1,128.0,4.0,620.0,,,,,,,,,,,,,,,,,,,,1,,,False
2022_24028092,2,mujer,32,63.55,152.4,27.36,94.5,0.62,modulo_1,116.0,5.0,120.0,,,,,,,,,,,,,,,,,,,,1,,,False
2022_24028093,1,hombre,43,71.7,176.5,23.02,89.4,0.507,modulo_1,115.0,4.0,690.0,10.7,363.0,260.0,1.4,85.0,25.0,47.0,114.0,4.4,0.74,2.9,15.2,,,,,,,,0,1.0,1.0,True
2022_24028097,2,mujer,49,93.8,160.9,36.23,115.6,0.718,modulo_1,122.0,4.0,240.0,,,,,,,,,,,,,,,,,,,,1,,,False
2022_24028100,2,mujer,64,62.92,157.5,25.36,91.7,0.582,modulo_2,116.0,2.0,720.0,,,,,,,,,,,,,,,,,,,,0,,,False
2022_24028112,1,hombre,21,73.7,173.0,24.62,87.5,0.506,modulo_1,121.0,4.0,660.0,,,,,,,,,,,,,,,,,,,,0,,,False
2022_24028122,2,mujer,62,58.9,147.2,27.18,92.0,0.625,modulo_2,142.0,4.0,150.0,,,,,,,,,,,,,,,,,,,,1,,,False
2022_24028123,2,mujer,67,58.9,153.7,24.93,84.5,0.55,modulo_2,140.0,3.0,320.0,11.5,196.0,283.0,2.0,153.0,47.0,83.0,142.0,2.3,0.45,3.0,14.6,,,,,,,,0,1.0,1.0,True
2022_24028130,1,hombre,47,75.75,161.6,29.01,102.4,0.634,modulo_1,119.0,4.0,360.0,5.6,75.0,114.0,5.2,96.0,24.0,47.0,197.0,6.0,0.67,3.0,16.1,,,,,,,,1,0.0,0.0,True
2022_24028132,1,hombre,68,72.9,162.1,27.74,100.9,0.622,modulo_2,128.0,4.0,840.0,,,,,,,,,,,,,,,,,,,,0,,,False
2022_24028133,2,mujer,68,62.65,150.7,27.59,101.5,0.674,modulo_2,106.0,1.0,300.0,12.0,286.0,298.0,8.6,189.0,40.0,126.0,170.0,3.8,0.71,3.3,14.5,,,,,,,,0,1.0,1.0,True
2022_24028142,2,mujer,60,69.35,146.2,32.45,105.7,0.723,modulo_2,174.0,5.0,140.0,,,,,,,,,,,,,,,,,,,,1,,,False
2022_24028145,2,mujer,36,51.85,149.6,23.17,82.7,0.553,modulo_1,109.0,3.0,300.0,,,,,,,,,,,,,,,,,,,,0,,,False
2022_24028146,2,mujer,39,109.35,165.6,39.87,122.4,0.739,modulo_1,115.0,3.0,40.0,,,,,,,,,,,,,,,,,,,,1,,,False
2022_24035009,2,mujer,37,77.85,158.6,30.95,95.6,0.603,modulo_1,108.0,1.0,60.0,,,,,,,,,,,,,,,,,,,,1,,,False
2022_24035014,2,mujer,29,69.0,157.7,27.75,98.0,0.621,modulo_1,106.0,3.0,270.0,,,,,,,,,,,,,,,,,,,,1,,,False
2022_24037005,2,mujer,65,61.25,139.2,31.61,103.9,0.746,modulo_2,172.0,1.0,290.0,5.8,109.0,120.0,10.1,205.0,48.0,123.0,233.0,4.8,0.69,4.0,14.3,,,,,,,,1,0.0,1.0,True
2022_24037008,2,mujer,51,66.0,141.0,33.2,100.1,0.71,modulo_1,125.0,3.0,120.0,,,,,,,,,,,,,,,,,,,,1,,,False
2022_24037012,2,mujer,40,76.85,141.9,38.17,108.2,0.763,modulo_1,145.0,2.0,20.0,,,,,,,,,,,,13.0,9.2,10.0,6.7,0.6,1.1,187.0,18.1,1,,,False
2022_24037013,1,hombre,49,67.8,159.1,26.78,97.0,0.61,modulo_1,128.0,5.0,320.0,,,,,,,,,,,,,,,,,,,,1,,,False
2022_24037016,1,hombre,54,65.85,151.9,28.54,95.9,0.631,modulo_1,145.0,3.0,780.0,,,,,,,,,,,,,,,,,,,,1,,,False
2022_24037022,2,mujer,57,60.2,150.7,26.51,93.5,0.62,modulo_1,115.0,4.0,720.0,5.7,103.0,117.0,8.8,118.0,34.0,81.0,106.0,4.4,0.69,3.3,14.4,,,,,,,,1,0.0,1.0,True
2022_24037024,2,mujer,60,44.8,133.5,25.14,79.5,0.596,modulo_2,135.0,4.0,480.0,5.2,104.0,103.0,14.5,156.0,38.0,102.0,136.0,4.3,0.71,3.7,14.5,,,,,,,,0,0.0,0.0,True
2022_24037025,2,mujer,58,38.95,135.5,21.21,82.5,0.609,modulo_1,177.0,3.0,360.0,,,,,,,,,,,,,,,,,,,,0,,,False
2022_24037030,2,mujer,65,57.55,151.8,24.97,98.0,0.646,modulo_2,175.0,3.0,120.0,,,,,,,,,,,,,,,,,,,,1,,,False
2022_24037048,1,hombre,27,77.6,169.5,27.01,97.5,0.575,modulo_1,132.0,2.0,120.0,,,,,,,,,,,,,,,,,,,,1,,,False
2022_24049001,2,mujer,37,72.9,157.5,29.39,93.0,0.59,modulo_1,138.0,4.0,180.0,,,,,,,,,,,,15.8,72.2,12.9,8.7,0.29,1.2,222.0,22.9,1,,,False
2022_24049010,2,mujer,29,57.7,148.2,26.27,75.8,0.511,modulo_1,80.0,4.0,780.0,,,,,,,,,,,,,,,,,,,,0,,,False
2022_24049012,2,mujer,46,85.0,154.6,35.56,102.5,0.663,modulo_1,148.0,5.0,640.0,,,,,,,,,,,,14.6,46.5,15.4,8.2,0.69,1.3,312.0,22.8,1,,,False
2022_24049017,2,mujer,47,66.7,142.1,33.03,98.5,0.693,modulo_1,118.0,5.0,480.0,,,,,,,,,,,,,,,,,,,,1,,,False
2022_24049023,1,hombre,56,77.5,150.5,34.22,110.3,0.733,modulo_1,137.0,4.0,180.0,,,,,,,,,,,,,,,,,,,,1,,,False
2022_24052007,2,mujer,62,60.95,159.2,24.05,91.2,0.573,modulo_2,138.0,3.0,630.0,,,,,,,,,,,,,,,,,,,,0,,,False
2022_24052009,2,mujer,25,61.15,152.4,26.33,90.9,0.596,modulo_1,107.0,4.0,260.0,,,,,,,,,,,,,,,,,,,,1,,,False
2022_24052015,1,hombre,57,58.55,149.8,26.09,88.5,0.591,modulo_1,118.0,2.0,960.0,5.4,103.0,108.0,7.1,260.0,53.0,174.0,163.0,6.1,1.02,4.6,15.8,,,,,,,,1,0.0,0.0,True
2022_24052018,2,mujer,67,64.65,148.3,29.4,94.8,0.639,modulo_2,128.0,2.0,480.0,,,,,,,,,,,,,,,,,,,,0,,,False
2022_25001004,2,mujer,51,74.05,165.6,27.0,89.4,0.54,modulo_1,111.0,3.0,680.0,,,,,,,,,,,,,,,,,,,,1,,,False
2022_25001005,2,mujer,50,75.2,152.6,32.29,98.6,0.646,modulo_1,141.0,3.0,300.0,5.6,77.0,114.0,5.8,114.0,42.0,62.0,66.0,5.4,0.5,2.8,12.6,,,,,,,,1,0.0,0.0,True
2022_25001007,2,mujer,27,52.9,147.1,24.45,77.9,0.53,modulo_1,106.0,4.0,300.0,,,,,,,,,,,,,,,,,,,,0,,,False
2022_25001009,2,mujer,43,92.25,156.5,37.66,117.1,0.748,modulo_1,122.0,3.0,300.0,,,,,,,,,,,,,,,,,,,,1,,,False
2022_25001014,2,mujer,16,79.6,167.4,28.41,,,modulo_1,115.0,4.0,740.0,,,,,,,,,,,,,,,,,,,,1,,,False
2022_25001016,2,mujer,35,76.5,166.8,27.5,96.6,0.579,modulo_1,126.0,3.0,760.0,5.0,56.0,97.0,5.7,122.0,18.0,65.0,245.0,4.3,0.59,1.9,13.5,20.8,21.6,4.8,0.13,1.0,451.0,30.3,1,0.0,0.0,True
2022_25001017,2,mujer,29,66.55,157.8,26.73,94.4,0.598,modulo_1,110.0,4.0,630.0,5.1,103.0,100.0,9.6,119.0,37.0,67.0,53.0,3.1,0.55,3.5,13.8,65.4,15.4,4.1,0.22,1.1,400.0,17.2,1,0.0,0.0,True
2022_25001018,2,mujer,39,84.5,162.5,32.0,90.4,0.556,modulo_1,99.0,3.0,480.0,,,,,,,,,,,,,,,,,,,,0,,,False
2022_25001019,2,mujer,51,79.15,160.5,30.73,101.4,0.632,modulo_1,130.0,3.0,240.0,,,,,,,,,,,,,,,,,,,,1,,,False
2022_25001020,2,mujer,39,77.05,150.0,34.24,100.1,0.667,modulo_1,143.0,1.0,260.0,,,,,,,,,,,,,,,,,,,,1,,,False
2022_25001022,1,hombre,56,63.45,166.1,23.0,86.8,0.523,modulo_1,166.0,5.0,90.0,,,,,,,,,,,,,,,,,,,,1,,,False
2022_25001025,2,mujer,40,72.6,169.6,25.24,95.5,0.563,modulo_1,110.0,3.0,780.0,4.8,71.0,91.0,6.2,116.0,32.0,72.0,63.0,3.5,0.47,2.5,14.1,9.7,12.4,4.8,0.32,1.0,226.0,18.4,1,0.0,0.0,True
2022_25001027,2,mujer,43,65.0,151.1,28.47,88.9,0.588,modulo_1,141.0,3.0,720.0,4.7,74.0,88.0,5.9,111.0,43.0,61.0,87.0,3.0,0.45,2.5,8.7,4.9,10.1,6.3,0.46,3.1,315.0,20.2,1,0.0,0.0,True
2022_25002001,2,mujer,23,67.6,162.3,25.66,83.7,0.516,modulo_1,134.0,2.0,6060.0,,,,,,,,,,,,,,,,,,,,1,,,False
2022_25002005,1,hombre,50,93.6,160.1,36.52,115.3,0.72,modulo_1,144.0,4.0,240.0,,,,,,,,,,,,,,,,,,,,1,,,False
2022_25002008,2,mujer,48,57.25,159.3,22.56,73.5,0.461,modulo_1,104.0,1.0,420.0,4.9,74.0,94.0,3.2,152.0,51.0,89.0,55.0,2.1,0.44,3.0,13.1,4.1,16.3,3.5,0.12,1.1,235.0,18.6,0,0.0,0.0,True
2022_25002017,2,mujer,29,73.0,155.4,30.23,102.4,0.659,modulo_1,120.0,3.0,400.0,,,,,,,,,,,,,,,,,,,,1,,,False
2022_25002018,2,mujer,70,65.55,152.8,28.08,101.6,0.665,modulo_2,152.0,4.0,450.0,8.6,128.0,200.0,10.7,89.0,32.0,53.0,64.0,3.9,0.69,1.9,11.0,,,,,,,,0,1.0,1.0,True
2022_25002022,2,mujer,48,72.25,167.5,25.75,88.7,0.53,modulo_1,105.0,3.0,165.0,,,,,,,,,,,,,,,,,,,,1,,,False
2022_25002023,2,mujer,46,84.1,152.6,36.11,115.1,0.754,modulo_1,108.0,3.0,170.0,5.2,71.0,103.0,10.7,115.0,27.0,82.0,70.0,3.2,0.48,2.4,14.4,37.9,12.5,3.9,0.57,1.1,511.0,40.8,1,0.0,0.0,True
2022_25002024,2,mujer,42,67.9,155.7,28.01,90.2,0.579,modulo_1,154.0,4.0,360.0,,,,,,,,,,,,,,,,,,,,1,,,False
2022_25002028,1,hombre,62,83.3,162.5,31.55,115.5,0.711,modulo_2,143.0,3.0,255.0,,,,,,,,,,,,,,,,,,,,0,,,False
2022_25006002,2,mujer,51,92.35,164.4,34.17,117.2,0.713,modulo_1,137.0,2.0,180.0,,,,,,,,,,,,,,,,,,,,1,,,False
2022_25006003,1,hombre,36,86.55,187.2,24.7,96.5,0.515,modulo_1,154.0,2.0,480.0,,,,,,,,,,,,,,,,,,,,1,,,False
2022_25006004,2,mujer,49,76.25,157.4,30.78,95.7,0.608,modulo_1,115.0,2.0,390.0,5.2,79.0,103.0,9.6,115.0,35.0,74.0,72.0,4.5,0.6,2.8,12.6,13.2,9.8,7.9,0.27,1.4,1222.0,17.9,1,0.0,0.0,True
2022_25006005,2,mujer,68,66.1,144.1,31.83,105.6,0.733,modulo_2,135.0,2.0,195.0,,,,,,,,,,,,,,,,,,,,0,,,False
2022_25006010,2,mujer,69,88.4,154.6,36.99,115.4,0.746,modulo_2,130.0,2.0,375.0,,,,,,,,,,,,,,,,,,,,0,,,False
2022_25006013,2,mujer,25,95.7,171.9,32.39,114.8,0.668,modulo_1,132.0,5.0,420.0,,,,,,,,,,,,,,,,,,,,1,,,False
2022_25006014,1,hombre,50,97.1,167.1,34.77,115.9,0.694,modulo_1,137.0,2.0,900.0,,,,,,,,,,,,,,,,,,,,1,,,False
2022_25006016,1,hombre,47,90.7,161.4,34.82,109.9,0.681,modulo_1,119.0,5.0,554.0,,,,,,,,,,,,,,,,,,,,1,,,False
2022_25006020,1,hombre,25,74.85,171.1,25.57,85.1,0.497,modulo_1,110.0,2.0,480.0,,,,,,,,,,,,,,,,,,,,1,,,False
2022_25006025,1,hombre,54,62.55,169.6,21.75,,,modulo_1,115.0,4.0,720.0,,,,,,,,,,,,,,,,,,,,0,,,False
2022_25006028,1,hombre,45,77.9,168.3,27.5,97.5,0.579,modulo_1,118.0,4.0,118.0,,,,,,,,,,,,,,,,,,,,1,,,False
2022_25006036,1,hombre,23,87.75,181.2,26.73,95.8,0.529,modulo_1,156.0,3.0,600.0,,,,,,,,,,,,,,,,,,,,1,,,False
2022_25006037,2,mujer,51,99.35,170.2,34.3,113.1,0.665,modulo_1,135.0,2.0,6000.0,,,,,,,,,,,,,,,,,,,,1,,,False
2022_25006038,1,hombre,54,77.7,161.9,29.64,100.2,0.619,modulo_1,149.0,4.0,330.0,6.9,125.0,151.0,6.8,189.0,34.0,128.0,122.0,5.2,0.66,3.7,14.4,,,,,,,,1,1.0,1.0,True
2022_25006041,2,mujer,55,59.0,150.0,26.22,92.4,0.616,modulo_1,136.0,4.0,480.0,,,,,,,,,,,,,,,,,,,,1,,,False
2022_25006042,2,mujer,48,94.95,155.7,39.17,117.1,0.752,modulo_1,149.0,2.0,615.0,,,,,,,,,,,,,,,,,,,,1,,,False
2022_25006051,2,mujer,36,75.85,162.0,28.9,95.2,0.588,modulo_1,108.0,5.0,570.0,,,,,,,,,,,,13.6,79.2,32.2,6.6,0.05,0.9,314.0,17.4,1,,,False
2022_25006054,2,mujer,45,69.2,160.5,26.86,89.4,0.557,modulo_1,113.0,2.0,330.0,,,,,,,,,,,,,,,,,,,,1,,,False
2022_25006057,1,hombre,43,80.75,165.0,29.66,105.6,0.64,modulo_1,127.0,5.0,290.0,,,,,,,,,,,,,,,,,,,,1,,,False
2022_25006062,2,mujer,41,81.1,158.1,32.45,,,modulo_1,91.0,4.0,1140.0,4.7,89.0,88.0,4.1,138.0,35.0,84.0,98.0,3.1,0.47,2.8,11.6,49.8,11.7,5.9,0.47,1.6,262.0,8.8,0,0.0,0.0,True
2022_25006066,2,mujer,19,62.4,150.6,27.51,,,modulo_1,115.0,3.0,440.0,,,,,,,,,,,,14.1,57.5,28.8,4.9,0.44,1.6,243.0,21.6,1,,,False
2022_25006069,1,hombre,49,87.3,165.4,31.91,105.8,0.64,modulo_1,149.0,5.0,720.0,,,,,,,,,,,,,,,,,,,,1,,,False
2022_25006070,2,mujer,31,70.2,156.6,28.63,85.4,0.545,modulo_1,120.0,2.0,900.0,,,,,,,,,,,,,,,,,,,,1,,,False
2022_25006074,1,hombre,44,67.3,164.5,24.87,87.1,0.529,modulo_1,125.0,3.0,270.0,,,,,,,,,,,,,,,,,,,,1,,,False
2022_25006075,2,mujer,20,61.7,157.6,24.84,83.1,0.527,modulo_1,117.0,5.0,660.0,,,,,,,,,,,,13.5,17.5,21.9,6.1,0.08,0.5,148.0,14.8,0,,,False
2022_25006077,1,hombre,39,60.85,169.4,21.2,80.4,0.475,modulo_1,95.0,2.0,300.0,,,,,,,,,,,,,,,,,,,,0,,,False
2022_25006078,1,hombre,47,100.5,182.5,30.17,,,modulo_1,115.0,5.0,568.0,,,,,,,,,,,,,,,,,,,,1,,,False
2022_25006079,2,mujer,29,72.5,155.8,29.87,,,modulo_1,118.0,2.0,20.0,5.0,86.0,97.0,5.3,164.0,46.0,108.0,70.0,4.3,0.57,3.7,14.0,18.5,16.7,3.5,0.48,1.0,435.0,20.0,1,0.0,0.0,True
2022_25006080,2,mujer,55,68.45,161.9,26.11,101.0,0.624,modulo_1,131.0,2.0,420.0,,,,,,,,,,,,,,,,,,,,1,,,False
2022_25006081,1,hombre,50,94.65,166.9,33.98,113.3,0.679,modulo_1,132.0,2.0,690.0,6.0,104.0,126.0,7.2,150.0,34.0,117.0,125.0,3.4,0.58,2.5,14.5,,,,,,,,1,0.0,1.0,True
2022_25006090,1,hombre,19,69.8,166.9,25.06,,,modulo_1,115.0,5.0,5940.0,,,,,,,,,,,,,,,,,,,,1,,,False
2022_25006103,2,mujer,56,103.75,164.3,38.43,129.3,0.787,modulo_1,111.0,4.0,190.0,5.4,88.0,108.0,10.9,100.0,38.0,50.0,106.0,4.3,0.58,2.2,12.5,,,,,,,,1,0.0,0.0,True
2022_25006106,1,hombre,29,53.15,160.5,20.63,78.3,0.488,modulo_1,142.0,5.0,660.0,5.2,71.0,103.0,2.8,105.0,40.0,57.0,68.0,5.0,0.68,4.2,16.5,,,,,,,,0,0.0,0.0,True
2022_25006108,2,mujer,48,75.25,153.9,31.77,93.9,0.61,modulo_1,140.0,3.0,120.0,,,,,,,,,,,,13.3,36.9,18.1,4.7,0.79,1.1,354.0,28.2,1,,,False
2022_25006111,2,mujer,50,81.75,151.3,35.71,106.3,0.703,modulo_1,165.0,4.0,660.0,,,,,,,,,,,,,,,,,,,,1,,,False
2022_25006117,2,mujer,28,59.0,155.7,24.34,81.8,0.525,modulo_1,117.0,2.0,690.0,,,,,,,,,,,,13.2,9.7,13.6,6.3,0.02,1.4,419.0,24.7,0,,,False
2022_25006121,2,mujer,52,69.2,162.3,26.27,82.1,0.506,modulo_1,130.0,1.0,600.0,,,,,,,,,,,,,,,,,,,,1,,,False
2022_25011002,1,hombre,64,72.8,159.2,28.72,109.3,0.687,modulo_2,126.0,3.0,660.0,5.4,90.0,108.0,7.4,161.0,37.0,102.0,153.0,4.7,0.85,3.1,16.6,,,,,,,,0,0.0,0.0,True
2022_25011006,2,mujer,48,68.65,161.3,26.39,91.4,0.567,modulo_1,107.0,3.0,320.0,,,,,,,,,,,,,,,,,,,,1,,,False
2022_25011007,1,hombre,46,80.55,162.5,30.5,104.2,0.641,modulo_1,157.0,3.0,600.0,,,,,,,,,,,,,,,,,,,,1,,,False
2022_25011008,2,mujer,21,43.8,155.8,18.04,64.5,0.414,modulo_1,108.0,4.0,135.0,,,,,,,,,,,,,,,,,,,,1,,,False
2022_25011009,1,hombre,56,86.85,171.9,29.39,74.6,0.434,modulo_1,134.0,2.0,780.0,,,,,,,,,,,,,,,,,,,,1,,,False
2022_25011012,2,mujer,50,84.85,160.3,33.02,110.6,0.69,modulo_1,118.0,4.0,80.0,,,,,,,,,,,,,,,,,,,,1,,,False
2022_25011022,2,mujer,26,135.55,150.5,59.84,140.9,0.936,modulo_1,118.0,2.0,240.0,,,,,,,,,,,,,,,,,,,,1,,,False
2022_25011024,2,mujer,52,77.5,153.4,32.93,109.1,0.711,modulo_1,121.0,5.0,300.0,13.6,480.0,344.0,8.7,187.0,39.0,127.0,244.0,2.8,0.59,2.9,15.5,,,,,,,,1,1.0,1.0,True
2022_25011030,2,mujer,63,90.7,159.2,35.79,109.5,0.688,modulo_2,188.0,3.0,240.0,6.5,87.0,140.0,9.1,139.0,32.0,88.0,65.0,2.9,0.44,2.3,12.2,,,,,,,,0,1.0,1.0,True
2022_25011031,2,mujer,34,81.95,166.8,29.45,91.1,0.546,modulo_1,119.0,4.0,150.0,,,,,,,,,,,,,,,,,,,,1,,,False
2022_25011032,1,hombre,56,82.9,166.7,29.83,110.8,0.665,modulo_1,128.0,1.0,370.0,5.5,125.0,111.0,48.4,109.0,30.0,62.0,189.0,6.1,0.7,3.1,14.6,,,,,,,,1,0.0,0.0,True
2022_25011033,2,mujer,43,74.4,163.5,27.83,88.5,0.541,modulo_1,159.0,4.0,570.0,,,,,,,,,,,,,,,,,,,,1,,,False
2022_25012003,2,mujer,56,107.6,159.3,42.4,120.4,0.756,modulo_1,133.0,1.0,420.0,,,,,,,,,,,,13.5,,,,,,,,1,,,False
2022_25012004,1,hombre,82,68.35,164.5,25.26,98.5,0.599,modulo_2,139.0,2.0,660.0,,,,,,,,,,,,,,,,,,,,0,,,False
2022_25012006,2,mujer,62,64.7,163.6,24.17,92.2,0.564,modulo_2,131.0,2.0,615.0,,,,,,,,,,,,9.3,,,,,,,,0,,,False
2022_25012010,1,hombre,46,77.65,163.9,28.91,103.1,0.629,modulo_1,136.0,4.0,230.0,5.2,82.0,103.0,10.3,173.0,40.0,116.0,84.0,5.5,0.66,3.7,16.2,,,,,,,,1,0.0,0.0,True
2022_25012011,2,mujer,22,70.65,164.2,26.2,90.1,0.549,modulo_1,124.0,1.0,450.0,5.1,95.0,100.0,80.1,137.0,40.0,82.0,89.0,5.4,0.65,4.3,14.7,21.8,22.6,5.5,0.13,0.8,305.0,18.8,1,0.0,0.0,True
2022_25012013,1,hombre,52,94.5,166.0,34.29,119.8,0.722,modulo_1,122.0,2.0,600.0,5.2,180.0,103.0,19.7,132.0,26.0,97.0,139.0,5.3,0.66,2.4,16.2,,,,,,,,1,0.0,0.0,True
2022_25012018,1,hombre,69,61.5,155.0,25.6,89.5,0.577,modulo_2,156.0,2.0,110.0,,,,,,,,,,,,,,,,,,,,1,,,False
2022_25012021,1,hombre,31,66.6,173.2,22.2,91.6,0.529,modulo_1,147.0,4.0,290.0,,,,,,,,,,,,,,,,,,,,0,,,False
2022_25012022,2,mujer,36,72.3,163.2,27.15,84.3,0.517,modulo_1,135.0,3.0,265.0,,,,,,,,,,,,,,,,,,,,1,,,False
2022_25012025,2,mujer,66,78.95,155.3,32.73,106.6,0.686,modulo_2,153.0,2.0,435.0,5.2,93.0,103.0,18.6,141.0,41.0,91.0,100.0,5.4,0.64,2.8,13.2,,,,,,,,0,0.0,0.0,True
2022_25012033,2,mujer,38,78.75,162.5,29.82,98.5,0.606,modulo_1,127.0,4.0,400.0,,,,,,,,,,,,,,,,,,,,1,,,False
2022_25012048,2,mujer,27,78.5,165.3,28.73,98.1,0.593,modulo_1,108.0,4.0,421.0,,,,,,,,,,,,,,,,,,,,1,,,False
2022_25012049,2,mujer,49,67.85,162.2,25.79,87.8,0.541,modulo_1,116.0,4.0,1080.0,5.8,131.0,120.0,23.4,149.0,32.0,100.0,106.0,3.5,0.7,3.2,13.6,30.9,13.4,4.7,0.53,0.9,273.0,21.7,1,0.0,1.0,True
2022_25015001,1,hombre,67,61.3,155.6,25.32,78.5,0.504,modulo_1,112.0,2.0,240.0,,,,,,,,,,,,,,,,,,,,1,,,False
2022_25015004,1,hombre,67,71.55,157.3,28.92,108.1,0.687,modulo_2,122.0,4.0,430.0,5.8,91.0,120.0,25.9,157.0,36.0,96.0,188.0,3.3,0.71,3.3,14.6,,,,,,,,0,0.0,1.0,True
2022_25015005,1,hombre,54,107.9,165.5,39.39,124.5,0.752,modulo_1,138.0,2.0,735.0,6.1,134.0,128.0,13.0,149.0,33.0,103.0,93.0,3.8,0.52,3.4,15.5,,,,,,,,1,0.0,1.0,True
2022_25015008,1,hombre,78,66.55,166.6,23.98,94.5,0.567,modulo_2,160.0,4.0,570.0,5.2,80.0,103.0,2.5,114.0,24.0,69.0,92.0,5.2,0.61,2.5,14.5,,,,,,,,0,0.0,0.0,True
2022_25015009,1,hombre,43,74.6,170.5,25.66,88.9,0.521,modulo_1,137.0,2.0,180.0,,,,,,,,,,,,,,,,,,,,1,,,False
2022_25015015,2,mujer,52,81.0,155.8,33.37,103.7,0.666,modulo_1,123.0,4.0,540.0,,,,,,,,,,,,,,,,,,,,1,,,False
2022_25015019,1,hombre,51,99.85,169.5,34.75,118.6,0.7,modulo_1,134.0,4.0,450.0,5.2,88.0,103.0,5.8,133.0,26.0,94.0,125.0,7.3,0.63,3.0,12.8,,,,,,,,1,0.0,0.0,True
2022_25015020,2,mujer,45,102.8,165.7,37.44,107.4,0.648,modulo_1,122.0,2.0,330.0,5.1,88.0,100.0,7.1,155.0,46.0,92.0,155.0,5.8,0.66,3.3,12.6,9.2,25.0,4.1,0.53,1.1,380.0,33.3,1,0.0,0.0,True
2022_25015021,2,mujer,55,82.6,162.2,31.4,105.8,0.652,modulo_1,124.0,4.0,420.0,,,,,,,,,,,,,,,,,,,,1,,,False
2022_25015024,2,mujer,47,85.6,167.9,30.36,120.3,0.716,modulo_1,128.0,5.0,1110.0,11.7,305.0,289.0,5.5,120.0,30.0,71.0,226.0,2.1,0.34,3.1,16.0,469.7,15.2,5.8,0.54,1.3,210.0,23.1,1,1.0,1.0,True
2022_25015025,2,mujer,41,74.2,163.4,27.79,93.4,0.572,modulo_1,113.0,2.0,740.0,,,,,,,,,,,,12.6,10.0,18.6,4.5,0.41,1.3,493.0,24.7,1,,,False
2022_25015026,2,mujer,61,66.1,153.2,28.16,92.8,0.606,modulo_2,146.0,4.0,420.0,5.2,77.0,103.0,8.6,86.0,27.0,47.0,187.0,4.0,0.52,2.9,14.3,,,,,,,,0,0.0,0.0,True
2022_25015030,2,mujer,61,72.85,148.4,33.08,108.9,0.734,modulo_2,123.0,3.0,140.0,,,,,,,,,,,,,,,,,,,,1,,,False
2022_25015031,2,mujer,43,66.97,160.7,25.93,92.9,0.578,modulo_1,116.0,3.0,540.0,,,,,,,,,,,,11.3,7.1,22.6,4.1,0.19,1.2,167.0,23.8,1,,,False
2022_25015033,2,mujer,18,76.85,150.9,33.75,,,modulo_1,115.0,5.0,685.0,,,,,,,,,,,,14.1,46.9,14.9,10.44,0.2,1.1,322.0,12.2,1,,,False
2022_25015034,1,hombre,68,75.95,170.5,26.13,96.1,0.564,modulo_2,158.0,4.0,225.0,,,,,,,,,,,,,,,,,,,,0,,,False
2022_25015038,2,mujer,38,64.35,153.7,27.24,89.8,0.584,modulo_1,138.0,4.0,600.0,,,,,,,,,,,,,,,,,,,,1,,,False
2022_25015039,2,mujer,62,79.65,153.1,33.98,106.8,0.698,modulo_2,153.0,3.0,510.0,,,,,,,,,,,,,,,,,,,,0,,,False
2022_25015040,2,mujer,39,59.8,148.8,27.01,90.5,0.608,modulo_1,128.0,4.0,240.0,5.3,92.0,105.0,5.0,107.0,34.0,56.0,126.0,3.6,0.51,3.1,13.4,27.4,32.2,6.5,0.28,1.1,151.0,26.0,1,0.0,0.0,True
2022_25018002,2,mujer,68,64.7,154.0,27.28,,,modulo_2,118.0,5.0,720.0,5.1,79.0,100.0,54.1,138.0,32.0,94.0,87.0,6.0,1.6,2.7,12.1,,,,,,,,0,0.0,0.0,True
2022_25018004,2,mujer,66,83.55,159.6,32.8,112.2,0.703,modulo_2,116.0,2.0,790.0,,,,,,,,,,,,,,,,,,,,0,,,False
2022_25018007,2,mujer,51,87.7,147.7,40.2,119.3,0.808,modulo_1,112.0,4.0,160.0,5.3,74.0,105.0,14.7,122.0,31.0,78.0,160.0,3.5,0.47,2.6,15.0,,,,,,,,1,0.0,0.0,True
2022_25018008,2,mujer,40,50.6,138.5,26.38,89.1,0.643,modulo_1,115.0,3.0,720.0,,,,,,,,,,,,7.3,3.0,23.4,8.7,0.05,3.1,312.0,11.9,1,,,False
2022_25018009,2,mujer,20,47.15,157.4,19.03,,,modulo_1,118.0,3.0,480.0,5.2,81.0,103.0,27.3,73.0,37.0,35.0,36.0,2.6,0.52,2.8,12.4,5.5,31.8,5.0,0.02,1.7,216.0,33.4,0,0.0,0.0,True
2022_25018018,1,hombre,44,75.95,162.5,28.76,98.5,0.606,modulo_1,155.0,1.0,330.0,,,,,,,,,,,,,,,,,,,,1,,,False
2022_25018020,2,mujer,21,79.9,160.7,30.94,91.3,0.568,modulo_1,115.0,2.0,640.0,,,,,,,,,,,,,,,,,,,,1,,,False
2022_25018021,1,hombre,66,104.2,168.3,36.79,122.5,0.728,modulo_2,162.0,4.0,360.0,5.9,91.0,123.0,7.4,93.0,45.0,37.0,76.0,4.6,0.75,2.7,13.2,,,,,,,,0,0.0,1.0,True
2022_25018026,2,mujer,65,65.4,155.1,27.19,95.1,0.613,modulo_2,164.0,5.0,380.0,,,,,,,,,,,,,,,,,,,,0,,,False
2022_25018027,2,mujer,40,82.85,160.0,32.36,,,modulo_1,102.0,3.0,160.0,4.4,75.0,80.0,6.4,183.0,65.0,106.0,183.0,3.8,0.42,2.7,13.3,11.3,21.0,3.1,1.47,1.0,164.0,37.3,1,0.0,0.0,True
2022_25018028,2,mujer,47,63.85,152.3,27.53,94.2,0.619,modulo_1,144.0,3.0,600.0,,,,,,,,,,,,11.8,3.4,17.5,9.35,2.9,2.0,91.0,10.7,1,,,False
2022_26002002,1,hombre,51,74.9,164.3,27.75,,,modulo_1,117.0,4.0,480.0,,,,,,,,,,,,,,,,,,,,1,,,False
2022_26002004,1,hombre,62,115.35,167.9,40.92,126.8,0.755,modulo_2,169.0,4.0,375.0,,,,,,,,,,,,,,,,,,,,0,,,False
2022_26002005,1,hombre,28,144.25,182.2,43.45,140.8,0.773,modulo_1,149.0,1.0,600.0,,,,,,,,,,,,,,,,,,,,1,,,False
2022_26002007,2,mujer,36,69.7,155.9,28.68,104.5,0.67,modulo_1,109.0,3.0,30.0,,,,,,,,,,,,11.5,4.9,6.1,9.1,0.13,2.2,122.0,26.0,1,,,False
2022_26002008,2,mujer,60,77.65,148.2,35.35,105.5,0.712,modulo_2,104.0,4.0,188.0,,,,,,,,,,,,,,,,,,,,0,,,False
2022_26002011,1,hombre,35,104.5,182.3,31.44,114.1,0.626,modulo_1,128.0,2.0,300.0,,,,,,,,,,,,,,,,,,,,1,,,False
2022_26002013,2,mujer,52,87.8,158.5,34.95,104.1,0.657,modulo_1,133.0,2.0,540.0,5.2,86.0,103.0,22.3,161.0,38.0,94.0,200.0,7.4,0.77,3.4,14.8,,,,,,,,1,0.0,0.0,True
2022_26002018,1,hombre,45,92.75,166.6,33.42,107.4,0.645,modulo_1,135.0,3.0,720.0,,,,,,,,,,,,,,,,,,,,1,,,False
2022_26002022,1,hombre,43,96.2,171.7,32.63,106.3,0.619,modulo_1,165.0,5.0,510.0,5.8,122.0,120.0,67.7,59.0,21.0,30.0,56.0,4.6,0.74,1.5,16.0,,,,,,,,1,0.0,1.0,True
2022_26019002,2,mujer,57,74.05,155.4,30.66,99.7,0.642,modulo_1,168.0,4.0,450.0,,,,,,,,,,,,,,,,,,,,1,,,False
2022_26019005,1,hombre,44,79.35,167.4,28.32,98.1,0.586,modulo_1,130.0,3.0,920.0,,,,,,,,,,,,,,,,,,,,1,,,False
2022_26019007,1,hombre,31,97.95,181.6,29.7,108.2,0.596,modulo_1,158.0,3.0,660.0,,,,,,,,,,,,,,,,,,,,1,,,False
2022_26019014,2,mujer,35,56.75,166.9,20.37,74.3,0.445,modulo_1,132.0,5.0,480.0,,,,,,,,,,,,,,,,,,,,0,,,False
2022_26019015,1,hombre,35,82.25,180.3,25.3,99.9,0.554,modulo_1,147.0,1.0,840.0,4.9,87.0,94.0,17.1,151.0,32.0,81.0,300.0,4.5,0.72,3.8,18.3,,,,,,,,1,0.0,0.0,True
2022_26019017,2,mujer,38,72.05,159.5,28.32,93.6,0.587,modulo_1,114.0,1.0,560.0,,,,,,,,,,,,13.0,29.4,21.3,7.5,0.28,1.4,232.0,16.9,1,,,False
2022_26019025,1,hombre,50,69.35,165.0,25.47,94.0,0.57,modulo_1,93.0,2.0,400.0,,,,,,,,,,,,,,,,,,,,0,,,False
2022_26019032,2,mujer,29,59.2,156.9,24.05,83.2,0.53,modulo_1,123.0,3.0,240.0,,,,,,,,,,,,,,,,,,,,0,,,False
2022_26019035,2,mujer,17,57.75,157.0,23.43,,,modulo_1,115.0,4.0,746.0,,,,,,,,,,,,,,,,,,,,0,,,False
2022_26019036,2,mujer,42,99.85,158.9,39.55,129.7,0.816,modulo_1,136.0,5.0,120.0,12.2,304.0,303.0,19.3,148.0,33.0,88.0,277.0,3.5,0.47,2.7,13.0,19.1,22.4,3.6,1.1,1.1,395.0,21.1,1,1.0,1.0,True
2022_26019040,2,mujer,32,78.75,162.5,29.82,,,modulo_1,127.0,4.0,490.0,5.1,67.0,100.0,2.1,155.0,64.0,73.0,70.0,3.9,0.5,2.5,14.6,67.2,11.5,5.0,4.7,1.1,318.0,29.9,1,0.0,0.0,True
2022_26019042,2,mujer,30,79.15,158.9,31.35,,,modulo_1,118.0,4.0,600.0,,,,,,,,,,,,,,,,,,,,1,,,False
2022_26029001,2,mujer,70,69.95,149.2,31.42,102.7,0.688,modulo_2,190.0,5.0,430.0,5.3,86.0,105.0,7.7,138.0,45.0,78.0,112.0,2.8,0.67,2.6,12.4,,,,,,,,0,0.0,0.0,True
2022_26029007,1,hombre,47,85.1,162.9,32.07,107.3,0.659,modulo_1,133.0,3.0,420.0,,,,,,,,,,,,,,,,,,,,1,,,False
2022_26029013,2,mujer,65,86.4,159.5,33.96,115.2,0.722,modulo_2,174.0,5.0,930.0,,,,,,,,,,,,,,,,,,,,0,,,False
2022_26029014,2,mujer,60,73.15,149.1,32.9,110.9,0.744,modulo_2,142.0,3.0,510.0,,,,,,,,,,,,,,,,,,,,0,,,False
2022_26029022,1,hombre,67,89.7,164.9,32.99,103.5,0.628,modulo_2,143.0,3.0,710.0,,,,,,,,,,,,,,,,,,,,0,,,False
2022_26029023,2,mujer,50,82.55,152.2,35.64,105.6,0.694,modulo_1,139.0,2.0,210.0,4.5,93.0,82.0,44.6,122.0,52.0,59.0,161.0,4.7,0.67,2.9,15.0,,,,,,,,1,0.0,0.0,True
2022_26029025,2,mujer,53,59.9,152.5,25.76,90.8,0.595,modulo_1,108.0,4.0,390.0,5.3,77.0,105.0,12.2,67.0,17.0,24.0,225.0,3.7,0.53,2.3,13.1,,,,,,,,1,0.0,0.0,True
2022_26030002,1,hombre,43,65.8,171.5,22.37,,,modulo_1,115.0,2.0,900.0,,,,,,,,,,,,,,,,,,,,0,,,False
2022_26030003,2,mujer,30,49.0,157.4,19.78,,,modulo_1,92.0,4.0,120.0,,,,,,,,,,,,,,,,,,,,1,,,False
2022_26030007,2,mujer,21,71.5,157.6,28.79,,,modulo_1,141.0,4.0,270.0,5.0,83.0,97.0,13.1,117.0,36.0,72.0,96.0,4.0,0.55,3.4,14.2,24.1,14.8,5.2,2.46,1.0,202.0,37.4,1,0.0,0.0,True
2022_26030009,2,mujer,28,91.7,155.6,37.87,97.6,0.627,modulo_1,122.0,3.0,420.0,,,,,,,,,,,,,,,,,,,,1,,,False
2022_26030011,2,mujer,23,80.05,159.4,31.51,96.6,0.606,modulo_1,105.0,3.0,380.0,,,,,,,,,,,,,,,,,,,,1,,,False
2022_26030014,2,mujer,26,60.4,153.2,25.73,,,modulo_1,107.0,2.0,240.0,,,,,,,,,,,,,,,,,,,,1,,,False
2022_26030015,1,hombre,61,73.2,163.8,27.28,99.9,0.61,modulo_2,146.0,4.0,600.0,5.4,80.0,108.0,4.5,125.0,35.0,70.0,115.0,4.1,0.76,3.0,13.4,,,,,,,,0,0.0,0.0,True
2022_26030020,2,mujer,29,90.15,163.7,33.64,106.0,0.648,modulo_1,135.0,3.0,480.0,,,,,,,,,,,,12.3,43.9,16.2,9.1,0.83,0.9,144.0,15.7,1,,,False
2022_26030021,2,mujer,58,85.3,158.7,33.87,109.3,0.689,modulo_1,128.0,5.0,720.0,5.0,78.0,97.0,7.8,142.0,30.0,85.0,295.0,3.8,0.47,2.7,12.3,,,,,,,,1,0.0,0.0,True
2022_26030024,1,hombre,42,97.7,165.4,35.71,118.6,0.717,modulo_1,108.0,3.0,180.0,6.3,114.0,134.0,11.9,112.0,22.0,66.0,199.0,5.3,0.6,2.8,16.0,,,,,,,,1,0.0,1.0,True
2022_26030025,2,mujer,31,93.85,167.7,33.37,107.7,0.642,modulo_1,131.0,5.0,360.0,,,,,,,,,,,,,,,,,,,,1,,,False
2022_26030027,2,mujer,32,72.9,153.8,30.82,99.8,0.649,modulo_1,98.0,3.0,540.0,5.2,67.0,103.0,6.0,94.0,39.0,55.0,59.0,3.3,0.47,2.4,13.9,16.7,21.8,6.7,0.26,0.9,175.0,14.2,0,0.0,0.0,True
2022_26030028,1,hombre,42,49.3,154.9,20.55,,,modulo_1,115.0,3.0,300.0,,,,,,,,,,,,,,,,,,,,0,,,False
2022_26030029,1,hombre,41,98.8,179.9,30.53,179.9,1.0,modulo_1,139.0,3.0,120.0,5.3,97.0,105.0,17.2,111.0,26.0,78.0,107.0,4.2,0.69,2.7,15.0,,,,,,,,1,0.0,0.0,True
2022_26030031,1,hombre,41,108.5,170.6,37.28,117.5,0.689,modulo_1,125.0,1.0,1410.0,,,,,,,,,,,,,,,,,,,,1,,,False
2022_26030033,2,mujer,29,97.85,165.4,35.77,,,modulo_1,125.0,4.0,270.0,,,,,,,,,,,,,,,,,,,,1,,,False
2022_26030039,2,mujer,31,110.35,168.9,38.68,119.1,0.705,modulo_1,168.0,4.0,420.0,5.2,88.0,103.0,92.5,90.0,34.0,42.0,111.0,4.6,0.6,3.0,13.7,96.6,16.2,8.8,0.45,1.1,327.0,24.3,1,0.0,0.0,True
2022_26030044,2,mujer,63,102.75,158.8,40.75,126.8,0.798,modulo_2,123.0,4.0,140.0,,,,,,,,,,,,,,,,,,,,1,,,False
2022_26030045,2,mujer,31,66.95,165.5,24.44,81.6,0.493,modulo_1,110.0,4.0,900.0,5.5,77.0,111.0,6.2,72.0,28.0,45.0,43.0,4.6,0.65,2.7,14.1,51.8,12.0,6.2,0.16,0.7,266.0,26.8,0,0.0,0.0,True
2022_26030046,2,mujer,60,68.25,156.8,27.76,103.1,0.658,modulo_2,156.0,3.0,540.0,,,,,,,,,,,,,,,,,,,,0,,,False
2022_26030049,1,hombre,27,77.55,170.9,26.55,88.1,0.516,modulo_1,141.0,5.0,180.0,,,,,,,,,,,,,,,,,,,,1,,,False
2022_26030050,2,mujer,58,71.15,151.4,31.04,103.1,0.681,modulo_1,149.0,3.0,540.0,,,,,,,,,,,,,,,,,,,,1,,,False
2022_26030052,1,hombre,61,76.25,159.1,30.12,101.6,0.639,modulo_2,170.0,4.0,190.0,,,,,,,,,,,,,,,,,,,,0,,,False
2022_26030055,1,hombre,60,81.0,175.0,26.45,112.4,0.642,modulo_2,132.0,2.0,360.0,,,,,,,,,,,,,,,,,,,,0,,,False
2022_26030060,1,hombre,32,145.8,172.8,48.83,136.8,0.792,modulo_1,144.0,4.0,335.0,,,,,,,,,,,,,,,,,,,,1,,,False
2022_26030070,2,mujer,29,63.05,163.5,23.59,77.9,0.476,modulo_1,106.0,3.0,240.0,,,,,,,,,,,,,,,,,,,,0,,,False
2022_26030076,2,mujer,43,78.55,151.9,34.04,107.4,0.707,modulo_1,124.0,5.0,480.0,,,,,,,,,,,,12.8,29.7,30.9,6.9,0.51,0.6,288.0,29.3,1,,,False
2022_26030078,2,mujer,51,63.1,149.1,28.38,98.8,0.663,modulo_1,177.0,3.0,390.0,5.8,82.0,120.0,264.1,189.0,43.0,98.0,262.0,5.2,0.63,3.1,13.1,,,,,,,,1,0.0,1.0,True
2022_26030092,2,mujer,63,95.5,164.6,35.25,121.3,0.737,modulo_2,135.0,2.0,600.0,,,,,,,,,,,,,,,,,,,,0,,,False
2022_26030094,2,mujer,35,68.85,153.0,29.41,87.9,0.575,modulo_1,115.0,4.0,240.0,,,,,,,,,,,,,,,,,,,,1,,,False
2022_26030103,2,mujer,47,55.7,155.5,23.04,74.9,0.482,modulo_1,113.0,3.0,270.0,,,,,,,,,,,,,,,,,,,,0,,,False
2022_26030105,2,mujer,36,71.15,165.9,25.85,82.6,0.498,modulo_1,123.0,2.0,640.0,,,,,,,,,,,,12.7,15.2,16.9,8.0,0.08,1.0,239.0,13.4,1,,,False
2022_26030106,2,mujer,66,58.05,162.9,21.88,72.9,0.448,modulo_2,112.0,2.0,340.0,5.2,85.0,103.0,4.9,209.0,59.0,120.0,110.0,3.2,0.74,4.0,12.7,,,,,,,,0,0.0,0.0,True
2022_26030107,2,mujer,34,53.7,173.0,17.94,79.3,0.458,modulo_1,104.0,3.0,130.0,,,,,,,,,,,,,,,,,,,,1,,,False
2022_26030109,2,mujer,32,68.5,157.0,27.79,96.2,0.613,modulo_1,111.0,4.0,360.0,,,,,,,,,,,,,,,,,,,,1,,,False
2022_26030110,1,hombre,32,70.25,165.4,25.68,92.6,0.56,modulo_1,120.0,3.0,180.0,,,,,,,,,,,,,,,,,,,,1,,,False
2022_26030115,2,mujer,60,102.0,155.4,42.24,123.4,0.794,modulo_2,120.0,2.0,780.0,,,,,,,,,,,,,,,,,,,,0,,,False
2022_26030121,1,hombre,26,89.1,174.3,29.33,174.3,1.0,modulo_1,142.0,4.0,370.0,,,,,,,,,,,,,,,,,,,,1,,,False
2022_26030127,2,mujer,61,61.35,151.1,26.87,96.4,0.638,modulo_2,179.0,3.0,130.0,,,,,,,,,,,,,,,,,,,,1,,,False
2022_26042001,2,mujer,58,90.15,156.9,36.62,115.9,0.739,modulo_1,150.0,4.0,600.0,7.2,142.0,160.0,5.1,117.0,29.0,75.0,123.0,3.7,0.5,3.0,14.6,,,,,,,,1,1.0,1.0,True
2022_26042005,1,hombre,69,68.85,168.1,24.37,97.3,0.579,modulo_2,139.0,4.0,450.0,7.5,135.0,169.0,4.3,136.0,31.0,88.0,120.0,2.6,0.51,2.4,15.2,,,,,,,,0,1.0,1.0,True
2022_26042006,1,hombre,56,70.2,169.7,24.38,85.1,0.501,modulo_1,120.0,4.0,500.0,,,,,,,,,,,,,,,,,,,,0,,,False
2022_26042008,1,hombre,57,49.35,166.5,17.8,69.5,0.417,modulo_1,114.0,2.0,60.0,,,,,,,,,,,,,,,,,,,,1,,,False
2022_26042009,1,hombre,55,102.0,173.8,33.77,119.4,0.687,modulo_1,159.0,4.0,300.0,,,,,,,,,,,,,,,,,,,,1,,,False
2022_26042010,2,mujer,42,73.7,166.0,26.75,83.1,0.501,modulo_1,200.0,3.0,390.0,,,,,,,,,,,,,,,,,,,,1,,,False
2022_26042012,1,hombre,36,88.5,174.9,28.93,99.9,0.571,modulo_1,115.0,3.0,300.0,,,,,,,,,,,,,,,,,,,,1,,,False
2022_26042014,1,hombre,59,105.1,176.0,33.93,131.0,0.744,modulo_1,134.0,1.0,660.0,,,,,,,,,,,,,,,,,,,,1,,,False
2022_26042021,2,mujer,56,126.0,189.0,35.27,125.9,0.666,modulo_1,157.0,4.0,480.0,,,,,,,,,,,,,,,,,,,,1,,,False
2022_26042027,2,mujer,38,97.1,167.0,34.82,109.1,0.653,modulo_1,122.0,4.0,260.0,,,,,,,,,,,,,,,,,,,,1,,,False
2022_26043002,1,hombre,22,86.45,169.2,30.2,108.2,0.639,modulo_1,128.0,4.0,330.0,5.2,50.0,103.0,10.3,63.0,14.0,63.0,58.0,3.6,0.33,1.6,15.5,,,,,,,,1,0.0,0.0,True
2022_26043007,2,mujer,31,78.3,156.2,32.09,101.0,0.647,modulo_1,101.0,3.0,750.0,5.0,86.0,97.0,6.4,105.0,30.0,63.0,97.0,2.0,0.37,2.7,13.9,42.9,16.6,4.4,0.26,1.1,226.0,12.1,1,0.0,0.0,True
2022_26043009,2,mujer,50,74.25,156.3,30.39,95.8,0.613,modulo_1,142.0,3.0,960.0,5.3,84.0,105.0,9.1,108.0,33.0,58.0,80.0,2.8,0.33,2.0,12.5,,,,,,,,1,0.0,0.0,True
2022_26043010,2,mujer,58,109.7,164.2,40.69,125.4,0.764,modulo_1,137.0,5.0,660.0,,,,,,,,,,,,,,,,,,,,1,,,False
2022_26043011,1,hombre,52,65.65,168.4,23.15,90.2,0.536,modulo_1,141.0,1.0,240.0,,,,,,,,,,,,,,,,,,,,0,,,False
2022_26043018,1,hombre,22,87.4,176.0,28.22,103.0,0.585,modulo_1,124.0,4.0,520.0,4.6,91.0,85.0,11.3,111.0,34.0,61.0,127.0,5.5,0.62,4.1,15.0,,,,,,,,1,0.0,0.0,True
2022_26043020,2,mujer,38,80.7,158.6,32.08,,,modulo_1,150.0,2.0,600.0,5.3,78.0,105.0,6.8,168.0,60.0,86.0,88.0,5.3,0.43,2.9,14.5,39.8,19.7,7.2,1.78,1.6,234.0,26.2,1,0.0,0.0,True
2022_26043021,1,hombre,49,75.75,169.2,26.46,96.1,0.568,modulo_1,138.0,4.0,165.0,4.9,128.0,94.0,44.8,135.0,45.0,60.0,231.0,5.3,1.16,4.6,15.9,,,,,,,,1,0.0,0.0,True
2022_26047001,2,mujer,31,97.25,157.9,39.01,121.5,0.769,modulo_1,130.0,2.0,660.0,,,,,,,,,,,,,,,,,,,,1,,,False
2022_26047002,1,hombre,34,72.05,162.5,27.29,94.0,0.578,modulo_1,128.0,4.0,560.0,5.3,82.0,105.0,24.8,96.0,34.0,55.0,87.0,5.1,0.69,3.0,14.0,,,,,,,,1,0.0,0.0,True
2022_26047003,1,hombre,52,94.65,172.1,31.96,117.8,0.684,modulo_1,130.0,4.0,160.0,,,,,,,,,,,,,,,,,,,,1,,,False
2022_26047004,1,hombre,81,92.8,154.0,39.13,123.2,0.8,modulo_2,132.0,3.0,1020.0,,,,,,,,,,,,,,,,,,,,0,,,False
2022_26047005,1,hombre,59,64.15,164.7,23.65,91.6,0.556,modulo_1,161.0,3.0,480.0,,,,,,,,,,,,,,,,,,,,0,,,False
2022_26047007,2,mujer,59,77.7,154.3,32.64,112.6,0.73,modulo_1,200.0,4.0,240.0,,,,,,,,,,,,,,,,,,,,1,,,False
2022_26047008,1,hombre,37,117.2,168.0,41.52,125.4,0.746,modulo_1,141.0,4.0,180.0,5.9,83.0,123.0,15.1,90.0,24.0,53.0,56.0,5.0,0.72,2.7,13.9,,,,,,,,1,0.0,1.0,True
2022_26047011,1,hombre,51,73.8,166.9,26.49,98.7,0.591,modulo_1,158.0,3.0,420.0,,,,,,,,,,,,,,,,,,,,1,,,False
2022_26047013,1,hombre,64,55.3,167.4,19.73,83.1,0.496,modulo_2,151.0,5.0,105.0,,,,,,,,,,,,,,,,,,,,1,,,False
2022_26047017,2,mujer,20,73.3,148.1,33.42,99.1,0.669,modulo_1,139.0,5.0,110.0,5.5,76.0,111.0,11.7,192.0,40.0,108.0,347.0,5.0,0.56,4.2,14.8,38.6,21.4,5.2,0.46,1.0,315.0,23.4,1,0.0,0.0,True
2022_26047018,1,hombre,49,91.05,168.9,31.92,115.3,0.683,modulo_1,188.0,4.0,630.0,6.3,87.0,134.0,26.1,182.0,39.0,110.0,295.0,3.7,0.59,3.5,14.8,,,,,,,,1,0.0,1.0,True
2022_26047019,1,hombre,55,52.15,159.3,20.55,82.4,0.517,modulo_1,106.0,3.0,300.0,,,,,,,,,,,,,,,,,,,,0,,,False
2022_26047020,2,mujer,40,91.9,160.4,35.72,116.4,0.726,modulo_1,115.0,5.0,30.0,5.2,96.0,103.0,15.7,87.0,37.0,50.0,138.0,3.9,0.64,2.6,13.8,12.3,21.4,5.3,0.51,1.4,216.0,29.0,1,0.0,0.0,True
2022_26047021,1,hombre,67,85.6,172.7,28.7,102.8,0.595,modulo_2,139.0,4.0,570.0,,,,,,,,,,,,,,,,,,,,0,,,False
2022_26047025,1,hombre,42,63.65,171.9,21.54,76.5,0.445,modulo_1,118.0,4.0,720.0,4.8,117.0,91.0,48.0,104.0,41.0,56.0,46.0,4.3,0.53,2.7,15.0,,,,,,,,0,0.0,0.0,True
2022_26047026,2,mujer,63,75.45,156.6,30.77,104.3,0.666,modulo_2,140.0,2.0,660.0,5.2,92.0,103.0,11.2,171.0,47.0,108.0,86.0,5.3,0.64,3.4,15.3,,,,,,,,0,0.0,0.0,True
2022_26047027,2,mujer,27,59.75,154.0,25.19,87.9,0.571,modulo_1,118.0,4.0,60.0,,,,,,,,,,,,,,,,,,,,1,,,False
2022_26047028,1,hombre,27,70.3,170.4,24.21,86.5,0.508,modulo_1,136.0,4.0,930.0,,,,,,,,,,,,,,,,,,,,0,,,False
2022_26047029,1,hombre,59,113.6,152.3,48.98,137.0,0.9,modulo_1,133.0,2.0,480.0,,,,,,,,,,,,,,,,,,,,1,,,False
2022_26047032,1,hombre,43,87.5,170.5,30.1,103.0,0.604,modulo_1,137.0,3.0,540.0,4.9,114.0,94.0,42.9,116.0,24.0,73.0,166.0,4.8,0.75,2.8,16.3,,,,,,,,1,0.0,0.0,True
2022_26047034,1,hombre,57,58.25,178.3,18.32,77.6,0.435,modulo_1,116.0,4.0,380.0,,,,,,,,,,,,,,,,,,,,0,,,False
2022_26047040,2,mujer,63,54.7,158.1,21.88,85.8,0.543,modulo_2,124.0,2.0,420.0,4.7,63.0,88.0,3.0,137.0,40.0,86.0,69.0,3.8,0.51,2.7,14.1,,,,,,,,0,0.0,0.0,True
2022_26047043,2,mujer,24,53.25,152.9,22.78,,,modulo_1,100.0,3.0,210.0,,,,,,,,,,,,,,,,,,,,0,,,False
2022_26047046,2,mujer,66,88.95,149.1,40.01,119.8,0.803,modulo_2,191.0,5.0,490.0,7.5,98.0,169.0,13.5,130.0,31.0,78.0,133.0,5.5,0.84,2.7,12.3,,,,,,,,0,1.0,1.0,True
2022_26047050,2,mujer,40,74.7,152.9,31.95,101.3,0.663,modulo_1,108.0,3.0,860.0,,,,,,,,,,,,,,,,,,,,1,,,False
2022_26047051,1,hombre,51,82.75,164.5,30.58,108.1,0.657,modulo_1,136.0,2.0,428.0,,,,,,,,,,,,,,,,,,,,1,,,False
2022_26055006,2,mujer,39,51.85,151.6,22.56,83.2,0.549,modulo_1,109.0,3.0,370.0,5.0,73.0,97.0,5.2,103.0,32.0,63.0,115.0,3.2,0.4,2.7,14.2,29.7,7.9,9.1,0.38,0.7,576.0,18.9,0,0.0,0.0,True
2022_26055011,2,mujer,22,118.4,157.0,48.03,,,modulo_1,111.0,2.0,540.0,,,,,,,,,,,,,,,,,,,,1,,,False
2022_26055012,1,hombre,14,84.0,164.1,31.19,,,modulo_1,115.0,2.0,420.0,,,,,,,,,,,,,,,,,,,,1,,,False
2022_26055016,2,mujer,54,83.25,156.4,34.03,105.1,0.672,modulo_1,118.0,1.0,570.0,5.2,93.0,103.0,8.0,112.0,30.0,80.0,77.0,4.5,0.62,2.6,13.5,,,,,,,,1,0.0,0.0,True
2022_26055017,1,hombre,46,67.85,163.5,25.38,83.9,0.513,modulo_1,108.0,2.0,420.0,,,,,,,,,,,,,,,,,,,,1,,,False
2022_26055020,1,hombre,42,90.35,175.1,29.47,106.1,0.606,modulo_1,147.0,1.0,300.0,5.1,88.0,100.0,45.0,196.0,32.0,128.0,231.0,5.6,1.0,3.4,16.1,,,,,,,,1,0.0,0.0,True
2022_26055021,2,mujer,46,91.1,155.3,37.77,101.0,0.65,modulo_1,110.0,5.0,790.0,,,,,,,,,,,,,,,,,,,,1,,,False
2022_26055027,2,mujer,45,87.15,158.4,34.73,113.4,0.716,modulo_1,117.0,3.0,630.0,5.0,75.0,97.0,10.1,122.0,42.0,79.0,66.0,3.8,0.54,2.6,13.7,17.8,22.5,8.0,0.4,1.3,297.0,28.9,1,0.0,0.0,True
2022_26055029,2,mujer,60,84.65,164.6,31.24,107.6,0.654,modulo_2,141.0,4.0,360.0,5.6,92.0,114.0,17.3,269.0,34.0,147.0,201.0,4.4,0.52,3.3,14.0,,,,,,,,1,0.0,0.0,True
2022_26055030,1,hombre,37,80.8,168.4,28.49,,,modulo_1,115.0,3.0,540.0,,,,,,,,,,,,,,,,,,,,1,,,False
2022_26055031,2,mujer,58,66.25,141.8,32.95,104.2,0.735,modulo_1,114.0,5.0,110.0,,,,,,,,,,,,,,,,,,,,1,,,False
2022_27002007,2,mujer,50,106.6,143.0,52.13,136.1,0.952,modulo_1,187.0,3.0,180.0,,,,,,,,,,,,,,,,,,,,1,,,False
2022_27002008,2,mujer,68,81.5,160.9,31.48,107.7,0.669,modulo_2,121.0,1.0,330.0,5.8,90.0,120.0,13.0,143.0,35.0,59.0,231.0,4.3,0.58,3.9,12.4,,,,,,,,0,0.0,1.0,True
2022_27002017,1,hombre,58,55.1,162.6,20.84,81.9,0.504,modulo_1,102.0,3.0,10.0,,,,,,,,,,,,,,,,,,,,1,,,False
2022_27002019,2,mujer,56,93.05,157.6,37.46,122.1,0.775,modulo_1,118.0,3.0,370.0,5.8,99.0,120.0,20.7,201.0,40.0,127.0,161.0,6.4,0.74,4.0,12.9,,,,,,,,1,0.0,1.0,True
2022_27002020,2,mujer,63,58.65,148.8,26.49,93.3,0.627,modulo_2,96.0,3.0,45.0,,,,,,,,,,,,,,,,,,,,1,,,False
2022_27002021,2,mujer,48,84.65,161.7,32.37,98.6,0.61,modulo_1,136.0,4.0,260.0,5.4,80.0,108.0,14.7,124.0,42.0,64.0,204.0,6.1,0.49,4.3,13.0,74.0,15.5,5.84,0.78,0.8,2775.0,23.3,1,0.0,0.0,True
2022_27002022,1,hombre,57,72.2,168.2,25.52,95.6,0.568,modulo_1,118.0,3.0,300.0,,,,,,,,,,,,,,,,,,,,1,,,False
2022_27002023,2,mujer,65,81.15,154.5,34.0,111.4,0.721,modulo_2,104.0,4.0,285.0,,,,,,,,,,,,,,,,,,,,0,,,False
2022_27002026,1,hombre,59,72.45,165.8,26.36,99.1,0.598,modulo_1,119.0,5.0,70.0,,,,,,,,,,,,,,,,,,,,1,,,False
2022_27002029,2,mujer,58,70.45,145.1,33.46,107.4,0.74,modulo_1,161.0,1.0,90.0,5.8,94.0,120.0,15.0,180.0,42.0,89.0,309.0,5.5,0.42,4.1,12.4,,,,,,,,1,0.0,1.0,True
2022_27002033,2,mujer,42,86.0,163.3,32.25,104.4,0.639,modulo_1,101.0,2.0,90.0,,,,,,,,,,,,,,,,,,,,1,,,False
2022_27002034,2,mujer,37,94.1,153.1,40.15,119.5,0.781,modulo_1,117.0,2.0,500.0,,,,,,,,,,,,,,,,,,,,1,,,False
2022_27002036,2,mujer,20,102.0,159.5,40.09,,,modulo_1,108.0,1.0,360.0,5.0,77.0,97.0,16.5,169.0,47.0,97.0,206.0,5.5,0.53,4.0,12.6,16.5,12.6,5.7,0.14,1.1,195.0,26.1,1,0.0,0.0,True
2022_27002037,2,mujer,27,85.15,154.0,35.9,,,modulo_1,110.0,4.0,515.0,5.4,85.0,108.0,14.8,157.0,51.0,97.0,70.0,4.1,0.47,4.2,12.3,9.9,24.1,6.9,0.72,0.6,197.0,28.6,1,0.0,0.0,True
2022_27002038,2,mujer,39,60.15,152.8,25.76,92.3,0.604,modulo_1,101.0,2.0,135.0,,,,,,,,,,,,13.8,,,,,,,,1,,,False
2022_27002040,1,hombre,53,68.98,153.4,29.31,,,modulo_1,115.0,4.0,705.0,,,,,,,,,,,,,,,,,,,,1,,,False
2022_27002042,1,hombre,68,75.9,164.9,27.91,105.1,0.637,modulo_2,141.0,1.0,1320.0,,,,,,,,,,,,,,,,,,,,0,,,False
2022_27002044,2,mujer,50,52.2,150.0,23.2,83.1,0.554,modulo_1,118.0,4.0,240.0,,,,,,,,,,,,,,,,,,,,0,,,False
2022_27002045,1,hombre,60,65.3,151.0,28.64,97.3,0.644,modulo_2,156.0,1.0,180.0,5.4,87.0,108.0,7.4,169.0,39.0,94.0,176.0,3.9,0.68,3.4,15.4,,,,,,,,0,0.0,0.0,True
2022_27002047,2,mujer,58,58.95,147.5,27.1,86.5,0.586,modulo_1,159.0,4.0,330.0,5.5,89.0,111.0,8.1,265.0,35.0,121.0,910.0,2.9,0.48,4.6,13.2,,,,,,,,1,0.0,0.0,True
2022_27002049,2,mujer,63,68.8,145.3,32.59,104.6,0.72,modulo_2,145.0,2.0,560.0,,,,,,,,,,,,,,,,,,,,0,,,False
2022_27002050,2,mujer,59,57.8,134.0,32.19,89.8,0.67,modulo_1,138.0,1.0,360.0,,,,,,,,,,,,,,,,,,,,1,,,False
2022_27002051,2,mujer,53,47.45,135.5,25.84,85.9,0.634,modulo_1,104.0,5.0,495.0,,,,,,,,,,,,,,,,,,,,1,,,False
2022_27002054,1,hombre,52,78.85,168.5,27.77,103.1,0.612,modulo_1,152.0,3.0,435.0,,,,,,,,,,,,,,,,,,,,1,,,False
2022_27002061,2,mujer,75,42.8,145.5,20.22,77.2,0.531,modulo_2,116.0,1.0,60.0,,,,,,,,,,,,,,,,,,,,1,,,False
2022_27002063,1,hombre,61,93.2,167.3,33.3,108.6,0.649,modulo_2,162.0,2.0,270.0,,,,,,,,,,,,,,,,,,,,0,,,False
2022_27004004,2,mujer,53,63.85,154.8,26.65,85.6,0.553,modulo_1,118.0,3.0,720.0,,,,,,,,,,,,,,,,,,,,1,,,False
2022_27004005,2,mujer,58,60.3,150.5,26.62,95.7,0.636,modulo_1,102.0,3.0,670.0,5.5,97.0,111.0,9.5,183.0,62.0,84.0,85.0,3.4,0.49,4.0,12.0,,,,,,,,1,0.0,0.0,True
2022_27004012,1,hombre,67,69.95,155.5,28.93,93.7,0.603,modulo_1,,4.0,50.0,,,,,,,,,,,,,,,,,,,,1,,,False
2022_27004013,2,mujer,72,72.45,149.2,32.55,105.2,0.705,modulo_2,191.0,4.0,420.0,5.5,105.0,111.0,30.7,211.0,57.0,128.0,161.0,8.7,0.91,4.1,13.5,,,,,,,,0,0.0,0.0,True
2022_27004014,2,mujer,67,60.5,146.3,28.27,97.6,0.667,modulo_2,122.0,5.0,240.0,,,,,,,,,,,,,,,,,,,,0,,,False
2022_27004018,2,mujer,60,68.55,146.1,32.11,100.6,0.689,modulo_2,129.0,5.0,480.0,5.7,89.0,117.0,9.0,150.0,38.0,103.0,97.0,4.3,0.62,3.9,13.5,,,,,,,,0,0.0,1.0,True
2022_27004020,2,mujer,66,57.95,148.7,26.21,90.4,0.608,modulo_2,121.0,4.0,210.0,,,,,,,,,,,,,,,,,,,,0,,,False
2022_27004021,2,mujer,57,94.8,158.6,37.69,122.6,0.773,modulo_1,112.0,4.0,190.0,5.2,97.0,103.0,30.6,160.0,47.0,87.0,98.0,6.2,0.73,4.0,11.9,,,,,,,,1,0.0,0.0,True
2022_27004024,1,hombre,58,98.2,168.5,34.59,125.4,0.744,modulo_1,135.0,2.0,480.0,5.7,89.0,117.0,16.9,163.0,42.0,94.0,139.0,6.7,0.6,4.3,15.8,,,,,,,,1,0.0,1.0,True
2022_27004030,2,mujer,56,60.6,146.6,28.2,91.4,0.623,modulo_1,112.0,2.0,930.0,,,,,,,,,,,,,,,,,,,,1,,,False
2022_27004033,1,hombre,42,92.2,170.3,31.79,104.2,0.612,modulo_1,131.0,2.0,430.0,,,,,,,,,,,,,,,,,,,,1,,,False
2022_27004034,1,hombre,69,60.9,156.4,24.9,93.9,0.6,modulo_2,133.0,1.0,315.0,5.9,96.0,123.0,5.8,178.0,32.0,123.0,136.0,5.6,0.68,3.8,13.0,,,,,,,,0,0.0,1.0,True
2022_27004035,2,mujer,61,85.3,168.5,30.04,97.7,0.58,modulo_1,121.0,4.0,150.0,,,,,,,,,,,,,,,,,,,,1,,,False
2022_27004036,2,mujer,56,57.45,147.1,26.55,88.2,0.6,modulo_1,114.0,5.0,1080.0,5.8,90.0,120.0,38.8,182.0,39.0,104.0,441.0,5.4,0.52,3.9,13.7,,,,,,,,1,0.0,1.0,True
2022_27004037,2,mujer,66,63.4,146.3,29.62,105.5,0.721,modulo_2,160.0,1.0,30.0,,,,,,,,,,,,,,,,,,,,1,,,False
2022_27004038,2,mujer,30,62.6,147.9,28.62,,,modulo_1,91.0,4.0,240.0,,,,,,,,,,,,,,,,,,,,0,,,False
2022_27004039,2,mujer,61,83.0,134.4,45.95,110.9,0.825,modulo_2,104.0,3.0,40.0,,,,,,,,,,,,,,,,,,,,1,,,False
2022_27004041,2,mujer,29,110.3,163.9,41.06,134.5,0.821,modulo_1,111.0,4.0,180.0,,,,,,,,,,,,12.8,16.1,33.8,9.62,0.6,1.3,112.0,27.0,1,,,False
2022_27005001,1,hombre,46,60.2,153.1,25.68,91.1,0.595,modulo_1,144.0,2.0,60.0,,,,,,,,,,,,,,,,,,,,1,,,False
2022_27005002,2,mujer,44,63.3,153.8,26.76,77.6,0.505,modulo_1,125.0,3.0,300.0,4.6,84.0,85.0,2.4,156.0,49.0,156.0,56.0,3.7,0.68,4.0,12.4,27.2,11.5,4.8,0.4,1.0,356.0,24.9,1,0.0,0.0,True
2022_27005005,2,mujer,56,69.0,147.0,31.93,100.4,0.683,modulo_1,141.0,4.0,300.0,5.6,104.0,114.0,14.0,155.0,36.0,94.0,178.0,5.4,0.63,3.6,12.9,,,,,,,,1,0.0,0.0,True
2022_27005008,2,mujer,46,50.43,145.8,23.72,89.2,0.612,modulo_1,101.0,4.0,180.0,,,,,,,,,,,,,,,,,,,,0,,,False
2022_27005014,2,mujer,54,60.35,158.5,24.02,88.4,0.558,modulo_1,99.0,4.0,720.0,,,,,,,,,,,,,,,,,,,,0,,,False
2022_27005015,1,hombre,35,95.45,176.1,30.78,110.4,0.627,modulo_1,128.0,2.0,180.0,,,,,,,,,,,,,,,,,,,,1,,,False
2022_27005018,1,hombre,38,59.7,155.7,24.63,,,modulo_1,115.0,3.0,370.0,,,,,,,,,,,,,,,,,,,,0,,,False
2022_27006001,2,mujer,50,48.3,146.9,22.38,,,modulo_1,117.0,2.0,540.0,,,,,,,,,,,,,,,,,,,,0,,,False
2022_27006008,1,hombre,43,78.05,164.5,28.84,95.9,0.583,modulo_1,129.0,,300.0,,,,,,,,,,,,,,,,,,,,1,,,False
2022_27006009,2,mujer,64,81.75,152.5,35.15,106.0,0.695,modulo_1,105.0,1.0,765.0,,,,,,,,,,,,,,,,,,,,1,,,False
2022_27006017,1,hombre,56,70.8,160.6,27.45,101.9,0.634,modulo_1,106.0,1.0,500.0,,,,,,,,,,,,,,,,,,,,1,,,False
2022_27006018,1,hombre,33,100.35,165.8,36.5,117.2,0.707,modulo_1,115.0,4.0,120.0,,,,,,,,,,,,,,,,,,,,1,,,False
2022_27006020,1,hombre,56,81.65,169.8,28.32,101.6,0.598,modulo_1,125.0,1.0,310.0,,,,,,,,,,,,,,,,,,,,1,,,False
2022_27006022,2,mujer,37,56.4,157.1,22.85,86.6,0.551,modulo_1,104.0,4.0,360.0,4.9,86.0,94.0,7.4,141.0,46.0,86.0,78.0,3.5,0.7,3.9,14.2,9.3,7.0,11.5,0.05,1.1,185.0,35.6,0,0.0,0.0,True
2022_27006025,2,mujer,49,86.15,159.7,33.78,102.8,0.644,modulo_1,139.0,3.0,210.0,,,,,,,,,,,,,,,,,,,,1,,,False
2022_27006026,2,mujer,70,,145.1,,,,modulo_2,138.0,1.0,300.0,,,,,,,,,,,,,,,,,,,,0,,,False
2022_27006028,1,hombre,63,70.4,157.4,28.42,103.3,0.656,modulo_2,175.0,1.0,550.0,5.7,82.0,117.0,9.3,111.0,28.0,70.0,120.0,5.9,0.72,3.0,15.7,,,,,,,,0,0.0,1.0,True
2022_27006030,2,mujer,24,67.25,152.5,28.92,88.0,0.577,modulo_1,89.0,4.0,180.0,,,,,,,,,,,,,,,,,,,,0,,,False
2022_27007005,1,hombre,18,62.25,164.0,23.14,,,modulo_1,115.0,1.0,920.0,,,,,,,,,,,,,,,,,,,,0,,,False
2022_27007007,2,mujer,52,84.65,151.0,37.13,107.0,0.709,modulo_1,142.0,5.0,20.0,,,,,,,,,,,,,,,,,,,,1,,,False
2022_27007010,1,hombre,37,56.7,151.4,24.74,83.2,0.55,modulo_1,124.0,4.0,810.0,,,,,,,,,,,,,,,,,,,,0,,,False
2022_27007011,2,mujer,15,59.1,160.0,23.09,,,modulo_1,115.0,2.0,660.0,,,,,,,,,,,,12.6,26.9,19.1,4.3,0.21,1.2,441.0,32.7,0,,,False
2022_27007014,2,mujer,85,69.1,146.0,32.42,,,modulo_2,135.0,2.0,630.0,,,,,,,,,,,,,,,,,,,,0,,,False
2022_27007016,2,mujer,55,69.25,150.6,30.53,93.4,0.62,modulo_1,154.0,1.0,960.0,5.6,87.0,114.0,18.3,165.0,48.0,106.0,113.0,3.6,0.59,3.7,13.5,,,,,,,,1,0.0,0.0,True
2022_27007017,1,hombre,48,86.25,167.6,30.71,104.7,0.625,modulo_1,132.0,4.0,850.0,5.2,75.0,103.0,10.4,145.0,36.0,90.0,273.0,4.4,0.46,2.8,14.2,,,,,,,,1,0.0,0.0,True
2022_27007019,2,mujer,56,79.7,154.8,33.26,106.9,0.691,modulo_1,122.0,2.0,600.0,6.1,85.0,128.0,19.0,273.0,78.0,175.0,172.0,2.8,0.56,3.7,14.5,,,,,,,,1,0.0,1.0,True
2022_27007021,2,mujer,57,75.4,151.4,32.89,110.3,0.729,modulo_1,121.0,3.0,370.0,11.6,243.0,286.0,10.0,239.0,55.0,157.0,196.0,5.0,0.73,3.8,15.5,,,,,,,,1,1.0,1.0,True
2022_27007022,2,mujer,28,59.15,166.0,21.47,77.3,0.466,modulo_1,102.0,4.0,130.0,5.4,86.0,108.0,4.7,132.0,44.0,86.0,38.0,2.4,0.49,3.6,11.5,3.5,17.9,4.3,0.11,1.8,152.0,21.5,1,0.0,0.0,True
2022_27007023,1,hombre,54,93.75,163.9,34.9,113.1,0.69,modulo_1,128.0,4.0,135.0,5.3,93.0,105.0,18.1,186.0,40.0,119.0,169.0,6.8,0.67,3.8,15.2,,,,,,,,1,0.0,0.0,True
2022_27007025,2,mujer,27,85.75,160.2,33.41,,,modulo_1,101.0,4.0,310.0,5.3,88.0,105.0,11.3,104.0,39.0,59.0,74.0,3.4,0.53,3.4,13.6,69.3,21.6,6.22,0.11,0.9,300.0,31.1,1,0.0,0.0,True
2022_27007026,2,mujer,43,76.55,155.4,31.7,95.1,0.612,modulo_1,119.0,1.0,420.0,5.7,90.0,117.0,11.1,140.0,37.0,87.0,137.0,4.5,0.55,3.4,12.8,5.8,16.8,7.5,0.46,1.2,358.0,26.0,1,0.0,1.0,True
2022_27008003,1,hombre,55,68.65,161.8,26.22,100.0,0.618,modulo_1,125.0,4.0,620.0,,,,,,,,,,,,,,,,,,,,1,,,False
2022_27008008,2,mujer,53,85.55,149.0,38.53,108.0,0.725,modulo_1,111.0,3.0,420.0,,,,,,,,,,,,,,,,,,,,1,,,False
2022_27008011,2,mujer,40,65.9,159.0,26.07,,,modulo_1,138.0,4.0,30.0,,,,,,,,,,,,,,,,,,,,1,,,False
2022_27008016,1,hombre,84,122.65,153.4,52.12,132.8,0.866,modulo_1,107.0,3.0,720.0,,,,,,,,,,,,,,,,,,,,1,,,False
2022_27008017,2,mujer,66,65.5,144.0,31.59,101.8,0.707,modulo_2,107.0,3.0,360.0,5.9,100.0,123.0,8.3,84.0,34.0,32.0,121.0,2.9,0.57,4.4,14.2,,,,,,,,0,0.0,1.0,True
2022_27008019,1,hombre,65,74.3,161.6,28.45,95.0,0.588,modulo_2,122.0,4.0,300.0,5.7,92.0,117.0,21.0,177.0,29.0,90.0,501.0,6.9,0.65,4.4,13.2,,,,,,,,0,0.0,1.0,True
2022_27008020,2,mujer,55,61.2,152.5,26.32,80.5,0.528,modulo_1,165.0,3.0,300.0,5.2,84.0,103.0,4.1,245.0,54.0,152.0,163.0,3.2,0.43,4.3,13.5,,,,,,,,1,0.0,0.0,True
2022_27008022,2,mujer,20,49.8,158.7,19.77,,,modulo_1,96.0,5.0,270.0,,,,,,,,,,,,,,,,,,,,0,,,False
2022_27008024,1,hombre,48,93.95,168.8,32.97,119.5,0.708,modulo_1,145.0,3.0,720.0,,,,,,,,,,,,,,,,,,,,1,,,False
2022_27008025,2,mujer,46,79.9,152.8,34.22,109.2,0.715,modulo_1,111.0,1.0,390.0,5.8,109.0,120.0,48.2,197.0,48.0,115.0,181.0,4.6,0.4,4.1,14.8,32.0,24.2,4.37,0.5,1.1,449.0,29.4,1,0.0,1.0,True
2022_27008028,2,mujer,29,87.9,167.5,31.33,,,modulo_1,96.0,4.0,60.0,5.0,76.0,97.0,7.4,230.0,72.0,126.0,177.0,3.8,0.32,3.3,12.8,7.4,22.2,4.18,1.57,1.3,212.0,43.4,1,0.0,0.0,True
2022_27008029,2,mujer,64,77.4,157.6,31.16,102.0,0.647,modulo_2,146.0,4.0,300.0,6.0,113.0,126.0,7.9,235.0,43.0,152.0,285.0,5.9,0.55,4.4,14.2,,,,,,,,1,0.0,1.0,True
2022_27008030,2,mujer,69,62.35,146.3,29.13,93.2,0.637,modulo_2,104.0,3.0,25.0,,,,,,,,,,,,,,,,,,,,1,,,False
2022_27008033,2,mujer,26,76.5,152.2,33.02,96.8,0.636,modulo_1,97.0,3.0,255.0,5.7,101.0,117.0,15.9,101.0,34.0,48.0,114.0,4.0,0.58,3.8,11.3,5.6,20.2,5.89,0.57,1.1,163.0,1.14,0,0.0,1.0,True
2022_27008035,1,hombre,51,64.7,154.0,27.28,,,modulo_2,126.0,2.0,160.0,5.5,91.0,111.0,10.7,172.0,38.0,113.0,129.0,6.6,0.84,4.1,15.1,,,,,,,,1,0.0,0.0,True
2022_27008036,1,hombre,67,54.15,167.3,19.35,72.4,0.433,modulo_2,139.0,2.0,30.0,,,,,,,,,,,,,,,,,,,,1,,,False
2022_27008037,1,hombre,58,90.75,164.2,33.66,114.8,0.699,modulo_1,127.0,3.0,40.0,7.8,90.0,177.0,7.7,198.0,44.0,106.0,179.0,7.5,1.25,4.2,12.6,,,,,,,,1,1.0,1.0,True
2022_27008042,1,hombre,72,66.9,160.9,25.84,96.9,0.602,modulo_2,196.0,3.0,300.0,5.4,82.0,108.0,2.9,208.0,59.0,129.0,120.0,5.8,1.2,4.1,13.6,,,,,,,,0,0.0,0.0,True
2022_27008044,1,hombre,67,64.7,154.0,27.28,,,modulo_2,131.0,5.0,120.0,,,,,,,,,,,,,,,,,,,,1,,,False
2022_27008045,2,mujer,63,99.65,153.5,42.29,127.8,0.833,modulo_2,149.0,2.0,300.0,7.1,140.0,157.0,13.4,206.0,39.0,136.0,139.0,4.3,0.36,3.9,13.2,,,,,,,,1,1.0,1.0,True
2022_27008053,2,mujer,55,79.65,145.6,37.57,109.0,0.749,modulo_1,101.0,2.0,195.0,,,,,,,,,,,,,,,,,,,,1,,,False
2022_27008056,2,mujer,41,60.85,150.3,26.94,,,modulo_1,132.0,4.0,360.0,,,,,,,,,,,,,,,,,,,,1,,,False
2022_27008057,2,mujer,51,59.8,147.4,27.52,91.1,0.618,modulo_1,107.0,2.0,200.0,,,,,,,,,,,,,,,,,,,,1,,,False
2022_27008058,2,mujer,54,70.5,146.4,32.89,99.1,0.677,modulo_1,136.0,2.0,210.0,5.7,84.0,117.0,13.0,185.0,36.0,89.0,280.0,5.2,0.64,4.3,13.8,,,,,,,,1,0.0,1.0,True
2022_27008060,2,mujer,25,69.5,158.1,27.8,91.6,0.579,modulo_1,103.0,5.0,40.0,,,,,,,,,,,,13.1,49.1,24.3,5.45,0.17,0.7,271.0,23.6,1,,,False
2022_27008063,2,mujer,68,70.1,149.9,31.2,101.2,0.675,modulo_2,138.0,5.0,480.0,,,,,,,,,,,,,,,,,,,,0,,,False
2022_27008064,2,mujer,52,51.4,162.6,19.44,,,modulo_1,115.0,3.0,360.0,,,,,,,,,,,,,,,,,,,,0,,,False
2022_27008065,2,mujer,51,69.45,159.0,27.47,98.4,0.619,modulo_1,104.0,2.0,420.0,5.6,78.0,114.0,4.4,157.0,40.0,89.0,155.0,3.4,0.42,3.8,11.8,,,,,,,,1,0.0,0.0,True
2022_27008066,2,mujer,31,50.9,147.1,23.52,,,modulo_1,96.0,1.0,80.0,,,,,,,,,,,,12.7,36.5,29.2,5.48,0.07,0.9,5052.0,33.2,1,,,False
2022_27008067,1,hombre,46,55.75,153.1,23.78,84.5,0.552,modulo_1,124.0,2.0,540.0,5.5,131.0,111.0,42.3,217.0,37.0,136.0,275.0,5.8,0.64,4.3,14.8,,,,,,,,1,0.0,0.0,True
2022_27010003,2,mujer,72,55.15,150.0,24.51,86.2,0.575,modulo_2,152.0,1.0,120.0,11.2,223.0,275.0,3.9,115.0,33.0,54.0,98.0,4.2,0.57,3.9,13.2,,,,,,,,1,1.0,1.0,True
2022_27010007,2,mujer,37,76.75,155.5,31.74,95.8,0.616,modulo_1,91.0,4.0,360.0,,,,,,,,,,,,13.0,17.2,17.4,5.66,1.1,1.2,316.0,30.8,0,,,False
2022_27010008,2,mujer,71,63.9,156.6,26.06,94.4,0.603,modulo_2,120.0,4.0,75.0,7.9,180.0,180.0,8.0,187.0,44.0,120.0,189.0,4.0,0.6,4.2,11.3,,,,,,,,1,1.0,1.0,True
2022_27010009,1,hombre,40,62.7,150.6,27.65,90.2,0.599,modulo_1,113.0,2.0,540.0,,,,,,,,,,,,,,,,,,,,1,,,False
2022_27010012,2,mujer,32,47.55,145.7,22.4,74.6,0.512,modulo_1,93.0,3.0,810.0,,,,,,,,,,,,11.2,37.6,24.0,6.02,0.39,1.1,1209.0,34.5,0,,,False
2022_27010013,2,mujer,65,72.45,152.6,31.11,98.2,0.644,modulo_2,153.0,3.0,60.0,,,,,,,,,,,,,,,,,,,,1,,,False
2022_27010018,1,hombre,39,86.75,172.5,29.15,107.3,0.622,modulo_1,147.0,3.0,600.0,,,,,,,,,,,,,,,,,,,,1,,,False
2022_27010019,1,hombre,60,70.15,167.0,25.15,98.1,0.587,modulo_2,118.0,5.0,1410.0,,,,,,,,,,,,,,,,,,,,0,,,False
2022_27010020,1,hombre,31,77.3,172.4,26.01,95.7,0.555,modulo_1,123.0,2.0,960.0,5.2,86.0,103.0,6.9,141.0,42.0,84.0,101.0,5.6,1.01,4.5,14.2,,,,,,,,1,0.0,0.0,True
2022_27010022,1,hombre,56,50.4,155.3,20.9,82.5,0.531,modulo_1,124.0,2.0,530.0,,,,,,,,,,,,,,,,,,,,0,,,False
2022_27010024,1,hombre,50,56.85,151.8,24.67,87.6,0.577,modulo_1,113.0,3.0,720.0,,,,,,,,,,,,,,,,,,,,0,,,False
2022_27010025,2,mujer,19,53.2,152.0,23.03,,,modulo_1,115.0,2.0,780.0,,,,,,,,,,,,,,,,,,,,0,,,False
2022_27010029,1,hombre,60,99.0,167.1,35.46,118.4,0.709,modulo_2,112.0,1.0,900.0,10.0,220.0,240.0,6.0,156.0,47.0,96.0,109.0,4.4,0.65,4.0,13.4,,,,,,,,0,1.0,1.0,True
2022_27010030,2,mujer,60,56.6,137.9,29.76,96.1,0.697,modulo_2,142.0,4.0,60.0,,,,,,,,,,,,,,,,,,,,1,,,False
2022_27013002,1,hombre,34,87.35,160.5,33.91,102.0,0.636,modulo_1,117.0,5.0,600.0,,,,,,,,,,,,,,,,,,,,1,,,False
2022_27013005,2,mujer,50,73.28,151.9,31.76,106.0,0.698,modulo_1,102.0,2.0,540.0,7.2,165.0,160.0,22.3,142.0,31.0,91.0,146.0,5.5,0.84,3.9,11.5,,,,,,,,1,1.0,1.0,True
2022_27013009,2,mujer,58,74.8,155.1,31.09,90.3,0.582,modulo_1,156.0,5.0,150.0,5.4,105.0,108.0,8.3,212.0,41.0,118.0,223.0,3.9,0.84,4.2,14.8,,,,,,,,1,0.0,0.0,True
2022_27013023,2,mujer,39,80.3,149.5,35.93,104.6,0.7,modulo_1,101.0,2.0,500.0,,,,,,,,,,,,13.0,4.5,8.9,10.14,0.06,1.2,129.0,17.7,1,,,False
2022_27013025,1,hombre,29,100.9,171.8,34.19,109.2,0.636,modulo_1,138.0,2.0,410.0,4.8,90.0,91.0,18.4,217.0,45.0,161.0,166.0,4.8,0.83,4.6,17.4,,,,,,,,1,0.0,0.0,True
2022_27017013,2,mujer,53,57.1,158.1,22.84,83.4,0.528,modulo_1,119.0,1.0,120.0,13.2,274.0,332.0,4.0,218.0,45.0,139.0,134.0,3.7,0.51,3.9,13.2,,,,,,,,1,1.0,1.0,True
2022_27017017,2,mujer,46,74.4,151.5,32.42,102.6,0.677,modulo_1,106.0,3.0,720.0,4.7,84.0,88.0,8.2,153.0,38.0,98.0,154.0,4.4,0.64,4.0,12.5,19.1,17.6,5.2,0.19,1.1,215.0,30.1,1,0.0,0.0,True
2022_27017023,1,hombre,29,84.3,167.7,29.98,97.0,0.578,modulo_1,112.0,5.0,240.0,5.4,88.0,108.0,14.0,228.0,41.0,134.0,350.0,6.7,0.72,4.4,15.0,,,,,,,,1,0.0,0.0,True
2022_28003003,1,hombre,65,55.55,169.1,19.43,69.1,0.409,modulo_1,115.0,4.0,130.0,,,,,,,,,,,,,,,,,,,,1,,,False
2022_28003009,2,mujer,41,65.75,156.0,27.02,82.4,0.528,modulo_1,130.0,4.0,300.0,,,,,,,,,,,,,,,,,,,,1,,,False
2022_28003017,2,mujer,29,77.8,159.0,30.77,102.5,0.645,modulo_1,126.0,2.0,505.0,5.6,58.0,114.0,8.0,106.0,25.0,76.0,64.0,2.9,0.27,2.3,13.4,62.1,9.2,6.2,0.4,0.9,227.0,26.5,1,0.0,0.0,True
2022_28003018,2,mujer,39,73.0,156.9,29.65,74.4,0.474,modulo_1,98.0,4.0,70.0,,,,,,,,,,,,,,,,,,,,1,,,False
2022_28003019,2,mujer,40,82.45,160.1,32.17,102.8,0.642,modulo_1,119.0,2.0,570.0,6.2,127.0,131.0,14.2,92.0,26.0,51.0,144.0,4.0,0.31,2.3,10.0,2.9,11.8,7.26,0.14,2.2,199.0,16.1,1,0.0,1.0,True
2022_28003021,2,mujer,64,120.45,148.2,54.84,141.5,0.955,modulo_2,120.0,3.0,345.0,,,,,,,,,,,,,,,,,,,,0,,,False
2022_28003023,2,mujer,30,61.9,140.9,31.18,86.5,0.614,modulo_1,86.0,5.0,720.0,,,,,,,,,,,,,,,,,,,,0,,,False
2022_28003026,1,hombre,27,129.05,183.0,38.54,130.0,0.71,modulo_1,130.0,4.0,610.0,,,,,,,,,,,,,,,,,,,,1,,,False
2022_28003030,2,mujer,53,64.35,154.5,26.96,95.2,0.616,modulo_1,120.0,5.0,190.0,5.8,85.0,120.0,14.5,117.0,31.0,81.0,82.0,5.7,0.45,2.3,14.1,,,,,,,,1,0.0,1.0,True
2022_28003034,2,mujer,33,75.4,156.8,30.67,100.0,0.638,modulo_1,109.0,4.0,180.0,6.3,120.0,134.0,6.1,108.0,35.0,57.0,103.0,3.4,0.56,3.0,14.0,78.8,17.2,4.6,0.2,0.5,267.0,28.7,1,0.0,1.0,True
2022_28003035,2,mujer,44,72.35,173.0,24.17,93.8,0.542,modulo_1,112.0,2.0,180.0,5.4,93.0,108.0,6.7,150.0,38.0,51.0,218.0,3.4,0.47,3.0,11.9,139.1,15.7,7.3,2.03,0.9,187.0,18.7,0,0.0,0.0,True
2022_28003036,2,mujer,27,72.0,153.0,30.76,100.5,0.657,modulo_1,117.0,4.0,120.0,,,,,,,,,,,,,,,,,,,,1,,,False
2022_28003037,1,hombre,55,75.75,163.4,28.37,97.8,0.599,modulo_1,141.0,1.0,580.0,5.0,79.0,97.0,21.6,126.0,27.0,89.0,66.0,4.0,0.72,2.6,11.7,,,,,,,,1,0.0,0.0,True
2022_28003038,1,hombre,55,76.5,158.3,30.53,103.6,0.654,modulo_1,133.0,1.0,275.0,,,,,,,,,,,,,,,,,,,,1,,,False
2022_28003042,1,hombre,53,84.85,157.0,34.42,109.9,0.7,modulo_1,131.0,3.0,310.0,,,,,,,,,,,,,,,,,,,,1,,,False
2022_28003045,2,mujer,41,100.6,160.4,39.1,121.0,0.754,modulo_1,120.0,2.0,620.0,,,,,,,,,,,,,,,,,,,,1,,,False
2022_28003049,1,hombre,59,80.85,169.6,28.11,102.2,0.603,modulo_1,148.0,3.0,960.0,,,,,,,,,,,,,,,,,,,,1,,,False
2022_28003051,2,mujer,24,46.2,150.0,20.53,73.0,0.487,modulo_1,105.0,4.0,620.0,,,,,,,,,,,,,,,,,,,,0,,,False
2022_28003054,2,mujer,49,69.95,146.0,32.82,106.4,0.729,modulo_1,128.0,1.0,340.0,5.8,86.0,120.0,4.5,101.0,32.0,60.0,69.0,3.7,0.33,2.8,13.5,54.6,16.4,4.2,0.9,0.8,6902.0,33.6,1,0.0,1.0,True
2022_28003063,2,mujer,47,90.3,158.5,35.94,112.3,0.709,modulo_1,114.0,4.0,390.0,5.4,89.0,108.0,20.7,141.0,41.0,11.1,67.0,3.9,0.58,3.2,12.7,37.4,8.8,5.72,1.26,0.8,809.0,25.6,1,0.0,0.0,True
2022_28003064,2,mujer,56,99.4,159.0,39.32,117.8,0.741,modulo_1,189.0,4.0,180.0,5.8,80.0,120.0,17.4,204.0,48.0,136.0,95.0,5.5,0.5,3.4,13.7,,,,,,,,1,0.0,1.0,True
2022_28003071,1,hombre,51,75.3,164.2,27.93,99.9,0.608,modulo_1,157.0,2.0,500.0,5.3,84.0,105.0,6.1,179.0,40.0,106.0,193.0,4.0,0.64,3.0,15.6,,,,,,,,1,0.0,0.0,True
2022_28003072,2,mujer,51,96.55,153.5,40.98,115.6,0.753,modulo_1,114.0,1.0,120.0,5.6,61.0,114.0,6.3,79.0,25.0,54.0,65.0,3.0,0.36,1.7,12.9,,,,,,,,1,0.0,0.0,True
2022_28003074,1,hombre,35,90.85,165.0,33.37,108.0,0.655,modulo_1,173.0,4.0,340.0,,,,,,,,,,,,,,,,,,,,1,,,False
2022_28009008,2,mujer,62,64.75,160.0,25.29,90.9,0.568,modulo_2,92.0,5.0,150.0,,,,,,,,,,,,,,,,,,,,1,,,False
2022_28009023,2,mujer,48,51.9,152.5,22.32,79.6,0.522,modulo_1,144.0,5.0,135.0,,,,,,,,,,,,,,,,,,,,1,,,False
2022_28017004,2,mujer,42,66.05,151.7,28.7,104.0,0.686,modulo_1,118.0,4.0,540.0,5.2,74.0,103.0,6.2,143.0,32.0,85.0,171.0,1.5,0.42,2.6,11.9,18.0,37.4,10.8,0.12,1.3,130.0,20.7,1,0.0,0.0,True
2022_28017006,1,hombre,45,96.9,170.1,33.49,114.8,0.675,modulo_1,135.0,5.0,600.0,6.5,97.0,140.0,13.9,172.0,39.0,118.0,89.0,5.6,0.77,3.7,16.4,,,,,,,,1,1.0,1.0,True
2022_28017008,2,mujer,44,69.2,150.3,30.63,100.0,0.665,modulo_1,157.0,5.0,180.0,,,,,,,,,,,,15.8,100.2,20.0,8.1,1.17,1.3,213.0,30.6,1,,,False
2022_28017009,2,mujer,67,84.2,154.0,35.5,114.2,0.742,modulo_2,141.0,4.0,120.0,6.0,97.0,126.0,16.3,104.0,25.0,66.0,155.0,4.3,0.51,2.4,14.6,,,,,,,,1,0.0,1.0,True
2022_28017010,2,mujer,30,101.1,160.3,39.34,117.5,0.733,modulo_1,125.0,4.0,420.0,,,,,,,,,,,,,,,,,,,,1,,,False
2022_28017011,2,mujer,71,80.25,155.5,33.19,107.0,0.688,modulo_2,161.0,4.0,360.0,9.6,239.0,229.0,3.4,119.0,29.0,68.0,149.0,2.2,0.41,2.8,13.7,,,,,,,,0,1.0,1.0,True
2022_28017012,1,hombre,44,94.2,159.6,36.98,115.4,0.723,modulo_1,153.0,3.0,240.0,,,,,,,,,,,,,,,,,,,,1,,,False
2022_28017015,2,mujer,45,86.65,163.6,32.37,106.6,0.652,modulo_1,158.0,5.0,670.0,,,,,,,,,,,,,,,,,,,,1,,,False
2022_28017018,1,hombre,53,85.05,175.9,27.49,102.2,0.581,modulo_1,134.0,2.0,255.0,,,,,,,,,,,,,,,,,,,,1,,,False
2022_28017020,2,mujer,75,35.85,142.5,17.65,74.2,0.521,modulo_2,189.0,3.0,410.0,5.2,80.0,103.0,1.7,100.0,26.0,83.0,68.0,3.0,0.49,2.2,11.8,,,,,,,,0,0.0,0.0,True
2022_28017022,1,hombre,84,53.75,153.0,22.96,88.9,0.581,modulo_2,120.0,4.0,610.0,5.2,76.0,103.0,3.5,113.0,43.0,62.0,29.0,5.4,0.82,3.3,14.2,,,,,,,,0,0.0,0.0,True
2022_28017023,2,mujer,59,84.1,160.4,32.69,96.9,0.604,modulo_1,100.0,4.0,615.0,,,,,,,,,,,,,,,,,,,,0,,,False
2022_28017028,2,mujer,52,77.2,156.6,31.48,108.3,0.692,modulo_1,121.0,3.0,180.0,6.0,82.0,126.0,11.3,119.0,24.0,82.0,128.0,5.5,0.45,2.6,13.7,,,,,,,,1,0.0,1.0,True
2022_28017029,2,mujer,61,73.5,154.5,30.79,104.3,0.675,modulo_2,131.0,3.0,75.0,5.9,84.0,123.0,13.6,195.0,51.0,133.0,122.0,4.9,0.64,3.3,13.8,,,,,,,,1,0.0,1.0,True
2022_28017030,2,mujer,30,107.4,157.1,43.52,115.6,0.736,modulo_1,129.0,4.0,165.0,5.1,67.0,100.0,11.0,70.0,22.0,47.0,65.0,3.4,0.35,2.0,12.6,18.1,16.8,5.8,0.57,1.0,225.0,24.6,1,0.0,0.0,True
2022_28018001,2,mujer,37,58.7,148.7,26.55,89.2,0.6,modulo_1,105.0,4.0,425.0,5.3,84.0,105.0,13.6,109.0,33.0,64.0,69.0,3.5,0.42,2.7,13.1,39.3,16.2,4.6,1.1,0.9,249.0,25.3,1,0.0,0.0,True
2022_28018003,2,mujer,26,75.5,152.0,32.68,101.1,0.665,modulo_1,116.0,4.0,235.0,,,,,,,,,,,,,,,,,,,,1,,,False
2022_28018005,1,hombre,54,83.55,162.0,31.84,103.8,0.641,modulo_1,147.0,4.0,810.0,,,,,,,,,,,,,,,,,,,,1,,,False
2022_28018006,1,hombre,45,72.4,170.1,25.02,95.3,0.56,modulo_1,127.0,5.0,480.0,4.8,66.0,91.0,1.3,151.0,43.0,89.0,86.0,3.3,0.6,3.1,16.0,,,,,,,,1,0.0,0.0,True
2022_28018008,2,mujer,58,71.35,148.5,32.35,115.0,0.774,modulo_1,169.0,4.0,30.0,,,,,,,,,,,,,,,,,,,,1,,,False
2022_28018012,2,mujer,49,87.9,153.6,37.26,99.0,0.645,modulo_1,151.0,3.0,120.0,5.5,82.0,111.0,17.9,133.0,26.0,96.0,101.0,4.4,0.47,2.5,14.5,284.6,18.1,5.0,0.98,0.7,2672.0,20.6,1,0.0,0.0,True
2022_28018019,2,mujer,56,79.8,163.3,29.92,98.8,0.605,modulo_1,147.0,3.0,910.0,5.3,85.0,105.0,7.7,205.0,40.0,261.0,284.0,1.9,0.51,3.6,13.2,,,,,,,,1,0.0,0.0,True
2022_28018021,2,mujer,48,62.05,153.4,26.37,93.3,0.608,modulo_1,136.0,1.0,510.0,,,,,,,,,,,,,,,,,,,,1,,,False
2022_28027001,1,hombre,26,80.1,170.0,27.72,96.5,0.568,modulo_1,106.0,4.0,120.0,5.1,84.0,100.0,11.6,120.0,26.0,66.0,174.0,7.6,0.77,3.8,15.1,,,,,,,,1,0.0,0.0,True
2022_28027010,1,hombre,40,70.45,166.5,25.41,,,modulo_1,115.0,3.0,540.0,,,,,,,,,,,,,,,,,,,,1,,,False
2022_28027012,2,mujer,23,68.5,158.6,27.23,88.1,0.555,modulo_1,113.0,5.0,780.0,,,,,,,,,,,,,,,,,,,,1,,,False
2022_28027017,1,hombre,23,58.9,145.4,27.86,89.0,0.612,modulo_1,118.0,1.0,340.0,,,,,,,,,,,,,,,,,,,,1,,,False
2022_28027018,2,mujer,30,54.7,153.1,23.34,90.5,0.591,modulo_1,113.0,4.0,70.0,,,,,,,,,,,,,,,,,,,,1,,,False
2022_28027019,2,mujer,26,67.55,155.0,28.12,,,modulo_1,112.0,4.0,195.0,4.5,60.0,82.0,4.3,68.0,24.0,47.0,59.0,3.6,0.22,1.5,12.4,14.9,17.5,4.8,0.29,1.0,391.0,22.0,1,0.0,0.0,True
2022_28027023,2,mujer,39,80.2,147.0,37.11,110.1,0.749,modulo_1,165.0,2.0,450.0,,,,,,,,,,,,,,,,,,,,1,,,False
2022_28027025,1,hombre,31,100.2,166.0,36.36,109.5,0.66,modulo_1,127.0,3.0,515.0,6.6,123.0,143.0,23.2,166.0,32.0,118.0,160.0,4.8,0.79,3.0,16.7,,,,,,,,1,1.0,1.0,True
2022_28027027,2,mujer,45,55.05,154.7,23.0,83.2,0.538,modulo_1,97.0,1.0,700.0,9.3,210.0,220.0,2.4,110.0,31.0,70.0,68.0,2.2,0.56,2.9,13.8,59.0,10.7,5.7,0.15,0.8,209.0,22.1,0,1.0,1.0,True
2022_28027029,1,hombre,57,68.5,157.6,27.58,97.3,0.617,modulo_1,177.0,1.0,210.0,,,,,,,,,,,,,,,,,,,,1,,,False
2022_28027032,2,mujer,26,119.55,163.0,45.0,,,modulo_1,115.0,1.0,460.0,,,,,,,,,,,,,,,,,,,,1,,,False
2022_28027034,2,mujer,24,54.8,158.5,21.81,75.8,0.478,modulo_1,117.0,3.0,480.0,,,,,,,,,,,,,,,,,,,,0,,,False
2022_28027036,1,hombre,45,77.25,163.2,29.0,103.5,0.634,modulo_1,142.0,3.0,60.0,,,,,,,,,,,,,,,,,,,,1,,,False
2022_28027040,2,mujer,47,102.25,150.2,45.32,,,modulo_1,101.0,5.0,880.0,,,,,,,,,,,,,,,,,,,,1,,,False
2022_28027044,1,hombre,42,66.4,169.8,23.03,88.6,0.522,modulo_1,117.0,5.0,260.0,,,,,,,,,,,,,,,,,,,,0,,,False
2022_28027047,2,mujer,40,72.1,145.8,33.92,105.4,0.723,modulo_1,111.0,1.0,90.0,,,,,,,,,,,,,,,,,,,,1,,,False
2022_28027048,1,hombre,35,90.25,173.8,29.88,101.1,0.582,modulo_1,122.0,3.0,280.0,10.8,239.0,263.0,26.8,120.0,31.0,66.0,169.0,4.1,0.52,3.7,17.3,,,,,,,,1,1.0,1.0,True
2022_28027049,1,hombre,31,60.85,155.0,25.33,88.0,0.568,modulo_1,129.0,3.0,300.0,5.1,64.0,100.0,5.1,110.0,30.0,73.0,113.0,3.0,0.4,2.2,11.3,,,,,,,,1,0.0,0.0,True
2022_28027056,2,mujer,16,41.75,153.3,17.77,,,modulo_1,115.0,1.0,570.0,,,,,,,,,,,,,,,,,,,,0,,,False
2022_28027057,1,hombre,56,68.55,161.8,26.18,,,modulo_1,115.0,4.0,75.0,,,,,,,,,,,,,,,,,,,,1,,,False
2022_28032005,2,mujer,36,110.6,157.0,44.87,124.3,0.792,modulo_1,117.0,2.0,68.0,,,,,,,,,,,,,,,,,,,,1,,,False
2022_28032007,2,mujer,24,48.2,148.4,21.89,78.8,0.531,modulo_1,95.0,3.0,600.0,,,,,,,,,,,,,,,,,,,,0,,,False
2022_28032016,2,mujer,22,78.7,145.6,37.12,113.3,0.778,modulo_1,115.0,5.0,105.0,5.2,88.0,103.0,11.3,172.0,41.0,106.0,148.0,5.1,0.4,3.5,13.3,65.7,20.2,3.3,0.84,0.9,280.0,27.1,1,0.0,0.0,True
2022_28032018,2,mujer,33,77.95,157.1,31.58,101.0,0.643,modulo_1,111.0,5.0,840.0,,,,,,,,,,,,11.3,8.9,17.3,7.4,1.9,1.8,171.0,34.3,1,,,False
2022_28032019,2,mujer,48,52.4,150.3,23.2,80.3,0.534,modulo_1,111.0,4.0,420.0,5.1,91.0,100.0,4.6,92.0,31.0,48.0,70.0,2.9,0.52,2.5,13.3,53.3,12.6,4.7,0.04,0.9,209.0,13.9,0,0.0,0.0,True
2022_28032020,2,mujer,54,92.05,142.8,45.14,127.6,0.894,modulo_1,117.0,3.0,780.0,,,,,,,,,,,,,,,,,,,,1,,,False
2022_28032028,2,mujer,30,80.45,150.8,35.38,116.0,0.769,modulo_1,97.0,5.0,320.0,,,,,,,,,,,,,,,,,,,,0,,,False
2022_28032029,2,mujer,59,61.8,146.6,28.76,92.0,0.628,modulo_1,159.0,1.0,15.0,,,,,,,,,,,,,,,,,,,,1,,,False
2022_28032030,2,mujer,64,43.5,138.7,22.61,79.5,0.573,modulo_2,119.0,1.0,60.0,,,,,,,,,,,,,,,,,,,,1,,,False
2022_28033005,1,hombre,41,90.5,161.0,34.91,110.2,0.684,modulo_1,152.0,1.0,90.0,5.7,88.0,117.0,8.6,122.0,28.0,83.0,152.0,4.2,0.58,2.8,16.7,,,,,,,,1,0.0,1.0,True
2022_28033006,1,hombre,33,66.45,165.9,24.14,91.5,0.552,modulo_1,144.0,4.0,740.0,,,,,,,,,,,,,,,,,,,,0,,,False
2022_28033015,1,hombre,41,89.95,170.2,31.05,106.9,0.628,modulo_1,115.0,2.0,137.0,5.1,78.0,100.0,6.7,128.0,27.0,77.0,85.0,4.2,0.52,2.9,14.9,,,,,,,,1,0.0,0.0,True
2022_28033017,1,hombre,57,71.82,171.0,24.56,,,modulo_1,115.0,1.0,165.0,,,,,,,,,,,,,,,,,,,,1,,,False
2022_28033018,2,mujer,39,96.65,155.5,39.97,122.1,0.785,modulo_1,130.0,4.0,360.0,,,,,,,,,,,,,,,,,,,,1,,,False
2022_28033021,2,mujer,28,82.35,159.6,32.33,,,modulo_1,105.0,3.0,1090.0,,,,,,,,,,,,,,,,,,,,1,,,False
2022_28038002,1,hombre,16,38.2,157.6,15.38,,,modulo_1,115.0,4.0,650.0,,,,,,,,,,,,,,,,,,,,0,,,False
2022_28038003,2,mujer,30,83.85,162.6,31.71,,,modulo_1,118.0,3.0,690.0,,,,,,,,,,,,,,,,,,,,1,,,False
2022_28038006,2,mujer,53,96.6,168.5,34.02,112.5,0.668,modulo_1,174.0,3.0,780.0,,,,,,,,,,,,,,,,,,,,1,,,False
2022_28038007,1,hombre,57,80.0,161.5,30.67,97.2,0.602,modulo_1,146.0,2.0,80.0,,,,,,,,,,,,,,,,,,,,1,,,False
2022_28038009,2,mujer,59,68.2,156.4,27.88,96.1,0.614,modulo_1,114.0,4.0,510.0,,,,,,,,,,,,,,,,,,,,1,,,False
2022_28038010,2,mujer,68,59.65,144.2,28.69,84.9,0.589,modulo_2,137.0,3.0,265.0,,,,,,,,,,,,,,,,,,,,0,,,False
2022_28038013,2,mujer,61,49.7,150.3,22.0,82.8,0.551,modulo_2,122.0,2.0,360.0,5.4,70.0,108.0,4.3,140.0,33.0,83.0,158.0,2.6,0.34,2.7,13.4,,,,,,,,0,0.0,0.0,True
2022_28038017,1,hombre,60,64.7,154.0,27.28,,,modulo_2,158.0,4.0,300.0,,,,,,,,,,,,,,,,,,,,0,,,False
2022_28038021,1,hombre,35,78.0,166.9,28.0,99.8,0.598,modulo_1,146.0,2.0,280.0,6.6,67.0,143.0,2.8,87.0,35.0,37.0,49.0,4.0,0.6,2.8,16.7,,,,,,,,1,1.0,1.0,True
2022_28038023,2,mujer,52,64.2,146.3,29.99,100.0,0.684,modulo_1,109.0,1.0,240.0,,,,,,,,,,,,,,,,,,,,1,,,False
2022_28038024,2,mujer,59,66.05,151.1,28.93,97.7,0.647,modulo_1,131.0,4.0,370.0,7.2,92.0,160.0,8.2,154.0,31.0,105.0,120.0,3.1,0.44,2.5,14.9,,,,,,,,1,1.0,1.0,True
2022_28038029,2,mujer,61,77.75,156.5,31.74,106.3,0.679,modulo_2,107.0,5.0,320.0,5.7,89.0,117.0,11.9,128.0,35.0,83.0,69.0,5.0,0.51,3.0,13.2,,,,,,,,0,0.0,1.0,True
2022_28038030,1,hombre,43,95.2,172.0,32.18,116.6,0.678,modulo_1,122.0,4.0,590.0,,,,,,,,,,,,,,,,,,,,1,,,False
2022_28038031,2,mujer,28,79.6,161.7,30.44,103.1,0.638,modulo_1,103.0,3.0,200.0,5.7,53.0,117.0,3.3,83.0,27.0,36.0,164.0,1.5,0.25,1.7,9.7,1.8,14.3,5.94,0.26,2.4,333.0,29.4,1,0.0,1.0,True
2022_28041003,2,mujer,41,70.0,152.5,30.1,95.0,0.623,modulo_1,152.0,2.0,50.0,4.9,70.0,94.0,7.4,85.0,22.0,55.0,142.0,2.7,0.47,2.3,12.4,6.3,22.9,4.9,0.4,1.7,269.0,37.1,1,0.0,0.0,True
2022_28041004,1,hombre,44,64.35,161.0,24.83,87.5,0.543,modulo_1,130.0,2.0,30.0,,,,,,,,,,,,,,,,,,,,1,,,False
2022_28041005,1,hombre,47,69.2,177.5,21.96,,,modulo_1,115.0,2.0,660.0,,,,,,,,,,,,,,,,,,,,0,,,False
2022_28041007,1,hombre,33,117.6,179.0,36.7,121.0,0.676,modulo_1,120.0,4.0,120.0,,,,,,,,,,,,,,,,,,,,1,,,False
2022_28041009,1,hombre,42,71.4,168.2,25.24,89.6,0.533,modulo_1,119.0,4.0,630.0,,,,,,,,,,,,,,,,,,,,1,,,False
2022_28041010,1,hombre,69,87.15,167.6,31.03,114.6,0.684,modulo_2,162.0,4.0,260.0,5.7,88.0,117.0,11.8,148.0,32.0,92.0,176.0,4.8,0.64,3.3,17.3,,,,,,,,0,0.0,1.0,True
2022_28041011,1,hombre,60,58.35,158.3,23.29,86.8,0.548,modulo_2,152.0,1.0,300.0,5.2,60.0,103.0,1.0,188.0,88.0,60.0,158.0,9.7,1.02,4.4,14.2,,,,,,,,0,0.0,0.0,True
2022_28041012,2,mujer,29,79.7,153.8,33.69,,,modulo_1,,4.0,180.0,,,,,,,,,,,,,,,,,,,,1,,,False
2022_28041014,1,hombre,67,61.9,153.3,26.34,95.2,0.621,modulo_2,177.0,2.0,150.0,4.8,82.0,91.0,1.8,166.0,48.0,109.0,63.0,7.0,0.74,3.8,16.2,,,,,,,,1,0.0,0.0,True
2022_28041017,1,hombre,69,72.65,159.9,28.41,102.4,0.64,modulo_2,165.0,4.0,190.0,,,,,,,,,,,,,,,,,,,,0,,,False
2022_28041023,2,mujer,42,115.1,166.9,41.32,,,modulo_1,143.0,2.0,90.0,5.9,76.0,123.0,20.3,82.0,24.0,44.0,77.0,3.2,0.5,2.3,12.1,5.3,18.3,5.19,1.03,1.8,203.0,20.7,1,0.0,1.0,True
2022_28041027,2,mujer,42,120.75,160.5,46.87,134.3,0.837,modulo_1,127.0,1.0,560.0,,,,,,,,,,,,,,,,,,,,1,,,False
2022_28041028,2,mujer,23,62.95,161.8,24.05,,,modulo_1,115.0,5.0,435.0,,,,,,,,,,,,,,,,,,,,0,,,False
2022_28041029,2,mujer,36,67.5,156.0,27.74,95.3,0.611,modulo_1,107.0,3.0,250.0,,,,,,,,,,,,,,,,,,,,1,,,False
2022_28041030,2,mujer,56,64.05,149.2,28.77,87.2,0.584,modulo_1,151.0,5.0,240.0,,,,,,,,,,,,,,,,,,,,1,,,False
2022_28041032,2,mujer,51,83.1,155.8,34.23,104.3,0.669,modulo_1,108.0,3.0,190.0,,,,,,,,,,,,,,,,,,,,1,,,False
2022_29007004,1,hombre,61,58.95,150.3,26.1,93.7,0.623,modulo_2,157.0,4.0,750.0,6.2,95.0,131.0,3.8,183.0,48.0,98.0,540.0,5.5,0.58,3.5,17.5,,,,,,,,0,0.0,1.0,True
2022_29007005,2,mujer,50,64.2,146.4,29.95,86.7,0.592,modulo_1,120.0,4.0,540.0,,,,,,,,,,,,,,,,,,,,1,,,False
2022_29007006,1,hombre,37,89.35,167.2,31.96,102.1,0.611,modulo_1,119.0,5.0,1028.0,,,,,,,,,,,,,,,,,,,,1,,,False
2022_29007009,2,mujer,60,66.25,143.6,32.13,106.5,0.742,modulo_2,185.0,4.0,375.0,,,,,,,,,,,,,,,,,,,,0,,,False
2022_29007010,1,hombre,66,62.25,154.3,26.15,94.9,0.615,modulo_2,168.0,4.0,540.0,5.8,112.0,120.0,13.9,157.0,47.0,84.0,418.0,6.1,0.82,3.3,15.9,,,,,,,,0,0.0,1.0,True
2022_29007011,2,mujer,35,51.45,145.8,24.2,80.5,0.552,modulo_1,111.0,2.0,360.0,,,,,,,,,,,,,,,,,,,,0,,,False
2022_29007012,1,hombre,46,94.7,146.1,44.37,120.2,0.823,modulo_1,135.0,4.0,400.0,,,,,,,,,,,,,,,,,,,,1,,,False
2022_29007013,2,mujer,35,83.4,152.8,35.72,104.5,0.684,modulo_1,106.0,5.0,300.0,,,,,,,,,,,,,,,,,,,,1,,,False
2022_29007016,2,mujer,42,72.15,150.4,31.9,95.4,0.634,modulo_1,127.0,3.0,270.0,5.5,90.0,111.0,9.7,87.0,19.0,63.0,123.0,3.6,0.46,1.9,11.1,10.1,10.3,6.27,0.1,1.6,167.0,15.6,1,0.0,0.0,True
2022_29007017,1,hombre,49,76.25,168.4,26.89,,,modulo_1,115.0,3.0,500.0,,,,,,,,,,,,,,,,,,,,1,,,False
2022_29007018,2,mujer,43,73.25,145.4,34.65,101.7,0.699,modulo_1,111.0,3.0,60.0,,,,,,,,,,,,,,,,,,,,1,,,False
2022_29007019,2,mujer,65,65.4,149.8,29.14,88.6,0.591,modulo_2,104.0,5.0,160.0,,,,,,,,,,,,,,,,,,,,1,,,False
2022_29007020,2,mujer,65,66.95,155.6,27.65,91.8,0.59,modulo_2,117.0,3.0,540.0,5.7,100.0,117.0,10.4,227.0,56.0,157.0,132.0,3.1,0.66,3.3,14.9,,,,,,,,0,0.0,1.0,True
2022_29007021,2,mujer,23,40.75,152.6,17.5,,,modulo_1,88.0,5.0,260.0,,,,,,,,,,,,,,,,,,,,0,,,False
2022_29007025,2,mujer,26,52.1,152.9,22.29,,,modulo_1,99.0,5.0,260.0,5.2,81.0,103.0,6.4,162.0,52.0,93.0,110.0,3.6,0.7,3.4,14.3,7.0,6.3,6.31,0.13,1.7,141.0,26.4,1,0.0,0.0,True
2022_29007027,2,mujer,62,61.6,140.5,31.21,104.0,0.74,modulo_2,128.0,4.0,405.0,,,,,,,,,,,,,,,,,,,,0,,,False
2022_29007029,2,mujer,62,51.3,150.5,22.65,90.3,0.6,modulo_2,128.0,2.0,490.0,,,,,,,,,,,,,,,,,,,,0,,,False
2022_29007030,2,mujer,24,57.45,158.4,22.9,77.8,0.491,modulo_1,120.0,3.0,495.0,,,,,,,,,,,,,,,,,,,,0,,,False
2022_29007033,2,mujer,43,59.6,148.1,27.17,85.5,0.577,modulo_1,96.0,4.0,420.0,,,,,,,,,,,,,,,,,,,,0,,,False
2022_29007036,2,mujer,31,75.9,159.5,29.83,94.0,0.589,modulo_1,110.0,4.0,460.0,5.1,92.0,100.0,9.3,111.0,58.0,48.0,50.0,4.1,0.51,3.1,13.3,16.0,114.4,6.5,0.02,1.6,557.0,17.7,1,0.0,0.0,True
2022_29007037,2,mujer,54,65.75,153.5,27.9,,,modulo_1,121.0,1.0,375.0,,,,,,,,,,,,,,,,,,,,1,,,False
2022_29007038,2,mujer,50,68.45,156.4,27.98,88.3,0.565,modulo_1,124.0,3.0,250.0,4.8,84.0,91.0,10.4,130.0,24.0,74.0,292.0,4.1,0.57,3.3,13.8,,,,,,,,1,0.0,0.0,True
2022_29013001,2,mujer,63,72.85,146.7,33.85,102.8,0.701,modulo_2,111.0,2.0,330.0,,,,,,,,,,,,,,,,,,,,0,,,False
2022_29013002,1,hombre,39,65.5,164.6,24.18,87.9,0.534,modulo_1,116.0,2.0,1080.0,,,,,,,,,,,,,,,,,,,,0,,,False
2022_29013004,2,mujer,61,44.7,149.5,20.0,77.9,0.521,modulo_2,138.0,2.0,600.0,,,,,,,,,,,,,,,,,,,,0,,,False
2022_29013005,1,hombre,26,63.7,175.8,20.61,77.6,0.441,modulo_1,113.0,3.0,250.0,5.2,64.0,103.0,0.9,68.0,31.0,34.0,74.0,4.0,0.77,3.5,17.1,,,,,,,,0,0.0,0.0,True
2022_29013009,2,mujer,65,51.3,141.0,25.8,90.0,0.638,modulo_2,150.0,5.0,190.0,9.7,102.0,232.0,17.2,227.0,50.0,129.0,326.0,5.3,0.63,4.3,15.3,,,,,,,,0,1.0,1.0,True
2022_29013010,1,hombre,47,68.3,168.5,24.06,77.1,0.458,modulo_1,128.0,2.0,795.0,,,,,,,,,,,,,,,,,,,,0,,,False
2022_29013011,1,hombre,52,95.65,166.0,34.71,107.0,0.645,modulo_1,118.0,3.0,660.0,,,,,,,,,,,,,,,,,,,,1,,,False
2022_29013012,1,hombre,51,77.4,166.1,28.05,94.6,0.57,modulo_1,117.0,4.0,570.0,,,,,,,,,,,,,,,,,,,,1,,,False
2022_29013013,1,hombre,62,75.65,153.6,32.06,104.6,0.681,modulo_2,127.0,3.0,660.0,5.6,96.0,114.0,6.5,103.0,30.0,79.0,73.0,4.9,0.74,2.8,17.5,,,,,,,,0,0.0,0.0,True
2022_29013014,2,mujer,52,62.4,151.2,27.29,93.1,0.616,modulo_1,100.0,3.0,250.0,5.7,99.0,117.0,18.3,118.0,34.0,81.0,62.0,4.6,0.66,3.2,15.6,,,,,,,,0,0.0,1.0,True
2022_29013015,2,mujer,43,59.65,149.9,26.55,85.6,0.571,modulo_1,107.0,3.0,240.0,4.7,58.0,88.0,35.3,137.0,53.0,80.0,73.0,4.6,0.67,3.3,13.6,10.9,21.0,10.11,0.59,2.1,181.0,13.3,1,0.0,0.0,True
2022_29013017,2,mujer,39,56.25,157.5,22.68,76.8,0.488,modulo_1,128.0,2.0,250.0,5.6,92.0,114.0,8.6,172.0,35.0,109.0,206.0,5.1,0.55,3.2,14.1,11.8,8.8,8.5,0.3,1.2,176.0,21.6,1,0.0,0.0,True
2022_29013018,2,mujer,55,72.5,150.0,32.22,101.0,0.673,modulo_1,110.0,2.0,390.0,4.8,92.0,91.0,10.7,162.0,38.0,100.0,197.0,5.0,0.6,3.5,16.5,,,,,,,,1,0.0,0.0,True
2022_29013019,2,mujer,35,83.45,153.8,35.28,95.5,0.621,modulo_1,108.0,3.0,315.0,,,,,,,,,,,,,,,,,,,,1,,,False
2022_29013021,2,mujer,22,51.8,156.8,21.07,79.1,0.504,modulo_1,89.0,2.0,660.0,5.1,91.0,100.0,18.2,87.0,31.0,40.0,70.0,3.2,0.49,3.5,8.5,5.2,7.8,8.22,0.07,1.1,253.0,19.3,0,0.0,0.0,True
2022_29013025,1,hombre,27,59.45,153.1,25.36,80.9,0.528,modulo_1,102.0,3.0,250.0,5.0,91.0,97.0,5.4,107.0,34.0,67.0,95.0,5.2,1.0,3.3,16.1,,,,,,,,1,0.0,0.0,True
2022_29013026,2,mujer,42,62.2,149.6,27.79,92.6,0.619,modulo_1,108.0,4.0,255.0,,,,,,,,,,,,,,,,,,,,1,,,False
2022_29013027,1,hombre,45,63.2,154.4,26.51,91.5,0.593,modulo_1,124.0,3.0,570.0,5.4,98.0,108.0,23.8,142.0,25.0,86.0,494.0,5.8,0.85,3.1,17.5,,,,,,,,1,0.0,0.0,True
2022_29013028,2,mujer,63,52.0,139.4,26.76,98.5,0.707,modulo_2,130.0,5.0,420.0,,,,,,,,,,,,,,,,,,,,0,,,False
2022_29013029,2,mujer,33,57.95,149.5,25.93,84.8,0.567,modulo_1,110.0,4.0,570.0,,,,,,,,,,,,,,,,,,,,1,,,False
2022_29013030,1,hombre,43,98.6,163.3,36.97,120.4,0.737,modulo_1,130.0,4.0,1050.0,,,,,,,,,,,,,,,,,,,,1,,,False
2022_29018001,1,hombre,59,69.28,164.5,25.6,95.2,0.579,modulo_1,151.0,4.0,600.0,,,,,,,,,,,,,,,,,,,,1,,,False
2022_29018003,1,hombre,52,58.4,152.9,24.98,81.6,0.534,modulo_1,108.0,1.0,690.0,,,,,,,,,,,,,,,,,,,,0,,,False
2022_29018004,1,hombre,27,69.95,152.8,29.96,97.8,0.64,modulo_1,115.0,2.0,780.0,,,,,,,,,,,,,,,,,,,,1,,,False
2022_29018005,2,mujer,63,60.9,141.7,30.33,102.1,0.721,modulo_2,155.0,4.0,440.0,,,,,,,,,,,,,,,,,,,,0,,,False
2022_29018006,1,hombre,45,76.45,165.8,27.81,97.4,0.587,modulo_1,129.0,2.0,210.0,,,,,,,,,,,,,,,,,,,,1,,,False
2022_29018008,2,mujer,44,69.15,147.0,32.0,97.0,0.66,modulo_1,131.0,2.0,475.0,5.1,73.0,100.0,9.0,142.0,42.0,96.0,66.0,3.3,0.62,3.4,14.1,23.4,22.5,7.25,1.22,1.9,210.0,17.6,1,0.0,0.0,True
2022_29018009,2,mujer,57,69.8,147.5,32.08,101.0,0.685,modulo_1,111.0,2.0,560.0,,,,,,,,,,,,,,,,,,,,1,,,False
2022_29018011,2,mujer,57,80.05,146.9,37.1,109.5,0.745,modulo_1,122.0,3.0,395.0,,,,,,,,,,,,,,,,,,,,1,,,False
2022_29018013,2,mujer,62,71.15,146.1,33.33,104.5,0.715,modulo_2,171.0,4.0,300.0,,,,,,,,,,,,,,,,,,,,0,,,False
2022_29018014,2,mujer,58,47.75,144.5,22.87,79.4,0.549,modulo_1,117.0,4.0,630.0,12.2,,303.0,5.7,205.0,61.0,121.0,123.0,2.2,0.38,3.9,15.1,,,,,,,,0,1.0,1.0,True
2022_29018015,2,mujer,58,65.35,148.1,29.79,,,modulo_1,101.0,4.0,480.0,6.0,137.0,126.0,15.8,191.0,44.0,120.0,130.0,4.8,0.55,4.0,13.5,,,,,,,,1,0.0,1.0,True
2022_29018018,2,mujer,59,65.2,162.8,24.6,88.6,0.544,modulo_1,130.0,2.0,290.0,,,,,,,,,,,,,,,,,,,,0,,,False
2022_29018021,1,hombre,32,66.2,160.8,25.6,98.2,0.611,modulo_1,128.0,2.0,505.0,,,,,,,,,,,,,,,,,,,,1,,,False
2022_29018023,1,hombre,39,66.5,155.5,27.5,96.7,0.622,modulo_1,113.0,2.0,420.0,5.2,113.0,103.0,81.0,213.0,50.0,131.0,281.0,8.0,0.74,4.6,16.9,,,,,,,,1,0.0,0.0,True
2022_29018024,1,hombre,55,65.3,159.1,25.8,92.3,0.58,modulo_1,123.0,4.0,210.0,,,,,,,,,,,,,,,,,,,,1,,,False
2022_29018025,2,mujer,58,98.25,151.9,42.58,110.0,0.724,modulo_1,94.0,3.0,180.0,,,,,,,,,,,,,,,,,,,,0,,,False
2022_29018028,2,mujer,70,65.5,151.0,28.73,104.0,0.689,modulo_2,147.0,2.0,270.0,,,,,,,,,,,,,,,,,,,,0,,,False
2022_29018030,1,hombre,47,70.3,160.0,27.46,93.8,0.586,modulo_1,112.0,4.0,630.0,,,,,,,,,,,,,,,,,,,,1,,,False
2022_29018034,2,mujer,45,59.0,150.2,26.15,91.9,0.612,modulo_1,105.0,3.0,420.0,5.0,90.0,97.0,5.7,108.0,29.0,74.0,96.0,4.8,0.58,3.3,15.2,49.6,31.4,5.85,0.12,1.1,269.0,20.8,1,0.0,0.0,True
2022_29031001,2,mujer,48,59.9,157.2,24.24,89.3,0.568,modulo_1,102.0,2.0,540.0,5.1,73.0,100.0,9.1,143.0,45.0,73.0,137.0,3.2,0.88,3.1,14.2,30.7,12.3,8.86,0.16,0.8,380.0,20.0,0,0.0,0.0,True
2022_29031002,2,mujer,67,59.2,143.3,28.83,96.1,0.671,modulo_2,146.0,4.0,30.0,8.5,160.0,197.0,76.5,110.0,31.0,68.0,161.0,7.5,1.45,3.2,13.8,,,,,,,,1,1.0,1.0,True
2022_29031003,2,mujer,47,73.35,161.3,28.19,87.5,0.542,modulo_1,125.0,2.0,325.0,,,,,,,,,,,,,,,,,,,,1,,,False
2022_29031009,2,mujer,91,48.65,145.2,23.08,87.5,0.603,modulo_2,134.0,3.0,300.0,,,,,,,,,,,,,,,,,,,,0,,,False
2022_29031011,2,mujer,15,57.6,164.2,21.36,,,modulo_1,115.0,4.0,308.0,,,,,,,,,,,,,,,,,,,,0,,,False
2022_29031015,2,mujer,65,56.45,142.2,27.92,93.9,0.66,modulo_2,112.0,3.0,390.0,9.3,152.0,220.0,6.3,132.0,42.0,71.0,193.0,4.2,0.51,3.5,13.8,,,,,,,,0,1.0,1.0,True
2022_29031019,2,mujer,30,67.45,156.7,27.47,91.3,0.583,modulo_1,142.0,3.0,240.0,,,,,,,,,,,,,,,,,,,,1,,,False
2022_29031020,2,mujer,39,57.4,145.4,27.15,82.7,0.569,modulo_1,99.0,2.0,630.0,,,,,,,,,,,,,,,,,,,,0,,,False
2022_29031021,2,mujer,35,73.9,153.2,31.49,97.3,0.635,modulo_1,113.0,4.0,300.0,5.0,82.0,97.0,18.2,161.0,36.0,115.0,226.0,4.8,0.79,3.2,9.3,2.3,12.0,9.84,0.07,3.1,147.0,15.7,1,0.0,0.0,True
2022_29031024,2,mujer,36,92.6,159.6,36.35,100.5,0.63,modulo_1,114.0,3.0,310.0,,,,,,,,,,,,,,,,,,,,1,,,False
2022_29031028,2,mujer,35,70.45,166.5,25.41,89.9,0.54,modulo_1,133.0,4.0,255.0,,,,,,,,,,,,,,,,,,,,1,,,False
2022_29031029,2,mujer,67,71.5,147.4,32.91,,,modulo_2,132.0,3.0,390.0,,,,,,,,,,,,,,,,,,,,0,,,False
2022_29031030,2,mujer,51,61.15,156.2,25.06,84.4,0.54,modulo_1,124.0,2.0,280.0,,,,,,,,,,,,,,,,,,,,1,,,False
2022_29031034,2,mujer,55,72.45,156.1,29.73,96.8,0.62,modulo_1,130.0,2.0,415.0,,,,,,,,,,,,,,,,,,,,1,,,False
2022_29031037,2,mujer,35,58.85,171.0,20.13,72.0,0.421,modulo_1,91.0,2.0,340.0,,,,,,,,,,,,,,,,,,,,0,,,False
2022_29043001,2,mujer,65,63.8,150.1,28.32,105.3,0.702,modulo_2,130.0,1.0,490.0,,,,,,,,,,,,,,,,,,,,0,,,False
2022_29043003,1,hombre,45,78.2,166.5,28.21,99.1,0.595,modulo_1,128.0,2.0,600.0,,,,,,,,,,,,,,,,,,,,1,,,False
2022_29043004,2,mujer,27,48.0,151.2,21.0,73.0,0.483,modulo_1,81.0,4.0,500.0,,,,,,,,,,,,,,,,,,,,0,,,False
2022_29043005,1,hombre,54,71.45,162.6,27.02,,,modulo_1,130.0,3.0,380.0,,,,,,,,,,,,,,,,,,,,1,,,False
2022_29043006,1,hombre,62,66.8,151.3,29.18,104.8,0.693,modulo_2,130.0,3.0,810.0,,,,,,,,,,,,,,,,,,,,0,,,False
2022_29043009,2,mujer,64,71.4,150.3,31.61,100.0,0.665,modulo_2,97.0,4.0,345.0,,,,,,,,,,,,,,,,,,,,0,,,False
2022_29043011,1,hombre,42,82.95,166.0,30.1,100.0,0.602,modulo_1,121.0,4.0,372.0,,,,,,,,,,,,,,,,,,,,1,,,False
2022_29043013,1,hombre,48,74.25,155.2,30.83,88.0,0.567,modulo_1,110.0,4.0,320.0,,,,,,,,,,,,,,,,,,,,1,,,False
2022_29043015,2,mujer,34,94.2,155.7,38.86,113.4,0.728,modulo_1,115.0,5.0,120.0,,,,,,,,,,,,,,,,,,,,1,,,False
2022_29043016,2,mujer,74,60.45,140.3,30.71,95.1,0.678,modulo_2,119.0,3.0,300.0,,,,,,,,,,,,,,,,,,,,0,,,False
2022_29043018,2,mujer,26,74.45,158.0,29.82,95.6,0.605,modulo_1,107.0,3.0,70.0,,,,,,,,,,,,,,,,,,,,1,,,False
2022_29043019,2,mujer,33,65.55,155.1,27.25,93.6,0.603,modulo_1,115.0,2.0,385.0,7.2,70.0,160.0,2.9,182.0,30.0,104.0,407.0,4.3,0.54,3.3,15.4,4.2,22.8,6.2,0.19,1.1,366.0,26.7,1,1.0,1.0,True
2022_29043022,1,hombre,28,93.7,164.8,34.5,106.9,0.649,modulo_1,127.0,5.0,480.0,,,,,,,,,,,,,,,,,,,,1,,,False
2022_29043023,1,hombre,49,61.75,163.9,22.99,85.7,0.523,modulo_1,135.0,4.0,600.0,,,,,,,,,,,,,,,,,,,,0,,,False
2022_29043024,2,mujer,51,71.6,146.3,33.45,112.6,0.77,modulo_1,114.0,3.0,420.0,,,,,,,,,,,,,,,,,,,,1,,,False
2022_29043025,2,mujer,61,54.9,152.0,23.76,89.3,0.588,modulo_2,168.0,4.0,120.0,,,,,,,,,,,,,,,,,,,,1,,,False
2022_29043027,1,hombre,64,87.6,160.6,33.96,110.4,0.687,modulo_2,149.0,3.0,360.0,5.4,92.0,108.0,3.7,146.0,40.0,82.0,192.0,7.3,0.85,3.9,19.1,,,,,,,,0,0.0,0.0,True
2022_29043029,2,mujer,60,72.1,148.7,32.61,107.1,0.72,modulo_2,175.0,5.0,70.0,,,,,,,,,,,,,,,,,,,,1,,,False
2022_29043031,1,hombre,63,74.0,170.0,25.61,97.5,0.574,modulo_2,138.0,2.0,495.0,4.9,90.0,94.0,20.8,88.0,26.0,62.0,144.0,5.2,0.86,2.5,15.1,,,,,,,,0,0.0,0.0,True
2022_29043032,2,mujer,41,70.2,150.8,30.87,98.7,0.655,modulo_1,88.0,5.0,315.0,,,,,,,,,,,,,,,,,,,,0,,,False
2022_29058001,1,hombre,58,72.55,160.7,28.09,95.9,0.597,modulo_1,140.0,2.0,210.0,,,,,,,,,,,,,,,,,,,,1,,,False
2022_29058002,2,mujer,45,58.35,146.5,27.19,81.5,0.556,modulo_1,121.0,3.0,555.0,,,,,,,,,,,,,,,,,,,,1,,,False
2022_29058005,1,hombre,59,73.4,160.7,28.42,96.0,0.597,modulo_1,140.0,3.0,315.0,,,,,,,,,,,,,,,,,,,,1,,,False
2022_29058007,2,mujer,30,70.5,156.3,28.86,,,modulo_1,105.0,4.0,210.0,,,,,,,,,,,,,,,,,,,,1,,,False
2022_29058009,2,mujer,65,72.65,151.2,31.78,101.4,0.671,modulo_2,113.0,4.0,660.0,,,,,,,,,,,,,,,,,,,,0,,,False
2022_29058010,1,hombre,41,66.2,172.1,22.35,86.8,0.504,modulo_1,102.0,4.0,600.0,5.4,76.0,108.0,2.8,160.0,39.0,109.0,94.0,4.1,0.87,3.6,16.1,,,,,,,,0,0.0,0.0,True
2022_29058013,1,hombre,48,72.3,157.4,29.18,104.8,0.666,modulo_1,148.0,5.0,600.0,,,,,,,,,,,,,,,,,,,,1,,,False
2022_29058014,2,mujer,35,98.1,158.8,38.9,113.2,0.713,modulo_1,139.0,4.0,740.0,,,,,,,,,,,,13.8,16.6,15.2,8.5,2.07,1.4,176.0,19.8,1,,,False
2022_29058018,2,mujer,34,50.8,146.5,23.67,65.7,0.448,modulo_1,90.0,3.0,75.0,7.3,105.0,163.0,14.5,134.0,49.0,75.0,194.0,3.7,0.42,3.8,13.8,13.8,18.3,6.0,0.25,0.9,143.0,26.1,1,1.0,1.0,True
2022_29058019,1,hombre,50,80.8,166.6,29.11,104.3,0.626,modulo_1,118.0,3.0,620.0,,,,,,,,,,,,,,,,,,,,1,,,False
2022_29058021,2,mujer,46,54.15,146.9,25.09,80.3,0.547,modulo_1,121.0,3.0,240.0,,,,,,,,,,,,,,,,,,,,1,,,False
2022_29058023,2,mujer,90,58.3,140.3,29.62,104.6,0.746,modulo_2,151.0,4.0,420.0,,,,,,,,,,,,,,,,,,,,0,,,False
2022_29058027,2,mujer,50,57.7,149.0,25.99,87.5,0.587,modulo_1,132.0,4.0,170.0,,,,,,,,,,,,,,,,,,,,1,,,False
2022_30033001,2,mujer,58,68.75,145.4,32.52,105.6,0.726,modulo_1,158.0,4.0,140.0,6.2,134.0,131.0,4.5,133.0,30.0,87.0,119.0,3.9,0.45,3.1,14.6,,,,,,,,1,0.0,1.0,True
2022_30033002,2,mujer,31,89.9,148.6,40.71,,,modulo_1,111.0,3.0,400.0,,,,,,,,,,,,,,,,,,,,1,,,False
2022_30033003,2,mujer,35,61.35,153.0,26.21,94.6,0.618,modulo_1,121.0,1.0,90.0,,,,,,,,,,,,,,,,,,,,1,,,False
2022_30033006,1,hombre,58,68.4,152.8,29.3,102.0,0.668,modulo_1,119.0,3.0,60.0,5.5,81.0,111.0,3.4,108.0,26.0,81.0,78.0,6.0,0.69,3.0,14.3,,,,,,,,1,0.0,0.0,True
2022_30033007,1,hombre,60,60.55,164.4,22.4,85.0,0.517,modulo_2,123.0,3.0,140.0,,,,,,,,,,,,,,,,,,,,1,,,False
2022_30033008,1,hombre,66,65.55,153.4,27.86,105.8,0.69,modulo_2,164.0,4.0,60.0,,,,,,,,,,,,,,,,,,,,1,,,False
2022_30033013,2,mujer,56,63.65,142.2,31.48,107.4,0.755,modulo_1,109.0,4.0,260.0,,,,,,,,,,,,,,,,,,,,1,,,False
2022_30033015,2,mujer,65,54.05,143.9,26.1,86.5,0.601,modulo_2,136.0,5.0,180.0,11.5,242.0,283.0,7.2,314.0,34.0,113.0,1154.0,2.9,0.46,3.9,11.1,,,,,,,,1,1.0,1.0,True
2022_30033017,2,mujer,52,84.0,157.5,33.86,108.0,0.686,modulo_1,119.0,5.0,260.0,,,,,,,,,,,,,,,,,,,,1,,,False
2022_30033019,2,mujer,66,77.65,150.5,34.28,,,modulo_2,137.0,4.0,25.0,,,,,,,,,,,,,,,,,,,,1,,,False
2022_30033020,1,hombre,58,61.95,159.0,24.5,81.0,0.509,modulo_1,116.0,3.0,540.0,,,,,,,,,,,,,,,,,,,,0,,,False
2022_30033022,2,mujer,58,86.0,167.5,30.65,102.0,0.609,modulo_1,105.0,4.0,480.0,,,,,,,,,,,,,,,,,,,,1,,,False
2022_30033023,2,mujer,56,77.3,149.0,34.82,101.0,0.678,modulo_1,115.0,3.0,580.0,,,,,,,,,,,,,,,,,,,,1,,,False
2022_30033025,1,hombre,48,63.05,153.4,26.79,90.4,0.589,modulo_1,145.0,1.0,480.0,5.8,91.0,120.0,5.4,102.0,34.0,71.0,91.0,4.1,0.62,3.0,14.4,,,,,,,,1,0.0,1.0,True
2022_30033026,1,hombre,48,60.4,146.4,28.18,88.0,0.601,modulo_1,92.0,2.0,600.0,,,,,,,,,,,,,,,,,,,,0,,,False
2022_30033027,1,hombre,69,73.5,162.0,28.01,99.8,0.616,modulo_2,144.0,2.0,330.0,,,,,,,,,,,,,,,,,,,,0,,,False
2022_30033029,2,mujer,32,60.4,158.2,24.13,,,modulo_1,118.0,3.0,60.0,,,,,,,,,,,,,,,,,,,,1,,,False
2022_30033030,1,hombre,40,89.4,171.2,30.5,101.4,0.592,modulo_1,135.0,2.0,1080.0,,,,,,,,,,,,,,,,,,,,1,,,False
2022_30039001,1,hombre,34,104.2,173.1,34.78,115.9,0.67,modulo_1,133.0,3.0,840.0,,,,,,,,,,,,,,,,,,,,1,,,False
2022_30039002,2,mujer,36,105.08,155.8,43.29,123.3,0.791,modulo_1,122.0,4.0,570.0,,,,,,,,,,,,,,,,,,,,1,,,False
2022_30039003,2,mujer,35,55.6,156.0,22.85,,,modulo_1,100.0,3.0,60.0,,,,,,,,,,,,,,,,,,,,1,,,False
2022_30039006,1,hombre,43,77.65,161.6,29.73,105.3,0.652,modulo_1,113.0,4.0,1560.0,,,,,,,,,,,,,,,,,,,,1,,,False
2022_30039007,2,mujer,41,60.8,147.7,27.87,84.8,0.574,modulo_1,113.0,3.0,420.0,,,,,,,,,,,,,,,,,,,,1,,,False
2022_30039008,2,mujer,42,65.15,158.1,26.06,90.2,0.571,modulo_1,117.0,4.0,480.0,,,,,,,,,,,,,,,,,,,,1,,,False
2022_30039009,1,hombre,51,90.7,167.5,32.33,115.8,0.691,modulo_1,129.0,1.0,720.0,,,,,,,,,,,,,,,,,,,,1,,,False
2022_30039010,2,mujer,25,65.25,160.5,25.33,,,modulo_1,107.0,5.0,720.0,,,,,,,,,,,,,,,,,,,,1,,,False
2022_30039011,2,mujer,46,60.7,146.6,28.24,86.0,0.587,modulo_1,101.0,1.0,1095.0,9.2,188.0,217.0,6.3,133.0,37.0,92.0,121.0,2.9,0.37,2.7,13.5,54.8,29.9,5.92,0.28,1.0,359.0,18.5,1,1.0,1.0,True
2022_30039012,2,mujer,33,74.75,159.0,29.57,88.0,0.553,modulo_1,104.0,4.0,290.0,,,,,,,,,,,,,,,,,,,,1,,,False
2022_30039013,2,mujer,35,77.2,158.0,30.92,104.3,0.66,modulo_1,96.0,4.0,320.0,5.4,86.0,108.0,9.5,183.0,51.0,107.0,137.0,3.3,0.49,3.7,13.8,28.6,17.7,5.9,0.54,0.7,245.0,20.7,0,0.0,0.0,True
2022_30039016,2,mujer,30,51.95,150.8,22.84,79.4,0.527,modulo_1,94.0,3.0,375.0,,,,,,,,,,,,,,,,,,,,0,,,False
2022_30039017,1,hombre,48,97.9,165.0,35.96,107.5,0.652,modulo_1,139.0,4.0,330.0,,,,,,,,,,,,,,,,,,,,1,,,False
2022_30039020,1,hombre,26,60.9,155.4,25.22,,,modulo_1,115.0,3.0,450.0,,,,,,,,,,,,,,,,,,,,1,,,False
2022_30039021,1,hombre,70,67.6,157.9,27.11,101.4,0.642,modulo_2,153.0,2.0,735.0,5.1,76.0,100.0,8.2,127.0,26.0,90.0,92.0,5.3,0.72,2.8,15.8,,,,,,,,0,0.0,0.0,True
2022_30039023,1,hombre,24,42.6,152.8,18.25,,,modulo_1,115.0,5.0,690.0,,,,,,,,,,,,,,,,,,,,0,,,False
2022_30039027,1,hombre,55,70.85,171.7,24.03,98.2,0.572,modulo_1,115.0,4.0,1210.0,,,,,,,,,,,,,,,,,,,,0,,,False
2022_30087003,2,mujer,68,62.0,157.9,24.87,91.3,0.578,modulo_2,123.0,5.0,460.0,,,,,,,,,,,,,,,,,,,,0,,,False
2022_30087005,2,mujer,52,80.3,164.7,29.6,,,modulo_1,97.0,2.0,693.0,5.7,97.0,117.0,29.4,142.0,37.0,92.0,163.0,5.5,0.7,3.6,13.2,,,,,,,,0,0.0,1.0,True
2022_30087007,2,mujer,46,88.6,150.8,38.96,114.7,0.761,modulo_1,93.0,2.0,380.0,,,,,,,,,,,,,,,,,,,,0,,,False
2022_30087008,1,hombre,39,74.0,159.0,29.27,95.9,0.603,modulo_1,131.0,3.0,620.0,,,,,,,,,,,,,,,,,,,,1,,,False
2022_30087010,2,mujer,53,114.8,156.2,47.05,115.2,0.738,modulo_1,120.0,5.0,310.0,,,,,,,,,,,,,,,,,,,,1,,,False
2022_30087025,2,mujer,27,124.1,159.6,48.72,135.5,0.849,modulo_1,87.0,4.0,740.0,,,,,,,,,,,,,,,,,,,,0,,,False
2022_30087029,2,mujer,36,71.3,160.2,27.78,,,modulo_1,115.0,2.0,630.0,,,,,,,,,,,,,,,,,,,,1,,,False
2022_30087030,2,mujer,47,61.95,150.9,27.21,87.4,0.579,modulo_1,97.0,4.0,540.0,,,,,,,,,,,,,,,,,,,,0,,,False
2022_30087032,1,hombre,40,77.0,161.4,29.56,96.1,0.595,modulo_1,110.0,2.0,600.0,,,,,,,,,,,,,,,,,,,,1,,,False
2022_30087033,1,hombre,31,121.35,171.9,41.07,137.4,0.799,modulo_1,123.0,4.0,740.0,,,,,,,,,,,,,,,,,,,,1,,,False
2022_30087034,2,mujer,60,64.95,141.1,32.62,103.4,0.733,modulo_2,130.0,2.0,780.0,5.5,80.0,111.0,7.8,142.0,36.0,104.0,117.0,4.6,0.6,2.8,15.5,,,,,,,,0,0.0,0.0,True
2022_30123001,1,hombre,69,79.45,158.0,31.83,112.8,0.714,modulo_2,104.0,5.0,195.0,,,,,,,,,,,,,,,,,,,,0,,,False
2022_30123002,2,mujer,29,73.1,161.6,27.99,,,modulo_1,130.0,1.0,165.0,,,,,,,,,,,,,,,,,,,,1,,,False
2022_30123003,1,hombre,46,95.4,164.4,35.3,115.7,0.704,modulo_1,90.0,5.0,320.0,,,,,,,,,,,,,,,,,,,,0,,,False
2022_30123004,2,mujer,62,96.65,169.2,33.76,111.4,0.658,modulo_1,124.0,4.0,170.0,,,,,,,,,,,,,,,,,,,,1,,,False
2022_30123005,2,mujer,33,64.7,148.0,29.54,96.5,0.652,modulo_1,102.0,5.0,180.0,,,,,,,,,,,,11.4,5.8,14.7,6.65,0.2,1.3,168.0,26.6,1,,,False
2022_30123006,2,mujer,35,66.6,151.0,29.21,96.4,0.638,modulo_1,122.0,2.0,395.0,6.2,101.0,131.0,13.4,84.0,25.0,56.0,154.0,4.1,0.5,2.2,13.0,22.4,10.1,8.7,0.57,1.0,150.0,29.9,1,0.0,1.0,True
2022_30123008,2,mujer,44,102.05,152.3,44.0,,,modulo_1,99.0,4.0,240.0,,,,,,,,,,,,,,,,,,,,0,,,False
2022_30123009,2,mujer,64,55.9,143.4,27.18,91.5,0.638,modulo_2,148.0,4.0,220.0,,,,,,,,,,,,,,,,,,,,0,,,False
2022_30123011,1,hombre,70,63.25,164.4,23.4,95.4,0.58,modulo_2,121.0,3.0,720.0,,,,,,,,,,,,,,,,,,,,0,,,False
2022_30123012,2,mujer,80,44.55,139.5,22.89,74.4,0.533,modulo_2,135.0,2.0,500.0,,,,,,,,,,,,,,,,,,,,0,,,False
2022_30123015,1,hombre,65,77.8,162.4,29.5,104.5,0.643,modulo_2,146.0,2.0,130.0,5.1,236.0,100.0,12.7,141.0,38.0,96.0,125.0,4.2,0.69,3.7,15.9,,,,,,,,1,0.0,0.0,True
2022_30123016,1,hombre,27,86.65,174.2,28.55,99.0,0.568,modulo_1,117.0,2.0,420.0,,,,,,,,,,,,,,,,,,,,1,,,False
2022_30123017,2,mujer,64,61.65,149.9,27.44,89.0,0.594,modulo_2,174.0,4.0,255.0,,,,,,,,,,,,,,,,,,,,0,,,False
2022_30123018,1,hombre,58,78.7,167.5,28.05,103.2,0.616,modulo_1,137.0,3.0,80.0,5.7,95.0,117.0,4.2,150.0,42.0,109.0,90.0,4.3,0.77,3.4,13.4,,,,,,,,1,0.0,1.0,True
2022_30123019,2,mujer,64,64.95,154.4,27.24,93.3,0.604,modulo_2,122.0,2.0,450.0,,,,,,,,,,,,,,,,,,,,0,,,False
2022_30123028,2,mujer,67,65.25,152.0,28.24,94.0,0.618,modulo_2,147.0,,15.0,5.9,87.0,123.0,6.4,101.0,38.0,69.0,59.0,3.9,1.1,2.6,11.1,,,,,,,,1,0.0,1.0,True
2022_30124002,2,mujer,52,65.8,142.5,32.4,104.8,0.735,modulo_1,112.0,3.0,130.0,5.5,83.0,111.0,9.0,91.0,30.0,56.0,68.0,3.9,0.53,3.0,13.6,,,,,,,,1,0.0,0.0,True
2022_30124003,2,mujer,65,44.85,139.6,23.01,89.3,0.64,modulo_2,168.0,3.0,480.0,,,,,,,,,,,,,,,,,,,,0,,,False
2022_30124005,1,hombre,54,56.5,154.0,23.82,87.7,0.569,modulo_1,139.0,4.0,570.0,,,,,,,,,,,,,,,,,,,,0,,,False
2022_30124007,2,mujer,63,54.45,143.0,26.63,,,modulo_2,130.0,1.0,30.0,,,,,,,,,,,,,,,,,,,,1,,,False
2022_30124008,2,mujer,22,55.65,155.8,22.93,79.5,0.51,modulo_1,94.0,4.0,130.0,,,,,,,,,,,,,,,,,,,,1,,,False
2022_30124009,2,mujer,53,56.6,149.8,25.22,89.8,0.599,modulo_1,145.0,2.0,180.0,,,,,,,,,,,,,,,,,,,,1,,,False
2022_30124010,2,mujer,32,88.8,153.4,37.74,112.5,0.733,modulo_1,121.0,3.0,175.0,,,,,,,,,,,,,,,,,,,,1,,,False
2022_30124012,2,mujer,76,64.7,154.0,27.28,,,modulo_2,134.0,4.0,680.0,,,,,,,,,,,,,,,,,,,,0,,,False
2022_30124013,1,hombre,74,56.5,149.2,25.38,100.5,0.674,modulo_2,156.0,4.0,570.0,,,,,,,,,,,,,,,,,,,,0,,,False
2022_30124015,2,mujer,50,95.6,151.4,41.71,128.0,0.845,modulo_1,133.0,4.0,390.0,,,,,,,,,,,,,,,,,,,,1,,,False
2022_30131002,2,mujer,34,69.95,151.0,30.68,103.5,0.685,modulo_1,133.0,2.0,45.0,14.0,288.0,355.0,4.0,159.0,32.0,99.0,190.0,3.2,0.42,2.9,14.3,87.4,32.6,8.33,0.97,1.3,323.0,28.8,1,1.0,1.0,True
2022_30131005,2,mujer,65,51.6,140.5,26.14,90.8,0.646,modulo_2,140.0,2.0,120.0,,,,,,,,,,,,,,,,,,,,1,,,False
2022_30131008,2,mujer,68,56.65,144.7,27.06,85.8,0.593,modulo_2,135.0,4.0,200.0,5.7,86.0,117.0,8.8,72.0,28.0,50.0,60.0,2.6,0.67,1.9,12.5,,,,,,,,0,0.0,1.0,True
2022_30131011,2,mujer,44,70.25,152.7,30.13,,,modulo_1,129.0,4.0,685.0,,,,,,,,,,,,,,,,,,,,1,,,False
2022_30131015,1,hombre,55,56.3,147.0,26.05,87.3,0.594,modulo_1,130.0,2.0,280.0,,,,,,,,,,,,,,,,,,,,1,,,False
2022_30131020,1,hombre,45,69.4,162.2,26.38,96.4,0.594,modulo_1,100.0,4.0,680.0,7.5,207.0,169.0,13.6,160.0,30.0,87.0,382.0,3.6,0.58,3.6,15.4,,,,,,,,0,1.0,1.0,True
2022_30131021,2,mujer,63,73.95,155.6,30.54,109.0,0.701,modulo_2,148.0,4.0,430.0,,,,,,,,,,,,,,,,,,,,0,,,False
2022_30131025,2,mujer,23,60.9,159.0,24.09,80.3,0.505,modulo_1,112.0,5.0,720.0,,,,,,,,,,,,,,,,,,,,0,,,False
2022_30159002,2,mujer,20,51.6,146.2,24.14,,,modulo_1,112.0,5.0,450.0,,,,,,,,,,,,,,,,,,,,0,,,False
2022_30159003,2,mujer,38,57.95,145.0,27.56,,,modulo_1,105.0,5.0,240.0,,,,,,,,,,,,,,,,,,,,1,,,False
2022_30159004,2,mujer,4,,,,,,modulo_1,115.0,2.0,540.0,,,,,,,,,,,,,,,,,,,,0,,,False
2022_30159006,2,mujer,36,70.5,149.8,31.42,,,modulo_1,126.0,4.0,540.0,,,,,,,,,,,,,,,,,,,,1,,,False
2022_30159007,2,mujer,68,69.6,148.4,31.6,,,modulo_2,149.0,3.0,120.0,,,,,,,,,,,,,,,,,,,,1,,,False
2022_30159011,2,mujer,46,48.1,147.6,22.08,,,modulo_1,126.0,5.0,616.0,,,,,,,,,,,,,,,,,,,,0,,,False
2022_30159013,1,hombre,49,73.9,158.9,29.27,104.5,0.658,modulo_1,110.0,5.0,690.0,5.7,94.0,117.0,4.7,154.0,31.0,109.0,187.0,6.8,0.67,3.7,16.8,,,,,,,,1,0.0,1.0,True
2022_30159015,2,mujer,51,52.7,141.4,26.36,,,modulo_1,115.0,2.0,440.0,,,,,,,,,,,,,,,,,,,,1,,,False
2022_30159017,2,mujer,29,75.0,147.0,34.71,,,modulo_1,140.0,4.0,360.0,,,,,,,,,,,,,,,,,,,,1,,,False
2022_30159020,2,mujer,57,48.57,147.4,22.35,,,modulo_1,167.0,5.0,660.0,,,,,,,,,,,,,,,,,,,,0,,,False
2022_30159021,1,hombre,51,72.75,163.1,27.35,96.4,0.591,modulo_1,148.0,4.0,50.0,,,,,,,,,,,,,,,,,,,,1,,,False
2022_30159022,1,hombre,45,71.55,159.9,27.98,98.9,0.619,modulo_1,139.0,4.0,420.0,,,,,,,,,,,,,,,,,,,,1,,,False
2022_30159023,2,mujer,51,51.25,147.5,23.56,86.2,0.584,modulo_1,123.0,5.0,240.0,,,,,,,,,,,,,,,,,,,,0,,,False
2022_30159024,1,hombre,59,75.05,149.2,33.71,,,modulo_1,117.0,4.0,308.0,,,,,,,,,,,,,,,,,,,,1,,,False
2022_30159025,2,mujer,50,50.0,143.9,24.15,91.5,0.636,modulo_1,188.0,5.0,420.0,,,,,,,,,,,,,,,,,,,,0,,,False
2022_30159029,2,mujer,31,65.3,151.9,28.3,98.5,0.648,modulo_1,119.0,4.0,200.0,,,,,,,,,,,,,,,,,,,,1,,,False
2022_30159030,2,mujer,37,55.55,141.7,27.67,95.6,0.675,modulo_1,122.0,5.0,810.0,,,,,,,,,,,,,,,,,,,,1,,,False
2022_30167001,2,mujer,12,38.3,147.5,17.6,,,modulo_1,115.0,1.0,570.0,,,,,,,,,,,,13.0,18.6,19.2,4.16,0.13,1.0,213.0,14.4,0,,,False
2022_30167004,2,mujer,45,71.2,150.5,31.43,100.4,0.667,modulo_1,112.0,5.0,390.0,,,,,,,,,,,,,,,,,,,,1,,,False
2022_30167005,2,mujer,52,62.25,144.0,30.02,96.8,0.672,modulo_1,147.0,4.0,560.0,,,,,,,,,,,,,,,,,,,,1,,,False
2022_30167006,2,mujer,74,41.5,139.1,21.45,87.9,0.632,modulo_2,185.0,4.0,120.0,,,,,,,,,,,,,,,,,,,,1,,,False
2022_30167009,2,mujer,33,46.7,150.0,20.76,,,modulo_1,84.0,4.0,310.0,,,,,,,,,,,,,,,,,,,,0,,,False
2022_30167010,2,mujer,61,60.1,152.3,25.91,,,modulo_2,99.0,4.0,180.0,5.6,95.0,114.0,6.2,136.0,36.0,99.0,86.0,3.1,0.54,3.2,13.9,,,,,,,,0,0.0,0.0,True
2022_30167011,1,hombre,42,84.65,167.2,30.28,107.2,0.641,modulo_1,111.0,2.0,420.0,,,,,,,,,,,,,,,,,,,,1,,,False
2022_30167012,2,mujer,30,68.05,149.8,30.33,94.3,0.63,modulo_1,112.0,4.0,105.0,5.6,91.0,114.0,12.0,134.0,47.0,83.0,107.0,5.0,0.45,4.1,13.6,13.8,18.3,8.08,0.7,0.8,180.0,25.7,1,0.0,0.0,True
2022_30167016,1,hombre,24,76.45,175.2,24.91,88.6,0.506,modulo_1,125.0,3.0,630.0,,,,,,,,,,,,,,,,,,,,1,,,False
2022_30167018,1,hombre,43,66.2,158.5,26.35,92.1,0.581,modulo_1,135.0,4.0,550.0,,,,,,,,,,,,,,,,,,,,1,,,False
2022_30167019,2,mujer,48,53.55,144.5,25.65,89.6,0.62,modulo_1,120.0,4.0,640.0,,,,,,,,,,,,,,,,,,,,1,,,False
2022_30167020,2,mujer,65,77.5,151.2,33.9,111.8,0.739,modulo_2,164.0,3.0,170.0,8.4,180.0,194.0,6.7,154.0,42.0,99.0,183.0,3.0,0.47,3.1,12.5,,,,,,,,1,1.0,1.0,True
2022_30167024,1,hombre,49,58.85,152.0,25.47,89.0,0.586,modulo_1,107.0,4.0,800.0,,,,,,,,,,,,,,,,,,,,1,,,False
2022_30167027,2,mujer,54,69.15,152.0,29.93,103.4,0.68,modulo_1,147.0,4.0,200.0,10.7,368.0,260.0,44.2,143.0,25.0,100.0,232.0,3.3,0.48,3.2,13.9,,,,,,,,1,1.0,1.0,True
2022_30167028,2,mujer,32,50.35,151.4,21.97,84.5,0.558,modulo_1,120.0,4.0,165.0,10.8,259.0,263.0,6.1,170.0,38.0,87.0,400.0,2.5,0.42,3.6,14.5,17.3,15.7,4.91,0.25,1.1,295.0,22.0,1,1.0,1.0,True
2022_30201001,1,hombre,65,88.4,162.3,33.56,110.1,0.678,modulo_2,135.0,3.0,920.0,,,,,,,,,,,,,,,,,,,,0,,,False
2022_30201004,2,mujer,54,59.25,154.5,24.82,,,modulo_1,115.0,2.0,540.0,5.9,101.0,123.0,10.6,137.0,36.0,90.0,99.0,5.5,0.64,3.3,14.2,,,,,,,,0,0.0,1.0,True
2022_30201009,1,hombre,63,41.4,154.0,17.46,68.5,0.445,modulo_2,92.0,1.0,450.0,17.2,586.0,447.0,0.6,97.0,49.0,40.0,94.0,3.7,0.7,3.0,12.7,,,,,,,,0,1.0,1.0,True
2022_30201010,2,mujer,32,55.8,159.7,21.88,82.4,0.516,modulo_1,107.0,2.0,840.0,,,,,,,,,,,,14.4,13.4,22.5,9.64,0.17,1.5,139.0,25.9,0,,,False
2022_30201012,2,mujer,67,52.85,143.9,25.52,83.9,0.583,modulo_2,175.0,4.0,182.0,,,,,,,,,,,,,,,,,,,,0,,,False
2022_30201016,2,mujer,68,35.95,132.4,20.51,77.4,0.585,modulo_2,133.0,5.0,540.0,,,,,,,,,,,,,,,,,,,,0,,,False
2022_30201017,2,mujer,32,68.8,151.4,30.01,98.6,0.651,modulo_1,100.0,4.0,370.0,,,,,,,,,,,,,,,,,,,,0,,,False
2022_30201018,1,hombre,64,50.35,148.6,22.8,,,modulo_1,91.0,5.0,480.0,,,,,,,,,,,,,,,,,,,,0,,,False
2022_30201020,1,hombre,31,61.05,168.4,21.53,82.1,0.488,modulo_1,121.0,3.0,690.0,5.2,81.0,103.0,4.9,126.0,49.0,70.0,73.0,4.4,0.79,3.8,17.9,,,,,,,,0,0.0,0.0,True
2022_30201021,2,mujer,64,63.35,141.6,31.6,106.2,0.75,modulo_2,147.0,5.0,370.0,,,,,,,,,,,,,,,,,,,,0,,,False
2022_30201022,1,hombre,79,68.4,163.5,25.59,93.1,0.569,modulo_2,172.0,4.0,1120.0,,,,,,,,,,,,,,,,,,,,0,,,False
2022_30201024,2,mujer,54,61.75,144.8,29.45,98.9,0.683,modulo_1,158.0,3.0,510.0,,,,,,,,,,,,,,,,,,,,1,,,False
2022_30201025,1,hombre,43,70.4,156.1,28.89,97.0,0.621,modulo_1,,5.0,660.0,5.4,84.0,108.0,5.0,177.0,48.0,100.0,466.0,6.8,0.67,3.3,17.9,,,,,,,,1,0.0,0.0,True
2022_30201026,2,mujer,58,62.9,143.5,30.55,93.9,0.654,modulo_1,152.0,1.0,240.0,5.4,95.0,108.0,9.3,136.0,40.0,99.0,68.0,4.8,0.59,3.3,14.5,,,,,,,,1,0.0,0.0,True
2022_30201027,2,mujer,56,66.6,142.1,32.98,,,modulo_1,131.0,1.0,360.0,,,,,,,,,,,,,,,,,,,,1,,,False
2022_30206001,1,hombre,53,87.85,169.5,30.58,108.8,0.642,modulo_1,127.0,3.0,590.0,,,,,,,,,,,,,,,,,,,,1,,,False
2022_30206002,2,mujer,41,66.0,151.5,28.76,92.0,0.607,modulo_1,108.0,5.0,680.0,,,,,,,,,,,,,,,,,,,,1,,,False
2022_30206005,2,mujer,51,114.8,157.0,46.57,126.9,0.808,modulo_1,103.0,4.0,320.0,,,,,,,,,,,,,,,,,,,,1,,,False
2022_30206007,2,mujer,48,102.0,153.0,43.57,,,modulo_1,120.0,2.0,420.0,,,,,,,,,,,,,,,,,,,,1,,,False
2022_30206008,2,mujer,41,60.0,164.5,22.17,91.0,0.553,modulo_1,102.0,1.0,540.0,,,,,,,,,,,,,,,,,,,,0,,,False
2022_30206012,1,hombre,52,50.5,165.5,18.44,,,modulo_1,115.0,4.0,450.0,,,,,,,,,,,,,,,,,,,,0,,,False
2022_30206014,1,hombre,71,104.0,165.6,37.92,122.7,0.741,modulo_1,119.0,1.0,580.0,,,,,,,,,,,,,,,,,,,,1,,,False
2022_30206015,2,mujer,57,88.2,153.3,37.53,119.8,0.781,modulo_1,118.0,1.0,300.0,,,,,,,,,,,,,,,,,,,,1,,,False
2022_30206017,1,hombre,48,108.45,172.1,36.62,124.3,0.722,modulo_1,117.0,2.0,575.0,5.4,99.0,108.0,6.5,119.0,37.0,56.0,165.0,6.3,0.83,3.8,15.0,,,,,,,,1,0.0,0.0,True
2022_30206019,1,hombre,47,93.9,154.1,39.54,105.1,0.682,modulo_1,107.0,4.0,480.0,,,,,,,,,,,,,,,,,,,,1,,,False
2022_30206020,1,hombre,38,69.5,169.1,24.31,90.8,0.537,modulo_1,117.0,5.0,805.0,,,,,,,,,,,,,,,,,,,,0,,,False
2022_30206022,2,mujer,53,71.65,150.4,31.68,106.8,0.71,modulo_1,132.0,4.0,360.0,11.5,,283.0,,,,,,,,,14.9,,,,,,,,1,1.0,1.0,True
2022_31038001,2,mujer,35,62.4,150.0,27.73,88.5,0.59,modulo_1,96.0,4.0,490.0,,,,,,,,,,,,14.4,15.6,15.9,6.1,0.02,1.1,286.0,31.9,0,,,False
2022_31038002,1,hombre,27,57.3,153.0,24.48,80.0,0.523,modulo_1,119.0,2.0,900.0,4.6,82.0,85.0,1.8,119.0,38.0,74.0,155.0,6.0,0.86,3.2,17.4,,,,,,,,0,0.0,0.0,True
2022_31038003,1,hombre,47,67.35,151.0,29.54,92.0,0.609,modulo_1,150.0,2.0,240.0,5.1,114.0,100.0,9.1,157.0,59.0,86.0,114.0,7.6,0.72,3.9,15.4,,,,,,,,1,0.0,0.0,True
2022_31038004,2,mujer,27,62.0,148.0,28.31,82.0,0.554,modulo_1,115.0,4.0,370.0,4.9,80.0,94.0,10.0,151.0,49.0,95.0,111.0,5.5,0.58,3.8,14.4,60.7,27.7,7.4,0.1,0.5,110.0,19.5,1,0.0,0.0,True
2022_31038006,2,mujer,32,78.75,155.9,32.4,97.6,0.626,modulo_1,97.0,4.0,570.0,,,,,,,,,,,,,,,,,,,,0,,,False
2022_31038007,2,mujer,66,64.7,154.0,27.28,,,modulo_2,177.0,2.0,360.0,,,,,,,,,,,,,,,,,,,,0,,,False
2022_31038010,2,mujer,51,60.4,147.1,27.91,81.8,0.556,modulo_1,136.0,4.0,540.0,5.6,108.0,114.0,8.5,161.0,38.0,97.0,175.0,5.0,0.48,3.6,11.5,,,,,,,,1,0.0,0.0,True
2022_31038011,2,mujer,58,68.2,140.9,34.35,94.0,0.667,modulo_1,148.0,3.0,660.0,,,,,,,,,,,,,,,,,,,,1,,,False
2022_31038013,1,hombre,44,85.3,163.9,31.75,104.2,0.636,modulo_1,121.0,2.0,510.0,5.5,85.0,111.0,5.3,152.0,39.0,120.0,135.0,5.2,0.89,3.0,13.6,,,,,,,,1,0.0,0.0,True
2022_31038016,2,mujer,51,68.8,149.0,30.99,92.7,0.622,modulo_1,134.0,2.0,300.0,,,,,,,,,,,,,,,,,,,,1,,,False
2022_31038021,1,hombre,45,70.8,162.9,26.68,84.2,0.517,modulo_1,115.0,4.0,830.0,5.2,99.0,103.0,4.4,232.0,54.0,124.0,170.0,5.3,1.01,4.5,14.5,,,,,,,,1,0.0,0.0,True
2022_31038022,2,mujer,69,65.1,135.6,35.4,98.1,0.723,modulo_2,139.0,1.0,240.0,4.8,89.0,91.0,6.6,155.0,41.0,83.0,160.0,6.3,0.6,3.9,12.4,,,,,,,,0,0.0,0.0,True
2022_31038024,1,hombre,41,83.55,171.9,28.27,101.0,0.588,modulo_1,123.0,3.0,530.0,5.4,85.0,108.0,5.8,163.0,38.0,119.0,115.0,4.9,0.83,2.9,12.8,,,,,,,,1,0.0,0.0,True
2022_31038025,2,mujer,55,73.05,148.0,33.35,101.0,0.682,modulo_1,166.0,4.0,390.0,,,,,,,,,,,,,,,,,,,,1,,,False
2022_31038028,1,hombre,59,74.45,159.0,29.45,99.0,0.623,modulo_1,160.0,2.0,540.0,,,,,,,,,,,,,,,,,,,,1,,,False
2022_31038032,2,mujer,23,68.1,146.9,31.56,,,modulo_1,95.0,4.0,660.0,5.2,85.0,103.0,15.3,179.0,52.0,106.0,121.0,4.7,0.58,4.5,13.2,60.6,15.2,5.2,0.06,0.7,192.0,22.4,0,0.0,0.0,True
2022_31041004,1,hombre,58,71.5,154.4,29.99,94.2,0.61,modulo_1,174.0,3.0,720.0,5.4,94.0,108.0,4.9,204.0,50.0,84.0,667.0,9.5,1.02,4.1,13.4,,,,,,,,1,0.0,0.0,True
2022_31041009,2,mujer,55,88.75,148.5,40.25,107.2,0.722,modulo_1,152.0,5.0,120.0,,,,,,,,,,,,,,,,,,,,1,,,False
2022_31041014,1,hombre,48,100.6,162.8,37.96,118.0,0.725,modulo_1,136.0,4.0,720.0,6.6,183.0,143.0,44.1,117.0,26.0,78.0,123.0,5.6,0.98,3.2,15.3,,,,,,,,1,1.0,1.0,True
2022_31041015,1,hombre,49,64.7,154.0,27.28,,,modulo_2,102.0,4.0,5940.0,,,,,,,,,,,,,,,,,,,,1,,,False
2022_31041020,2,mujer,46,83.3,151.0,36.53,107.5,0.712,modulo_1,161.0,4.0,390.0,6.9,127.0,151.0,47.0,136.0,48.0,68.0,170.0,4.0,0.47,3.0,14.7,52.3,13.1,6.4,0.98,1.0,227.0,28.3,1,1.0,1.0,True
2022_31041026,2,mujer,27,94.45,160.5,36.67,95.8,0.597,modulo_1,113.0,3.0,600.0,,,,,,,,,,,,,,,,,,,,1,,,False
2022_31041030,2,mujer,27,60.75,149.6,27.14,81.0,0.541,modulo_1,101.0,2.0,1140.0,,,,,,,,,,,,,,,,,,,,1,,,False
2022_31041031,2,mujer,49,56.7,149.9,25.23,87.0,0.58,modulo_1,110.0,2.0,980.0,5.3,91.0,105.0,4.8,129.0,45.0,85.0,37.0,2.5,0.45,3.8,13.4,62.1,19.5,6.9,0.12,0.7,226.0,16.0,1,0.0,0.0,True
2022_31050001,1,hombre,20,64.05,167.7,22.77,84.5,0.504,modulo_1,80.0,4.0,660.0,,,,,,,,,,,,,,,,,,,,0,,,False
2022_31050028,2,mujer,51,93.0,155.1,38.66,100.8,0.65,modulo_1,148.0,3.0,720.0,6.2,111.0,131.0,7.5,75.0,21.0,73.0,89.0,4.1,0.32,1.6,14.5,,,,,,,,1,0.0,1.0,True
2022_31050037,2,mujer,59,53.65,137.0,28.58,85.3,0.623,modulo_1,130.0,2.0,480.0,,,,,,,,,,,,,,,,,,,,1,,,False
2022_31050040,1,hombre,79,54.0,152.0,23.37,86.0,0.566,modulo_2,128.0,1.0,150.0,,,,,,,,,,,,,,,,,,,,1,,,False
2022_31050053,2,mujer,53,59.9,151.2,26.2,83.4,0.552,modulo_1,118.0,3.0,840.0,,,,,,,,,,,,,,,,,,,,1,,,False
2022_31050056,1,hombre,39,105.6,167.9,37.46,126.5,0.753,modulo_1,138.0,1.0,640.0,,,,,,,,,,,,,,,,,,,,1,,,False
2022_31050060,2,mujer,58,84.85,146.7,39.43,111.4,0.759,modulo_1,135.0,3.0,550.0,,,,,,,,,,,,,,,,,,,,1,,,False
2022_31050063,1,hombre,68,92.3,169.0,32.32,112.0,0.663,modulo_2,125.0,4.0,480.0,,,,,,,,,,,,,,,,,,,,0,,,False
2022_31050065,2,mujer,37,80.3,161.0,30.98,99.0,0.615,modulo_1,103.0,3.0,300.0,,,,,,,,,,,,,,,,,,,,1,,,False
2022_31050075,1,hombre,53,63.1,156.8,25.66,89.2,0.569,modulo_1,137.0,1.0,240.0,,,,,,,,,,,,,,,,,,,,1,,,False
2022_31050079,2,mujer,60,76.7,146.0,35.98,99.0,0.678,modulo_2,121.0,2.0,600.0,,,,,,,,,,,,,,,,,,,,0,,,False
2022_31050080,1,hombre,27,87.1,171.0,29.79,100.0,0.585,modulo_1,128.0,2.0,540.0,4.6,82.0,85.0,6.8,190.0,35.0,112.0,201.0,5.4,0.89,4.9,16.9,,,,,,,,1,0.0,0.0,True
2022_31050085,1,hombre,59,77.8,158.5,30.97,102.3,0.645,modulo_1,165.0,5.0,1020.0,10.0,255.0,240.0,4.8,242.0,32.0,100.0,710.0,7.5,0.81,3.5,13.4,,,,,,,,1,1.0,1.0,True
2022_31050088,1,hombre,44,110.6,177.0,35.3,119.4,0.675,modulo_1,128.0,3.0,780.0,,,,,,,,,,,,,,,,,,,,1,,,False
2022_31050089,1,hombre,58,82.1,165.4,30.01,103.5,0.626,modulo_1,159.0,3.0,600.0,6.0,118.0,126.0,10.0,164.0,37.0,105.0,85.0,5.8,0.84,4.4,12.7,,,,,,,,1,0.0,1.0,True
2022_31050094,1,hombre,62,86.45,160.3,33.64,103.5,0.646,modulo_2,158.0,2.0,240.0,,,,,,,,,,,,,,,,,,,,0,,,False
2022_31050097,2,mujer,66,59.95,150.0,26.64,98.2,0.655,modulo_2,113.0,3.0,960.0,,,,,,,,,,,,,,,,,,,,0,,,False
2022_31050098,1,hombre,54,92.35,173.4,30.71,101.5,0.585,modulo_1,152.0,3.0,600.0,,,,,,,,,,,,,,,,,,,,1,,,False
2022_31050102,1,hombre,63,55.0,155.0,22.89,81.8,0.528,modulo_2,140.0,2.0,900.0,5.6,102.0,114.0,15.7,114.0,37.0,72.0,146.0,5.8,0.77,2.9,15.8,,,,,,,,0,0.0,0.0,True
2022_31050103,1,hombre,20,62.85,158.5,25.02,82.2,0.519,modulo_1,125.0,4.0,195.0,,,,,,,,,,,,,,,,,,,,1,,,False
2022_31050104,2,mujer,63,58.3,143.2,28.43,90.1,0.629,modulo_2,157.0,1.0,180.0,,,,,,,,,,,,,,,,,,,,0,,,False
2022_31050105,2,mujer,57,59.3,152.4,25.53,86.7,0.569,modulo_1,108.0,2.0,180.0,,,,,,,,,,,,,,,,,,,,1,,,False
2022_31050106,2,mujer,17,85.55,155.8,35.24,,,modulo_1,115.0,4.0,300.0,,,,,,,,,,,,12.5,24.3,12.6,6.7,0.45,1.2,180.0,38.6,1,,,False
2022_31050108,2,mujer,40,100.6,149.4,45.07,111.4,0.746,modulo_1,101.0,2.0,300.0,,,,,,,,,,,,,,,,,,,,1,,,False
2022_31050109,2,mujer,68,78.3,143.0,38.29,114.0,0.797,modulo_2,143.0,1.0,270.0,,,,,,,,,,,,,,,,,,,,0,,,False
2022_31050111,2,mujer,54,67.25,137.9,35.36,103.0,0.747,modulo_1,118.0,1.0,300.0,,,,,,,,,,,,,,,,,,,,1,,,False
2022_31050114,2,mujer,51,56.15,142.0,27.85,90.0,0.634,modulo_1,125.0,4.0,720.0,5.5,106.0,111.0,11.5,118.0,51.0,62.0,136.0,3.6,0.57,3.5,14.5,,,,,,,,1,0.0,0.0,True
2022_31050120,2,mujer,59,63.15,140.5,31.99,96.5,0.687,modulo_1,132.0,3.0,400.0,,,,,,,,,,,,,,,,,,,,1,,,False
2022_31050127,2,mujer,37,76.8,160.0,30.0,87.0,0.544,modulo_1,111.0,2.0,450.0,,,,,,,,,,,,,,,,,,,,1,,,False
2022_31050128,2,mujer,24,95.3,152.0,41.25,120.5,0.793,modulo_1,135.0,2.0,120.0,,,,,,,,,,,,,,,,,,,,1,,,False
2022_31050129,2,mujer,42,55.05,144.9,26.22,,,modulo_1,88.0,3.0,420.0,5.3,77.0,105.0,5.3,150.0,45.0,78.0,135.0,3.8,0.58,4.1,12.5,28.9,26.2,8.3,0.15,1.0,210.0,29.8,0,0.0,0.0,True
2022_31050131,1,hombre,46,79.3,170.0,27.44,99.0,0.582,modulo_1,142.0,1.0,685.0,,,,,,,,,,,,,,,,,,,,1,,,False
2022_31052001,2,mujer,45,61.65,151.7,26.79,89.4,0.589,modulo_1,100.0,3.0,190.0,5.2,96.0,103.0,3.9,115.0,33.0,77.0,96.0,4.9,0.53,3.2,14.0,,,,,,,,0,0.0,0.0,True
2022_31052002,1,hombre,77,81.35,160.2,31.7,99.3,0.62,modulo_2,158.0,3.0,360.0,,,,,,,,,,,,,,,,,,,,0,,,False
2022_31052004,1,hombre,51,74.7,155.4,30.93,98.3,0.633,modulo_1,108.0,4.0,1440.0,,,,,,,,,,,,,,,,,,,,1,,,False
2022_31052005,1,hombre,60,66.0,153.3,28.08,87.0,0.568,modulo_2,146.0,4.0,420.0,,,,,,,,,,,,,,,,,,,,0,,,False
2022_31052007,1,hombre,80,53.85,141.8,26.78,93.0,0.656,modulo_2,153.0,5.0,600.0,4.8,90.0,91.0,4.2,142.0,48.0,79.0,94.0,5.6,0.69,3.4,13.0,,,,,,,,0,0.0,0.0,True
2022_31052009,1,hombre,33,82.0,163.7,30.6,99.5,0.608,modulo_1,114.0,3.0,660.0,,,,,,,,,,,,,,,,,,,,1,,,False
2022_31052010,1,hombre,35,80.1,159.6,31.45,101.5,0.636,modulo_1,144.0,4.0,510.0,5.5,99.0,111.0,16.9,228.0,34.0,118.0,536.0,4.2,0.66,4.2,13.7,,,,,,,,1,0.0,0.0,True
2022_31052011,1,hombre,83,80.4,155.0,33.47,112.0,0.723,modulo_2,128.0,3.0,210.0,,,,,,,,,,,,,,,,,,,,0,,,False
2022_31052015,2,mujer,33,94.4,148.9,42.58,119.0,0.799,modulo_1,128.0,4.0,630.0,,,,,,,,,,,,,,,,,,,,1,,,False
2022_31052016,2,mujer,60,98.95,145.0,47.06,120.0,0.828,modulo_2,150.0,4.0,270.0,6.7,120.0,146.0,3.0,212.0,51.0,129.0,204.0,5.0,0.49,3.5,13.4,,,,,,,,0,1.0,1.0,True
2022_31052020,1,hombre,69,78.9,147.2,36.41,107.7,0.732,modulo_2,131.0,3.0,300.0,11.7,246.0,289.0,15.3,177.0,46.0,112.0,127.0,2.8,0.77,4.1,13.7,,,,,,,,0,1.0,1.0,True
2022_31052024,1,hombre,58,80.0,156.0,32.87,112.0,0.718,modulo_1,161.0,2.0,450.0,,,,,,,,,,,,,,,,,,,,1,,,False
2022_31052025,2,mujer,52,52.6,144.5,25.19,91.0,0.63,modulo_1,141.0,3.0,120.0,7.6,118.0,171.0,53.2,133.0,32.0,90.0,131.0,3.4,0.38,2.8,12.3,,,,,,,,1,1.0,1.0,True
2022_31052027,2,mujer,46,67.65,138.6,35.22,106.0,0.765,modulo_1,108.0,3.0,420.0,,,,,,,,,,,,,,,,,,,,1,,,False
2022_31052029,2,mujer,60,75.15,143.0,36.75,,,modulo_2,134.0,4.0,495.0,,,,,,,,,,,,,,,,,,,,0,,,False
2022_31052034,2,mujer,47,68.2,144.6,32.62,95.5,0.66,modulo_1,132.0,4.0,390.0,,,,,,,,,,,,,,,,,,,,1,,,False
2022_31052036,2,mujer,63,52.35,145.6,24.69,86.4,0.593,modulo_2,121.0,1.0,150.0,,,,,,,,,,,,,,,,,,,,1,,,False
2022_31052038,2,mujer,32,55.55,144.5,26.6,84.5,0.585,modulo_1,128.0,2.0,300.0,,,,,,,,,,,,,,,,,,,,1,,,False
2022_31052039,1,hombre,66,81.15,156.6,33.09,112.0,0.715,modulo_2,147.0,3.0,210.0,,,,,,,,,,,,,,,,,,,,0,,,False
2022_31056002,2,mujer,44,73.85,139.0,38.22,95.0,0.683,modulo_1,126.0,2.0,440.0,9.5,278.0,226.0,10.4,162.0,33.0,111.0,140.0,1.9,0.43,3.4,13.8,21.2,20.8,4.1,1.37,1.4,563.0,27.6,1,1.0,1.0,True
2022_31056005,2,mujer,27,80.75,150.0,35.89,96.4,0.643,modulo_1,107.0,4.0,660.0,4.9,81.0,94.0,11.2,171.0,45.0,106.0,93.0,3.3,0.52,4.0,13.4,43.8,21.2,4.6,0.17,0.7,256.0,25.4,1,0.0,0.0,True
2022_31056007,2,mujer,83,64.7,154.0,27.28,,,modulo_2,160.0,2.0,660.0,,,,,,,,,,,,,,,,,,,,0,,,False
2022_31056010,2,mujer,56,76.9,154.0,32.43,100.0,0.649,modulo_1,118.0,4.0,380.0,,,,,,,,,,,,,,,,,,,,1,,,False
2022_31056011,2,mujer,83,62.85,144.2,30.23,101.7,0.705,modulo_2,135.0,3.0,720.0,,,,,,,,,,,,,,,,,,,,0,,,False
2022_31056015,1,hombre,63,81.05,165.0,29.77,165.0,1.0,modulo_2,165.0,4.0,480.0,5.5,92.0,111.0,7.8,168.0,30.0,124.0,145.0,8.0,0.88,3.5,16.0,,,,,,,,0,0.0,0.0,True
2022_31056027,1,hombre,34,64.35,149.3,28.87,88.7,0.594,modulo_1,123.0,4.0,270.0,4.8,89.0,91.0,9.5,147.0,31.0,100.0,181.0,7.3,0.66,4.0,14.6,,,,,,,,1,0.0,0.0,True
2022_31056033,2,mujer,49,82.05,152.7,35.19,111.0,0.727,modulo_1,128.0,3.0,120.0,5.8,106.0,120.0,11.5,118.0,51.0,62.0,136.0,3.6,0.57,3.5,12.9,12.5,24.8,5.4,0.18,1.1,219.0,39.5,1,0.0,1.0,True
2022_31056034,1,hombre,53,64.3,149.8,28.65,99.8,0.666,modulo_1,96.0,1.0,960.0,,,,,,,,,,,,,,,,,,,,0,,,False
2022_31056035,1,hombre,47,72.75,155.5,30.09,95.8,0.616,modulo_1,140.0,4.0,660.0,5.7,87.0,117.0,3.0,124.0,29.0,84.0,225.0,5.5,0.71,2.9,14.8,,,,,,,,1,0.0,1.0,True
2022_31079002,1,hombre,64,63.65,157.0,25.82,93.5,0.596,modulo_2,178.0,3.0,660.0,,,,,,,,,,,,,,,,,,,,0,,,False
2022_31079005,2,mujer,43,46.9,143.7,22.71,83.0,0.578,modulo_1,140.0,1.0,470.0,,,,,,,,,,,,11.5,284.3,12.5,7.9,0.22,1.5,264.0,25.6,0,,,False
2022_31079009,2,mujer,50,66.1,137.7,34.86,106.2,0.771,modulo_1,181.0,3.0,330.0,11.0,257.0,269.0,14.9,158.0,36.0,94.0,170.0,3.0,0.58,3.8,14.7,,,,,,,,1,1.0,1.0,True
2022_31079012,2,mujer,23,70.3,160.3,27.36,84.7,0.528,modulo_1,108.0,4.0,540.0,5.1,92.0,100.0,4.0,164.0,39.0,99.0,98.0,3.6,0.51,4.2,14.3,36.6,24.7,3.8,0.39,1.1,583.0,25.6,1,0.0,0.0,True
2022_31079014,2,mujer,57,52.3,137.2,27.78,85.7,0.625,modulo_1,123.0,4.0,120.0,,,,,,,,,,,,,,,,,,,,1,,,False
2022_31079015,2,mujer,57,45.55,151.6,19.82,69.5,0.458,modulo_1,129.0,4.0,240.0,,,,,,,,,,,,,,,,,,,,0,,,False
2022_31079019,2,mujer,71,37.7,142.3,18.62,64.2,0.451,modulo_2,136.0,5.0,300.0,,,,,,,,,,,,,,,,,,,,0,,,False
2022_31079020,2,mujer,52,51.55,150.0,22.91,77.0,0.513,modulo_1,129.0,4.0,430.0,5.0,82.0,97.0,2.4,211.0,56.0,140.0,97.0,3.8,0.62,4.2,14.9,,,,,,,,0,0.0,0.0,True
2022_31079022,1,hombre,76,65.2,169.0,22.83,92.3,0.546,modulo_2,131.0,4.0,600.0,,,,,,,,,,,,,,,,,,,,0,,,False
2022_31079026,2,mujer,47,63.65,150.2,28.21,93.6,0.623,modulo_1,130.0,3.0,540.0,,,,,,,,,,,,,,,,,,,,1,,,False
2022_31079028,1,hombre,15,58.2,153.7,24.64,,,modulo_1,115.0,4.0,400.0,,,,,,,,,,,,,,,,,,,,0,,,False
2022_31079030,2,mujer,44,66.8,150.0,29.69,96.0,0.64,modulo_1,103.0,3.0,300.0,,,,,,,,,,,,,,,,,,,,1,,,False
2022_31079032,1,hombre,34,92.4,160.0,36.09,111.3,0.696,modulo_1,116.0,1.0,721.0,,,,,,,,,,,,,,,,,,,,1,,,False
2022_31079033,1,hombre,34,65.5,166.0,23.77,87.0,0.524,modulo_1,100.0,5.0,620.0,,,,,,,,,,,,,,,,,,,,0,,,False
2022_31098003,2,mujer,54,55.8,142.0,27.67,86.0,0.606,modulo_1,123.0,3.0,240.0,,,,,,,,,,,,,,,,,,,,1,,,False
2022_31098006,1,hombre,33,78.4,161.0,30.25,98.0,0.609,modulo_1,107.0,3.0,720.0,5.5,76.0,111.0,16.2,173.0,40.0,114.0,132.0,6.2,0.96,3.7,15.5,,,,,,,,1,0.0,0.0,True
2022_31098007,2,mujer,56,70.3,146.0,32.98,105.0,0.719,modulo_1,132.0,4.0,110.0,12.5,237.0,312.0,3.8,193.0,54.0,118.0,155.0,3.4,0.55,3.4,14.4,,,,,,,,1,1.0,1.0,True
2022_31098015,2,mujer,70,59.95,145.5,28.32,86.1,0.592,modulo_2,96.0,2.0,600.0,5.0,83.0,97.0,10.5,164.0,48.0,105.0,111.0,3.7,0.44,3.6,14.5,,,,,,,,0,0.0,0.0,True
2022_31098016,2,mujer,66,68.55,145.7,32.29,86.1,0.591,modulo_2,137.0,4.0,130.0,,,,,,,,,,,,,,,,,,,,1,,,False
2022_31098017,2,mujer,58,65.7,135.7,35.68,104.8,0.772,modulo_1,170.0,3.0,210.0,,,,,,,,,,,,,,,,,,,,1,,,False
2022_31098018,2,mujer,26,41.85,154.2,17.6,,,modulo_1,101.0,4.0,600.0,,,,,,,,,,,,,,,,,,,,0,,,False
2022_31098019,2,mujer,60,93.05,154.1,39.18,119.4,0.775,modulo_2,134.0,2.0,480.0,10.2,138.0,246.0,20.6,70.0,28.0,25.0,110.0,5.8,1.4,2.7,12.4,,,,,,,,0,1.0,1.0,True
2022_31098022,2,mujer,33,61.95,140.7,31.29,,,modulo_1,107.0,4.0,195.0,,,,,,,,,,,,,,,,,,,,1,,,False
2022_31098023,2,mujer,47,69.7,148.4,31.65,99.2,0.668,modulo_1,106.0,3.0,645.0,5.3,75.0,105.0,8.9,117.0,25.0,62.0,189.0,3.4,0.54,2.9,13.2,16.7,20.9,6.4,0.23,1.1,165.0,34.5,1,0.0,0.0,True
2022_31098025,2,mujer,22,72.2,147.8,33.05,98.4,0.666,modulo_1,133.0,5.0,270.0,,,,,,,,,,,,,,,,,,,,1,,,False
2022_31098027,2,mujer,48,86.3,154.1,36.34,113.2,0.735,modulo_1,114.0,3.0,180.0,,,,,,,,,,,,,,,,,,,,1,,,False
2022_31098030,1,hombre,60,61.65,150.0,27.4,90.0,0.6,modulo_2,151.0,2.0,690.0,,,,,,,,,,,,,,,,,,,,0,,,False
2022_31098031,2,mujer,47,44.15,140.0,22.53,68.0,0.486,modulo_1,84.0,4.0,120.0,5.2,63.0,103.0,1.7,142.0,49.0,79.0,72.0,2.6,0.6,3.1,15.2,73.8,25.5,10.1,0.09,0.9,323.0,27.1,1,0.0,0.0,True
2022_31098032,2,mujer,32,58.1,151.0,25.48,80.0,0.53,modulo_1,157.0,2.0,380.0,5.2,98.0,103.0,63.2,147.0,39.0,39.0,166.0,4.3,0.63,3.2,13.1,20.8,17.8,5.3,0.2,0.8,347.0,27.8,1,0.0,0.0,True
2022_31101002,2,mujer,41,56.65,150.0,25.18,80.0,0.533,modulo_1,128.0,3.0,345.0,,,,,,,,,,,,,,,,,,,,1,,,False
2022_31101006,2,mujer,48,60.75,143.0,29.71,90.6,0.634,modulo_1,101.0,1.0,120.0,,,,,,,,,,,,,,,,,,,,1,,,False
2022_31101008,1,hombre,42,90.35,159.8,35.38,113.2,0.708,modulo_1,132.0,3.0,810.0,5.2,85.0,103.0,17.5,149.0,25.0,85.0,257.0,6.2,0.86,4.1,15.8,,,,,,,,1,0.0,0.0,True
2022_31101009,2,mujer,68,55.7,137.0,29.68,95.0,0.693,modulo_2,173.0,5.0,300.0,8.5,180.0,197.0,3.5,139.0,31.0,78.0,214.0,4.5,0.56,2.8,12.9,,,,,,,,0,1.0,1.0,True
2022_31101015,2,mujer,36,77.05,149.8,34.34,149.8,1.0,modulo_1,100.0,4.0,240.0,5.3,84.0,105.0,13.1,158.0,35.0,100.0,167.0,4.9,0.61,3.8,11.9,5.1,10.1,9.5,0.33,2.0,175.0,34.6,0,0.0,0.0,True
2022_31101019,1,hombre,55,55.0,150.0,24.44,77.0,0.513,modulo_1,131.0,2.0,240.0,5.6,85.0,114.0,10.4,107.0,56.0,40.0,90.0,4.0,0.47,2.9,14.0,,,,,,,,0,0.0,0.0,True
2022_31101021,1,hombre,20,110.45,170.0,38.22,116.0,0.682,modulo_1,119.0,2.0,840.0,4.9,68.0,94.0,24.9,108.0,29.0,65.0,212.0,5.3,0.8,4.1,16.0,,,,,,,,1,0.0,0.0,True
2022_31101023,2,mujer,52,76.45,151.0,33.53,97.0,0.642,modulo_1,120.0,4.0,290.0,5.6,83.0,1114.0,7.0,128.0,37.0,67.0,218.0,5.8,0.49,2.6,12.8,,,,,,,,1,0.0,0.0,True
2022_31101024,2,mujer,33,50.05,144.2,24.07,74.3,0.515,modulo_1,105.0,3.0,210.0,,,,,,,,,,,,,,,,,,,,0,,,False
2022_31101025,2,mujer,31,62.26,142.8,30.53,88.3,0.618,modulo_1,129.0,2.0,540.0,,,,,,,,,,,,,,,,,,,,1,,,False
2022_31101028,2,mujer,52,63.75,138.6,33.19,98.1,0.708,modulo_1,117.0,2.0,300.0,,,,,,,,,,,,,,,,,,,,1,,,False
2022_31101030,1,hombre,53,90.05,161.0,34.74,103.5,0.643,modulo_1,161.0,2.0,520.0,,,,,,,,,,,,,,,,,,,,1,,,False
2022_32010003,1,hombre,22,61.5,174.0,20.31,,,modulo_1,115.0,4.0,600.0,,,,,,,,,,,,,,,,,,,,0,,,False
2022_32010004,1,hombre,88,66.4,152.0,28.74,96.3,0.634,modulo_1,115.0,5.0,60.0,,,,,,,,,,,,,,,,,,,,1,,,False
2022_32010006,1,hombre,56,91.0,173.2,30.34,109.7,0.633,modulo_1,163.0,2.0,90.0,,,,,,,,,,,,,,,,,,,,1,,,False
2022_32010008,2,mujer,49,59.55,148.0,27.19,97.5,0.659,modulo_1,105.0,4.0,60.0,5.0,79.0,97.0,5.3,112.0,43.0,52.0,90.0,4.2,0.74,3.2,13.2,8.4,23.5,9.15,0.22,1.6,200.0,29.8,1,0.0,0.0,True
2022_32010015,2,mujer,52,60.5,147.9,27.66,89.8,0.607,modulo_1,120.0,5.0,760.0,5.2,79.0,103.0,11.2,130.0,25.0,63.0,208.0,3.6,0.42,3.3,14.0,,,,,,,,1,0.0,0.0,True
2022_32010019,1,hombre,49,70.75,162.0,26.96,102.0,0.63,modulo_1,132.0,3.0,600.0,,,,,,,,,,,,,,,,,,,,1,,,False
2022_32010023,1,hombre,21,61.9,177.2,19.71,75.4,0.426,modulo_1,117.0,4.0,256.0,,,,,,,,,,,,,,,,,,,,0,,,False
2022_32010025,2,mujer,27,129.15,157.6,52.0,130.6,0.829,modulo_1,112.0,3.0,930.0,,,,,,,,,,,,15.1,19.9,6.1,8.63,1.2,1.0,223.0,22.4,1,,,False
2022_32017002,1,hombre,58,98.85,181.1,30.14,106.4,0.588,modulo_1,139.0,5.0,345.0,5.7,86.0,117.0,7.2,179.0,29.0,77.0,332.0,5.5,0.8,3.2,14.2,,,,,,,,1,0.0,1.0,True
2022_32017017,2,mujer,45,74.95,160.0,29.28,98.7,0.617,modulo_1,111.0,3.0,700.0,5.4,67.0,108.0,6.0,89.0,28.0,52.0,52.0,3.2,0.51,2.9,15.3,49.8,18.4,7.69,0.16,1.0,583.0,27.7,1,0.0,0.0,True
2022_32017020,2,mujer,64,72.1,157.1,29.21,97.1,0.618,modulo_2,135.0,3.0,540.0,5.4,76.0,108.0,2.9,135.0,52.0,68.0,75.0,2.5,0.5,3.2,14.6,,,,,,,,0,0.0,0.0,True
2022_32017026,2,mujer,20,50.4,160.4,19.59,72.6,0.453,modulo_1,120.0,4.0,660.0,,,,,,,,,,,,14.1,32.5,22.8,6.08,0.04,0.4,444.0,21.4,0,,,False
2022_32017032,1,hombre,25,71.55,174.5,23.5,85.0,0.487,modulo_1,128.0,3.0,480.0,,,,,,,,,,,,,,,,,,,,0,,,False
2022_32017037,1,hombre,45,75.9,165.8,27.61,95.3,0.575,modulo_1,142.0,1.0,615.0,4.8,75.0,91.0,13.3,99.0,33.0,44.0,145.0,3.7,0.74,3.2,16.2,,,,,,,,1,0.0,0.0,True
2022_32017038,1,hombre,49,70.15,154.0,29.58,100.1,0.65,modulo_1,138.0,4.0,255.0,,,,,,,,,,,,,,,,,,,,1,,,False
2022_32017043,2,mujer,46,69.2,152.5,29.76,102.0,0.669,modulo_1,109.0,4.0,210.0,,,,,,,,,,,,,,,,,,,,1,,,False
2022_32017049,2,mujer,46,40.4,147.9,18.47,66.1,0.447,modulo_1,83.0,4.0,750.0,5.2,71.0,103.0,1.8,90.0,33.0,49.0,58.0,3.4,0.57,2.3,12.9,14.1,10.2,10.56,0.02,1.0,86.0,14.6,1,0.0,0.0,True
2022_32017050,2,mujer,36,71.35,153.3,30.36,91.8,0.599,modulo_1,125.0,4.0,60.0,,,,,,,,,,,,,,,,,,,,1,,,False
2022_32017052,2,mujer,63,62.6,158.8,24.82,76.0,0.479,modulo_1,104.0,4.0,315.0,,,,,,,,,,,,,,,,,,,,0,,,False
2022_32017055,2,mujer,31,55.85,156.2,22.89,77.8,0.498,modulo_1,113.0,4.0,255.0,5.4,109.0,108.0,11.3,181.0,49.0,111.0,95.0,3.5,0.63,4.4,12.2,3.6,14.3,7.03,0.2,2.7,151.0,24.4,0,0.0,0.0,True
2022_32017056,1,hombre,55,72.6,161.0,28.01,107.0,0.665,modulo_1,149.0,5.0,960.0,,,,,,,,,,,,,,,,,,,,1,,,False
2022_32017057,1,hombre,38,71.1,158.0,28.48,97.0,0.614,modulo_1,157.0,4.0,240.0,,,,,,,,,,,,,,,,,,,,1,,,False
2022_32023008,1,hombre,50,79.95,165.0,29.37,110.1,0.667,modulo_1,105.0,4.0,240.0,,,,,,,,,,,,,,,,,,,,1,,,False
2022_32023011,1,hombre,51,60.4,163.3,22.65,85.5,0.524,modulo_1,131.0,4.0,360.0,,,,,,,,,,,,,,,,,,,,0,,,False
2022_32023013,2,mujer,53,68.05,168.1,24.08,86.0,0.512,modulo_1,143.0,3.0,780.0,5.4,72.0,108.0,2.8,172.0,42.0,98.0,129.0,2.4,0.6,3.5,13.2,,,,,,,,0,0.0,0.0,True
2022_32023015,2,mujer,35,83.3,161.3,32.02,99.0,0.614,modulo_1,102.0,5.0,420.0,,,,,,,,,,,,,,,,,,,,1,,,False
2022_32023018,1,hombre,29,82.7,172.0,27.95,90.5,0.526,modulo_1,121.0,3.0,930.0,5.1,99.0,100.0,10.2,147.0,50.0,80.0,92.0,4.6,0.88,4.0,15.9,,,,,,,,1,0.0,0.0,True
2022_32023022,1,hombre,70,69.95,161.5,26.82,98.2,0.608,modulo_2,134.0,4.0,780.0,5.2,107.0,103.0,4.5,96.0,27.0,65.0,58.0,4.6,0.6,2.5,13.5,,,,,,,,0,0.0,0.0,True
2022_32023025,2,mujer,55,82.1,161.4,31.52,103.7,0.643,modulo_1,124.0,4.0,630.0,,,,,,,,,,,,,,,,,,,,1,,,False
2022_32024003,2,mujer,36,93.15,156.4,38.08,115.0,0.735,modulo_1,109.0,4.0,455.0,,,,,,,,,,,,,,,,,,,,1,,,False
2022_32024006,2,mujer,58,82.85,150.6,36.53,117.3,0.779,modulo_1,142.0,5.0,240.0,,,,,,,,,,,,,,,,,,,,1,,,False
2022_32024009,2,mujer,49,77.65,156.6,31.66,92.3,0.589,modulo_1,200.0,4.0,680.0,,,,,,,,,,,,,,,,,,,,1,,,False
2022_32024011,2,mujer,48,76.85,167.0,27.56,97.0,0.581,modulo_1,126.0,3.0,890.0,,,,,,,,,,,,,,,,,,,,1,,,False
2022_32024016,1,hombre,48,76.75,172.2,25.88,96.0,0.557,modulo_1,122.0,3.0,600.0,5.6,122.0,114.0,12.4,209.0,53.0,123.0,117.0,5.6,0.84,4.2,17.1,,,,,,,,1,0.0,0.0,True
2022_32024023,2,mujer,49,75.4,154.5,31.59,104.5,0.676,modulo_1,132.0,2.0,320.0,5.3,105.0,105.0,4.0,203.0,42.0,120.0,125.0,4.5,0.65,3.9,15.4,21.8,39.2,7.83,0.13,1.6,216.0,28.5,1,0.0,0.0,True
2022_32035002,1,hombre,59,107.1,179.6,33.2,119.0,0.663,modulo_1,125.0,3.0,780.0,,,,,,,,,,,,,,,,,,,,1,,,False
2022_32036008,1,hombre,34,93.0,165.5,33.95,104.4,0.631,modulo_1,144.0,5.0,390.0,,,,,,,,,,,,,,,,,,,,1,,,False
2022_32036012,1,hombre,45,71.45,169.5,24.87,91.3,0.539,modulo_1,146.0,3.0,180.0,,,,,,,,,,,,,,,,,,,,1,,,False
2022_32036013,2,mujer,35,63.75,160.4,24.78,81.2,0.506,modulo_1,98.0,4.0,210.0,5.4,72.0,108.0,5.9,108.0,32.0,60.0,74.0,3.4,0.51,3.1,14.6,10.6,10.3,8.89,0.02,1.0,194.0,22.8,1,0.0,0.0,True
2022_32036014,1,hombre,66,84.65,168.7,29.74,108.4,0.643,modulo_2,188.0,4.0,210.0,5.6,71.0,114.0,5.6,121.0,28.0,70.0,97.0,7.3,1.32,3.0,17.0,,,,,,,,0,0.0,0.0,True
2022_32036016,1,hombre,59,77.05,162.4,29.21,105.0,0.647,modulo_1,150.0,4.0,240.0,,,,,,,,,,,,,,,,,,,,1,,,False
2022_32036019,2,mujer,29,61.25,158.0,24.54,85.0,0.538,modulo_1,103.0,3.0,130.0,,,,,,,,,,,,,,,,,,,,1,,,False
2022_32036023,2,mujer,38,52.65,152.0,22.79,74.9,0.493,modulo_1,112.0,4.0,540.0,4.9,72.0,94.0,4.1,113.0,38.0,112.9,58.0,2.2,0.42,3.3,14.2,26.0,17.9,6.83,0.12,1.1,232.0,29.7,0,0.0,0.0,True
2022_32036028,2,mujer,36,91.9,157.1,37.24,109.0,0.694,modulo_1,116.0,5.0,765.0,4.9,96.0,94.0,7.4,150.0,37.0,89.0,116.0,3.8,0.5,4.0,14.6,22.5,14.9,5.5,0.38,1.1,439.0,25.1,1,0.0,0.0,True
2022_32039004,1,hombre,32,85.6,166.9,30.73,100.7,0.603,modulo_1,134.0,4.0,135.0,5.0,85.0,97.0,8.7,304.0,41.0,159.0,644.0,7.5,0.91,4.3,17.1,,,,,,,,1,0.0,0.0,True
2022_32039014,1,hombre,37,67.85,168.0,24.04,88.7,0.528,modulo_1,129.0,4.0,960.0,,,,,,,,,,,,,,,,,,,,0,,,False
2022_32039018,1,hombre,61,71.25,171.0,24.37,89.5,0.523,modulo_2,163.0,4.0,660.0,5.1,94.0,100.0,11.0,188.0,53.0,109.0,109.0,4.4,0.81,4.0,14.8,,,,,,,,0,0.0,0.0,True
2022_32039019,2,mujer,67,82.55,152.8,35.36,116.0,0.759,modulo_2,132.0,4.0,420.0,,,,,,,,,,,,,,,,,,,,0,,,False
2022_32039021,2,mujer,49,59.35,152.5,25.52,91.4,0.599,modulo_1,114.0,3.0,60.0,,,,,,,,,,,,13.2,40.7,25.6,7.46,3.03,1.0,218.0,24.1,1,,,False
2022_32039024,1,hombre,37,89.7,179.5,27.84,99.5,0.554,modulo_1,126.0,4.0,470.0,5.4,94.0,108.0,13.8,205.0,43.0,137.0,127.0,7.1,0.78,4.4,17.2,,,,,,,,1,0.0,0.0,True
2022_32040001,1,hombre,49,73.65,163.9,27.42,100.5,0.613,modulo_1,127.0,4.0,390.0,5.0,100.0,97.0,7.5,178.0,40.0,117.0,155.0,5.9,0.86,4.8,16.0,,,,,,,,1,0.0,0.0,True
2022_32040007,2,mujer,46,52.35,153.7,22.16,81.5,0.53,modulo_1,132.0,4.0,120.0,5.5,87.0,111.0,4.8,209.0,55.0,128.0,99.0,4.6,0.69,4.1,13.7,21.5,12.4,9.77,0.57,1.1,137.0,35.0,1,0.0,0.0,True
2022_32040012,2,mujer,44,72.4,148.5,32.83,105.5,0.71,modulo_1,124.0,4.0,495.0,5.5,105.0,111.0,18.8,197.0,37.0,133.0,154.0,5.7,0.62,4.1,12.7,5.7,15.8,4.5,0.07,2.0,480.0,27.2,1,0.0,0.0,True
2022_32040015,1,hombre,65,73.15,169.1,25.58,106.0,0.627,modulo_2,124.0,5.0,450.0,6.1,107.0,128.0,17.1,202.0,36.0,138.0,151.0,6.6,0.69,4.1,19.1,,,,,,,,1,0.0,1.0,True
2022_32040019,1,hombre,59,82.3,162.3,31.24,107.8,0.664,modulo_1,170.0,3.0,840.0,5.3,96.0,105.0,5.7,227.0,38.0,130.0,381.0,7.9,0.73,4.5,15.9,,,,,,,,1,0.0,0.0,True
2022_32040021,1,hombre,63,64.65,163.4,24.21,97.0,0.594,modulo_2,143.0,3.0,760.0,11.3,250.0,278.0,1.8,219.0,62.0,120.0,183.0,2.3,0.72,4.4,16.7,,,,,,,,1,1.0,1.0,True
2022_32040022,1,hombre,53,71.65,176.1,23.1,92.9,0.528,modulo_1,135.0,4.0,900.0,,,,,,,,,,,,,,,,,,,,0,,,False
2022_32040023,2,mujer,42,103.0,159.8,40.34,120.7,0.755,modulo_1,,2.0,300.0,5.4,,108.0,20.4,165.0,50.0,74.0,189.0,5.0,0.56,4.0,14.5,57.4,7.5,5.81,2.06,1.1,794.0,23.4,1,0.0,0.0,True
2022_32040026,1,hombre,43,66.2,149.5,29.62,96.8,0.647,modulo_1,130.0,2.0,120.0,5.3,93.0,105.0,14.4,150.0,28.0,86.0,212.0,6.3,0.9,3.9,15.0,,,,,,,,1,0.0,0.0,True
2022_32040027,2,mujer,26,63.25,161.4,24.28,82.2,0.509,modulo_1,112.0,5.0,280.0,,,,,,,,,,,,,,,,,,,,0,,,False
2022_32040029,1,hombre,70,115.35,167.0,41.36,134.7,0.807,modulo_2,157.0,1.0,420.0,,,,,,,,,,,,17.2,,,,,,,,0,,,False
2022_32052001,1,hombre,57,70.6,176.8,22.59,89.6,0.507,modulo_1,130.0,4.0,840.0,,,,,,,,,,,,,,,,,,,,0,,,False
2022_32052003,2,mujer,32,77.05,157.9,30.9,93.6,0.593,modulo_1,99.0,4.0,540.0,5.2,95.0,103.0,7.2,178.0,82.0,69.0,85.0,7.1,0.69,4.0,14.0,33.4,17.8,5.05,0.16,0.8,1337.0,21.3,0,0.0,0.0,True
2022_32052010,2,mujer,49,66.75,155.5,27.61,101.9,0.655,modulo_1,115.0,3.0,870.0,5.2,256.0,103.0,3.2,115.0,31.0,93.0,104.0,3.3,0.22,2.2,12.8,,,,,,,,1,0.0,0.0,True
2022_32052012,2,mujer,78,86.5,154.7,36.14,119.3,0.771,modulo_2,125.0,4.0,405.0,,,,,,,,,,,,,,,,,,,,0,,,False
2022_32052014,2,mujer,19,41.75,147.3,19.24,,,modulo_1,115.0,2.0,705.0,,,,,,,,,,,,,,,,,,,,0,,,False
2022_32052015,2,mujer,32,57.95,159.5,22.78,74.5,0.467,modulo_1,112.0,4.0,705.0,,,,,,,,,,,,,,,,,,,,0,,,False
2022_32052016,2,mujer,38,77.8,158.0,31.16,,,modulo_1,118.0,1.0,240.0,9.5,173.0,226.0,3.2,279.0,28.0,205.9,347.0,2.2,0.36,2.3,10.6,10.6,15.2,2.32,1.23,1.6,176.0,18.0,1,1.0,1.0,True
2022_32052018,1,hombre,66,88.7,168.5,31.24,101.0,0.599,modulo_2,134.0,4.0,240.0,5.1,85.0,100.0,4.4,136.0,35.0,136.0,93.0,4.4,0.82,4.0,15.7,,,,,,,,0,0.0,0.0,True
2022_32052020,1,hombre,47,79.65,173.1,26.58,98.8,0.571,modulo_1,136.0,1.0,510.0,5.0,96.0,97.0,12.0,182.0,43.0,99.0,159.0,9.2,0.75,4.0,15.6,,,,,,,,1,0.0,0.0,True
2022_32052026,2,mujer,27,75.35,150.4,33.31,89.3,0.594,modulo_1,112.0,4.0,240.0,5.2,64.0,103.0,12.7,76.0,27.0,54.0,72.0,3.4,0.35,1.8,11.5,4.7,18.4,6.11,0.28,1.1,262.0,24.4,1,0.0,0.0,True
2022_32052027,2,mujer,44,78.35,165.6,28.57,86.4,0.522,modulo_1,140.0,3.0,260.0,,,,,,,,,,,,13.9,8.6,15.2,7.7,0.34,1.2,190.0,15.8,1,,,False
2022_32052030,1,hombre,20,100.0,167.0,35.86,,,modulo_1,115.0,4.0,150.0,,,,,,,,,,,,,,,,,,,,1,,,False
2022_32052031,2,mujer,41,71.25,152.3,30.72,96.0,0.63,modulo_1,136.0,4.0,150.0,,,,,,,,,,,,14.1,29.2,16.9,7.5,0.36,0.8,437.0,16.3,1,,,False
2022_32052036,1,hombre,85,75.65,162.8,28.54,105.4,0.647,modulo_2,136.0,3.0,483.0,6.2,61.0,131.0,4.7,,,28.0,71.0,2.5,0.33,1.5,15.4,,,,,,,,0,0.0,1.0,True
2022_32052037,1,hombre,50,76.95,165.5,28.09,97.5,0.589,modulo_1,120.0,4.0,160.0,5.1,85.0,100.0,5.3,195.0,24.0,91.0,914.0,3.6,0.84,3.6,15.5,,,,,,,,1,0.0,0.0,True
2022_32052042,2,mujer,49,73.8,155.9,30.36,102.5,0.657,modulo_1,139.0,4.0,690.0,5.2,70.0,103.0,5.7,164.0,35.0,95.0,130.0,3.6,0.48,3.5,15.3,129.7,19.5,7.94,0.65,0.8,303.0,27.7,1,0.0,0.0,True
2022_32052043,2,mujer,66,67.1,158.2,26.81,96.8,0.612,modulo_2,189.0,2.0,250.0,,,,,,,,,,,,,,,,,,,,0,,,False
2022_32053004,2,mujer,34,81.1,146.8,37.63,115.0,0.783,modulo_1,,5.0,310.0,5.4,75.0,108.0,10.0,88.0,22.0,55.0,74.0,5.0,0.35,2.1,14.2,38.7,25.3,10.66,0.89,1.2,110.0,20.8,1,0.0,0.0,True
2022_32053007,2,mujer,22,70.95,156.0,29.15,98.0,0.628,modulo_1,101.0,3.0,180.0,,,,,,,,,,,,,,,,,,,,1,,,False
2022_32053011,1,hombre,56,83.55,165.8,30.39,110.2,0.665,modulo_1,138.0,2.0,360.0,5.4,80.0,108.0,10.8,123.0,32.0,66.0,133.0,3.9,0.79,3.2,16.2,,,,,,,,1,0.0,0.0,True
2022_32053013,2,mujer,57,65.7,152.7,28.18,87.5,0.573,modulo_1,132.0,3.0,180.0,,,,,,,,,,,,,,,,,,,,1,,,False
2022_32053018,1,hombre,60,89.6,159.1,35.4,99.2,0.624,modulo_2,126.0,3.0,570.0,,,,,,,,,,,,,,,,,,,,0,,,False
2022_32053021,2,mujer,54,60.0,154.2,25.23,80.7,0.523,modulo_1,125.0,2.0,440.0,,,,,,,,,,,,,,,,,,,,1,,,False
2022_32053022,1,hombre,42,80.1,172.5,26.92,94.3,0.547,modulo_1,128.0,2.0,870.0,5.1,73.0,100.0,3.8,173.0,37.0,96.0,134.0,5.2,0.84,3.8,16.7,,,,,,,,1,0.0,0.0,True
2022_32053024,1,hombre,60,80.8,172.5,27.15,100.9,0.585,modulo_2,193.0,3.0,780.0,,,,,,,,,,,,,,,,,,,,0,,,False
2022_32053026,2,mujer,50,68.5,154.0,28.88,101.7,0.66,modulo_1,107.0,4.0,640.0,13.5,266.0,341.0,3.3,215.0,32.0,90.0,537.0,3.0,0.58,3.7,15.0,,,,,,,,1,1.0,1.0,True
2022_32053027,1,hombre,27,110.25,184.5,32.39,104.5,0.566,modulo_1,139.0,1.0,840.0,5.0,84.0,97.0,7.8,148.0,30.0,90.0,154.0,6.7,0.92,3.6,15.9,,,,,,,,1,0.0,0.0,True
2022_32053029,2,mujer,58,75.85,160.9,29.3,,,modulo_1,108.0,3.0,50.0,,,,,,,,,,,,,,,,,,,,1,,,False
2022_32053032,2,mujer,47,75.6,155.0,31.47,106.5,0.687,modulo_1,94.0,3.0,240.0,10.7,240.0,260.0,7.0,150.0,25.0,90.0,241.0,3.2,0.56,2.8,16.1,23.2,26.5,4.16,0.02,0.9,437.0,21.6,1,1.0,1.0,True
2022_32056004,2,mujer,40,,138.0,,,,modulo_1,115.0,3.0,378.0,5.3,56.0,105.0,6.7,76.0,27.0,44.0,71.0,2.0,0.32,1.9,12.9,45.4,10.4,7.95,0.58,1.1,286.0,11.4,0,0.0,0.0,True
2022_32056009,2,mujer,61,97.15,170.0,33.62,119.0,0.7,modulo_2,185.0,3.0,450.0,,,,,,,,,,,,,,,,,,,,0,,,False
2022_32056012,2,mujer,74,63.65,159.8,24.93,88.2,0.552,modulo_2,137.0,3.0,930.0,5.2,93.0,103.0,5.0,208.0,50.0,108.9,135.0,6.3,0.59,3.8,14.6,,,,,,,,0,0.0,0.0,True
2022_32056019,2,mujer,62,64.25,160.5,24.94,77.8,0.485,modulo_2,125.0,4.0,280.0,,,,,,,,,,,,,,,,,,,,0,,,False
2022_32056024,1,hombre,39,56.25,168.4,19.84,80.0,0.475,modulo_1,130.0,4.0,780.0,,,,,,,,,,,,,,,,,,,,0,,,False
2022_32056026,2,mujer,69,71.2,148.6,32.24,,,modulo_2,147.0,4.0,300.0,5.3,70.0,105.0,14.1,74.0,21.0,44.0,230.0,2.9,0.34,1.9,15.9,,,,,,,,0,0.0,0.0,True
2022_32056029,1,hombre,67,68.2,167.7,24.25,96.4,0.575,modulo_2,108.0,2.0,240.0,5.3,89.0,105.0,6.1,171.0,44.0,96.0,207.0,5.5,0.8,4.0,17.6,,,,,,,,0,0.0,0.0,True
2022_32056030,2,mujer,56,69.15,161.4,26.55,98.0,0.607,modulo_1,100.0,4.0,300.0,,,,,,,,,,,,,,,,,,,,0,,,False
